system:index,NDVI_01_Jan,NDVI_02_Feb,NDVI_03_Mar,NDVI_04_Apr,NDVI_05_May,NDVI_06_Jun,NDVI_07_Jul,NDVI_08_Aug,NDVI_09_Sep,NDVI_10_Oct,NDVI_11_Nov,NDVI_12_Dec,NDVI_Max,NDVI_Mean,NDVI_Min,NDVI_StdDev,class,.geo
0_0,0.5483871,0.7112087,0.6043053,0.22082192,0.3351342,0.73838043,0.7393641,0.40126768,-0.098417066,0.18459229,0.01953125,-0.15369262,0.7393641,0.35424027,-0.15369262,0.30924884250757556,1,"{""type"":""MultiPoint"",""coordinates"":[]}"
1_0,0.36835235,0.3711672,0.34126487,0.22466382,0.29197198,0.4386087,0.45263553,0.47010615,0.39127374,0.12888199,0.089321695,0.04261796,0.47010615,0.3009055,0.04261796,0.14049287187262893,1,"{""type"":""MultiPoint"",""coordinates"":[]}"
2_0,0.40912053,0.44658083,0.43248883,0.3392435,0.33595285,0.5014749,0.57234144,0.5268173,0.4640565,0.18998273,0.21626016,0.06451613,0.57234144,0.374903,0.06451613,0.14552925368694405,1,"{""type"":""MultiPoint"",""coordinates"":[]}"
3_0,0.38933527,0.47764707,0.49449125,0.41185185,0.5891806,0.66765577,0.7464549,0.5879241,0.80939096,0.4141643,0.6915681,0.5363725,0.80939096,0.56800306,0.38933527,0.13250720874586838,1,"{""type"":""MultiPoint"",""coordinates"":[]}"
4_0,0.2778716,0.7386101,0.6079132,0.31196055,0.24015749,0.67096776,0.7429655,0.38371548,0.045177046,-0.31190926,0.24986567,-0.22052705,0.7429655,0.31139734,-0.31190926,0.33460396347770793,1,"{""type"":""MultiPoint"",""coordinates"":[]}"
5_0,0.26708075,0.7132964,0.7189534,0.3011104,0.21879484,0.5798733,0.82836163,0.3325967,0.03192848,-0.3639775,-0.19567356,-0.30120483,0.82836163,0.26092833,-0.3639775,0.3888145924306399,1,"{""type"":""MultiPoint"",""coordinates"":[]}"
6_0,0.46176708,0.5802587,0.50967413,0.17261387,0.48803765,0.5769543,0.5902404,0.3576489,0.31994644,0.14849095,0.3399117,0.23000497,0.5902404,0.39796242,0.14849095,0.1525380277257487,1,"{""type"":""MultiPoint"",""coordinates"":[]}"
7_0,0.7279261,0.78868437,0.668534,0.15602094,0.48174942,0.71163315,0.837318,0.43773696,-0.33131313,-0.47180346,-0.33919156,-0.39240506,0.837318,0.27290747,-0.47180346,0.49682799176087833,1,"{""type"":""MultiPoint"",""coordinates"":[]}"
8_0,0.72049856,0.8406765,0.6758458,0.17816684,0.49307775,0.8396688,0.85139245,0.38374057,-0.6098765,-0.015873017,-0.45048544,-0.37592137,0.85139245,0.29424256,-0.6098765,0.5173790013018776,1,"{""type"":""MultiPoint"",""coordinates"":[]}"
9_0,0.5911215,0.76667154,0.798547,0.7358322,0.87977314,0.8677718,0.8846847,0.86275405,-0.2014904,-0.14349277,0.22025098,0.37921906,0.8846847,0.55347025,-0.2014904,0.3816554973915516,1,"{""type"":""MultiPoint"",""coordinates"":[]}"
10_0,0.4407788,0.41973907,0.42217246,0.32357553,0.47997972,0.34455445,0.5099027,0.53945696,0.5168666,0.41122565,0.64474636,0.51135737,0.64474636,0.4636963,0.32357553,0.08503974712604111,1,"{""type"":""MultiPoint"",""coordinates"":[]}"
11_0,0.48992443,0.6949316,0.63300973,0.2811894,0.45150608,0.7018849,0.7525247,0.28756675,0.48333332,0.0021482278,0.049362175,0.33333334,0.7525247,0.43005955,0.0021482278,0.2373397226931978,1,"{""type"":""MultiPoint"",""coordinates"":[]}"
12_0,0.73948437,0.8465449,0.58219445,0.1716698,0.19946273,0.72679573,0.8308925,0.37318256,-0.2166998,-0.09163347,-0.2535306,-0.22453223,0.8465449,0.3069859,-0.2535306,0.4152032786175475,1,"{""type"":""MultiPoint"",""coordinates"":[]}"
13_0,0.357212,0.82578397,0.6797683,0.15016393,0.14450589,0.69654113,0.7479688,0.42075577,-0.5270108,-0.10803324,-0.10929368,-0.18502203,0.82578397,0.25777835,-0.5270108,0.41582164915595987,1,"{""type"":""MultiPoint"",""coordinates"":[]}"
14_0,0.5922523,0.63150287,0.47063234,0.17836387,0.15781818,0.49459255,0.69555676,0.3361284,-0.35827875,-0.05019815,-0.32137734,-0.2790445,0.69555676,0.21232904,-0.35827875,0.3697078041631327,1,"{""type"":""MultiPoint"",""coordinates"":[]}"
15_0,0.8063063,0.7932238,0.46735635,0.39495525,0.8242207,0.8458044,0.36515152,0.43197027,0.44872728,0.28014615,0.4872074,0.3960747,0.8458044,0.5450953,0.28014615,0.19936175799000952,1,"{""type"":""MultiPoint"",""coordinates"":[]}"
16_0,0.5762456,0.6345857,0.5347447,0.54818016,0.6977025,0.74299514,0.6292019,0.60444653,0.7131222,0.5688231,0.5343203,0.44785276,0.74299514,0.60268503,0.44785276,0.0820135331539196,1,"{""type"":""MultiPoint"",""coordinates"":[]}"
17_0,0.75158,0.7722202,0.585737,0.43966126,0.809223,0.7537538,0.4523135,0.41167775,0.58997315,0.24240865,0.77235,0.56898105,0.809223,0.5958233,0.24240865,0.17360605455196304,1,"{""type"":""MultiPoint"",""coordinates"":[]}"
18_0,0.46742457,0.7360321,0.60897714,0.1340861,0.6197183,0.8132939,0.7631036,0.18188679,0.7886811,0.7818577,0.50536585,0.1323788,0.8132939,0.5444005,0.1323788,0.25161879184512187,1,"{""type"":""MultiPoint"",""coordinates"":[]}"
19_0,0.43911752,0.75570035,0.608088,0.14316624,0.7123415,0.88527775,0.78239936,0.19971469,0.8,0.8094371,0.58570784,0.1288621,0.88527775,0.5708177,0.1288621,0.264922934663723,1,"{""type"":""MultiPoint"",""coordinates"":[]}"
20_0,0.43803057,0.7318454,0.59375,0.12941177,0.65331626,0.8413425,0.74528486,0.12482663,0.7594554,0.78810513,0.5518976,0.09831182,0.8413425,0.5379648,0.09831182,0.2648474327124277,1,"{""type"":""MultiPoint"",""coordinates"":[]}"
21_0,0.7733752,0.74649394,0.35313937,0.18976684,0.7415882,0.8251299,0.72476166,0.32917038,0.36335722,0.3377542,-0.09125841,0.2778108,0.8251299,0.46425745,-0.09125841,0.27774387386777094,1,"{""type"":""MultiPoint"",""coordinates"":[]}"
22_0,0.7686735,0.74407077,0.33706468,0.15539663,0.6748224,0.81752664,0.7074848,0.28971004,0.3644068,-0.23986381,-0.1588785,0.21841411,0.81752664,0.38990232,-0.23986381,0.34513895169339187,1,"{""type"":""MultiPoint"",""coordinates"":[]}"
23_0,0.7612403,0.71906173,0.34869772,0.1463651,0.70975876,0.77015215,0.66778266,0.3480041,0.31956258,-0.3068483,-0.17827868,0.21334173,0.77015215,0.37657,-0.3068483,0.3506418379282769,1,"{""type"":""MultiPoint"",""coordinates"":[]}"
24_0,0.3313253,0.56767315,0.5639247,0.325,0.26838234,0.35241893,0.45033303,0.59115005,0.72323954,0.13337989,0.37820268,0.2707802,0.72323954,0.41298416,0.13337989,0.16194279566301692,1,"{""type"":""MultiPoint"",""coordinates"":[]}"
25_0,0.3974563,0.7813026,0.7292514,0.24264787,0.12759644,0.14845024,0.5715577,0.7675105,0.6969259,-0.04728012,0.26672173,0.29560086,0.7813026,0.41481176,-0.04728012,0.27306826457900313,1,"{""type"":""MultiPoint"",""coordinates"":[]}"
26_0,0.38004074,0.74015856,0.7284923,0.30799475,0.22261484,0.16391554,0.55654496,0.7463639,0.69078827,-0.13152985,0.39007092,0.30409816,0.7463639,0.42496276,-0.13152985,0.263478952828127,1,"{""type"":""MultiPoint"",""coordinates"":[]}"
27_0,0.7862138,0.8169239,0.5627365,0.2783648,0.2631579,0.8037984,0.7915014,0.27005962,0.36956522,-0.05673158,0.11878453,0.09156453,0.8169239,0.42466158,-0.05673158,0.30175154639895085,1,"{""type"":""MultiPoint"",""coordinates"":[]}"
28_0,0.59411436,0.6886766,0.55780345,0.3735698,0.4686993,0.6159153,0.6664956,0.55475116,0.6164003,0.45863515,0.6561788,0.45736122,0.6886766,0.5590501,0.3735698,0.09510685907902322,1,"{""type"":""MultiPoint"",""coordinates"":[]}"
29_0,0.7214161,0.7949833,0.56976914,0.30075595,0.1991183,0.7331982,0.8105715,0.48081714,0.4418198,0.1442869,0.21674877,0.17941177,0.8105715,0.46607473,0.1442869,0.24519614717090404,1,"{""type"":""MultiPoint"",""coordinates"":[]}"
30_0,0.46151507,0.55841845,0.4994213,0.36717948,0.46561444,0.5136769,0.71597636,0.51693666,0.70953965,0.59394854,0.5785838,0.4231003,0.71597636,0.5336592,0.36717948,0.10085646125432508,1,"{""type"":""MultiPoint"",""coordinates"":[]}"
31_0,0.4636744,0.6221712,0.59006214,0.27733096,0.33506763,0.6630584,0.73128206,0.32625,0.45823306,0.6750096,0.62909895,0.34164256,0.73128206,0.50940675,0.27733096,0.15396531859903206,1,"{""type"":""MultiPoint"",""coordinates"":[]}"
32_0,0.47938144,0.7380121,0.6834491,0.28776726,0.27613294,0.8458957,0.7299056,0.20647773,0.4217531,0.4596323,0.6283186,0.118320614,0.8458957,0.4895872,0.118320614,0.2260418840268701,1,"{""type"":""MultiPoint"",""coordinates"":[]}"
33_0,0.2070886,0.20449117,0.2040239,0.4225445,0.21185046,0.370868,0.49131945,0.35187212,0.4100295,0.50163937,0.48453608,0.4315277,0.50163937,0.35764924,0.2040239,0.11485726644457345,1,"{""type"":""MultiPoint"",""coordinates"":[]}"
34_0,0.2073678,0.2572929,0.16666667,0.5391417,0.1827957,0.5981471,0.69878656,0.53742516,0.5336179,0.5757383,0.40359282,0.45663896,0.69878656,0.42976764,0.16666667,0.1749289542517831,1,"{""type"":""MultiPoint"",""coordinates"":[]}"
35_0,0.18241154,0.5621871,0.6978417,0.577298,0.20872274,0.79293877,0.86185104,0.64754283,0.098187946,-0.2665872,0.24452391,0.39827287,0.86185104,0.41709927,-0.2665872,0.31825848115017713,1,"{""type"":""MultiPoint"",""coordinates"":[]}"
36_0,0.21995465,0.44877607,0.7135955,0.6993221,0.17377049,0.21524288,0.5933676,0.81999445,0.6075857,-0.28695652,-0.2,0.17223407,0.81999445,0.3480739,-0.28695652,0.34355436157322305,1,"{""type"":""MultiPoint"",""coordinates"":[]}"
37_0,0.5518958,0.8082494,0.7278681,0.19028798,0.30640668,0.8181818,0.8214876,0.4723104,-0.4201389,0.06260575,-0.42413792,-0.31340405,0.8214876,0.3001344,-0.42413792,0.46212070196918553,1,"{""type"":""MultiPoint"",""coordinates"":[]}"
38_0,0.75465316,0.84611404,0.64752185,0.27873182,0.21881935,0.5272109,0.7873418,0.7041157,0.15097691,-0.0394633,-0.42007434,-0.011159631,0.84611404,0.37039903,-0.42007434,0.3849782141248925,1,"{""type"":""MultiPoint"",""coordinates"":[]}"
39_0,0.5826377,0.752505,0.6457825,0.25744388,0.21990585,0.7137488,0.80394274,0.56337655,0.22235067,-0.113071375,0.08564678,0.20994475,0.80394274,0.41201782,-0.113071375,0.28680550722236914,1,"{""type"":""MultiPoint"",""coordinates"":[]}"
40_0,0.5991635,0.8088044,0.6667608,0.26367232,0.15117502,0.6931964,0.81091726,0.5058682,0.08594195,-0.24809384,-0.13703099,0.16524702,0.81091726,0.36380184,-0.24809384,0.35010931639247367,1,"{""type"":""MultiPoint"",""coordinates"":[]}"
41_0,0.3075,0.45340732,0.41120943,0.2617756,0.21018277,0.4826555,0.59174097,0.41956422,0.16391462,0.09675631,0.068797775,0.25971502,0.59174097,0.31060162,0.068797775,0.15594152168407968,1,"{""type"":""MultiPoint"",""coordinates"":[]}"
42_0,0.8027344,0.8383998,0.5916277,0.44007716,0.29258975,0.41194075,0.8470642,0.7105809,0.38275585,0.022491967,0.16077739,0.17582962,0.8470642,0.47307247,0.022491967,0.2718666409567784,1,"{""type"":""MultiPoint"",""coordinates"":[]}"
43_0,0.6985138,0.7760143,0.5434555,0.32697004,0.3105874,0.43501866,0.79652846,0.688196,0.40440097,0.19686113,0.35350758,0.2752271,0.79652846,0.4837734,0.19686113,0.20015026674006647,1,"{""type"":""MultiPoint"",""coordinates"":[]}"
44_0,0.79261506,0.8572126,0.58893377,0.38744634,0.18132855,0.46446407,0.85301834,0.71456265,0.2979298,0.040162273,0.18652424,0.09831985,0.8572126,0.4552098,0.040162273,0.28796679628471067,1,"{""type"":""MultiPoint"",""coordinates"":[]}"
45_0,0.20889749,0.31291234,0.25993738,0.22486201,0.18220702,0.39855897,0.46220472,0.36966,0.22557172,0.11727932,0.22623967,0.2283569,0.46220472,0.2680573,0.11727932,0.09474737015442836,1,"{""type"":""MultiPoint"",""coordinates"":[]}"
46_0,0.31803036,0.6460229,0.56580096,0.39613605,0.29044348,0.6740218,0.79940414,0.57506305,0.50845456,0.4611083,0.29386157,0.33526197,0.79940414,0.48863408,0.29044348,0.16038845392956616,1,"{""type"":""MultiPoint"",""coordinates"":[]}"
47_0,0.3013493,0.67603827,0.58123064,0.3950178,0.29411766,0.63513076,0.7829852,0.5818099,0.5161413,0.47386172,0.3857351,0.4427423,0.7829852,0.5055133,0.29411766,0.14503060091870873,1,"{""type"":""MultiPoint"",""coordinates"":[]}"
48_0,0.22982062,0.39769375,0.49321914,0.32210526,0.17073171,0.6387552,0.74627995,0.5280795,0.17691942,0.40630662,0.11290322,0.24216144,0.74627995,0.3720813,0.11290322,0.19091768691471817,1,"{""type"":""MultiPoint"",""coordinates"":[]}"
49_0,0.22571428,0.5763784,0.59375,0.500776,0.27702948,0.6958119,0.82648873,0.6165698,0.13421053,0.089497045,0.19904077,0.19362745,0.82648873,0.4107412,0.089497045,0.23966072511115435,1,"{""type"":""MultiPoint"",""coordinates"":[]}"
50_0,0.26984128,0.56807923,0.5466102,0.38496932,0.3286302,0.60349095,0.6740201,0.48377997,0.23896104,-0.02700524,0.2635423,0.20341296,0.6740201,0.37819436,-0.02700524,0.19479670580425226,1,"{""type"":""MultiPoint"",""coordinates"":[]}"
51_0,0.35868853,0.36580086,0.38384846,0.30676553,0.37234414,0.3837429,0.47837314,0.5290934,0.4932856,0.42334095,0.17041522,0.3955653,0.5290934,0.38843867,0.17041522,0.08946051725142812,1,"{""type"":""MultiPoint"",""coordinates"":[]}"
52_0,0.500998,0.4127777,0.50793445,0.2871233,0.27617007,0.2982935,0.35,0.28361934,0.4097561,0.5365194,0.48163584,0.6222369,0.6222369,0.41392204,0.27617007,0.11140686886190926,1,"{""type"":""MultiPoint"",""coordinates"":[]}"
53_0,0.6058111,0.41975307,0.5868488,0.2714036,0.3298647,0.29793146,0.4385801,0.3930921,0.41580757,0.6122901,0.7275607,0.75826395,0.75826395,0.48810062,0.2714036,0.15782279532249244,1,"{""type"":""MultiPoint"",""coordinates"":[]}"
54_0,0.45372716,0.6081464,0.5446626,0.48496044,0.5403791,0.6999185,0.64028054,0.55288684,0.2747253,0.5950997,0.4932638,0.51585364,0.6999185,0.5336587,0.2747253,0.10272365688083746,1,"{""type"":""MultiPoint"",""coordinates"":[]}"
55_0,0.4480667,0.7377,0.61439043,0.38465893,0.12971291,0.74354005,0.8062213,0.50439024,0.13357401,-0.13313845,-0.113065325,0.14582561,0.8062213,0.36682305,-0.13313845,0.3161473559218006,1,"{""type"":""MultiPoint"",""coordinates"":[]}"
56_0,0.60302716,0.78083324,0.6462638,0.40912646,0.30172965,0.7631357,0.8064159,0.51385736,0.14759536,-0.31665996,-0.086107925,0.20186113,0.8064159,0.39758983,-0.31665996,0.3439288802389465,1,"{""type"":""MultiPoint"",""coordinates"":[]}"
57_0,0.3015612,0.61066854,0.65056384,0.5498691,0.35649756,0.59746337,0.7033342,0.6218507,0.78107846,0.6802791,0.34558305,0.55342185,0.78107846,0.5626809,0.3015612,0.14552310814520117,1,"{""type"":""MultiPoint"",""coordinates"":[]}"
58_0,0.37412935,0.76603997,0.72459745,0.41180542,0.2981776,0.80730134,0.7930649,0.27134404,0.13135593,-0.20082815,-0.2622108,-0.28005466,0.80730134,0.3195602,-0.28005466,0.39200200083402925,1,"{""type"":""MultiPoint"",""coordinates"":[]}"
59_0,0.4907033,0.784103,0.67093074,0.25995448,0.34295335,0.84985197,0.8291069,0.21264823,0.13401149,-0.29460582,-0.35172415,0.11769211,0.84985197,0.33713546,-0.35172415,0.3898956673673796,1,"{""type"":""MultiPoint"",""coordinates"":[]}"
60_0,0.74460745,0.71567583,0.29860464,0.15925926,0.73103243,0.8507138,0.69667214,0.3490566,0.254306,-0.13274336,-0.2613909,0.13034111,0.8507138,0.37801126,-0.2613909,0.35347932584424596,1,"{""type"":""MultiPoint"",""coordinates"":[]}"
61_0,0.73596793,0.6545682,0.3139657,0.22333449,0.7782527,0.87348723,0.7259669,0.3378429,0.14285715,-0.15734266,-0.28266034,0.16659583,0.87348723,0.37606966,-0.28266034,0.3633248297508786,1,"{""type"":""MultiPoint"",""coordinates"":[]}"
62_0,0.68576103,0.6802995,0.49910507,0.45412645,0.63093925,0.6892585,0.7403967,0.49817568,0.20255063,0.7039228,0.43786666,0.5169689,0.7403967,0.5616143,0.20255063,0.14959148003558567,1,"{""type"":""MultiPoint"",""coordinates"":[]}"
63_0,0.42998353,0.41201654,0.36271188,0.43386647,0.580126,0.5586959,0.57178843,0.5427418,0.72690606,0.6530662,0.60893273,0.504629,0.72690606,0.532122,0.36271188,0.10292893275034144,1,"{""type"":""MultiPoint"",""coordinates"":[]}"
64_0,0.7539662,0.7534984,0.35366186,0.25850663,0.1881041,0.61019814,0.77360517,0.66899246,0.27389798,0.6010216,0.3144208,0.36041358,0.77360517,0.4925239,0.1881041,0.21132831201076063,1,"{""type"":""MultiPoint"",""coordinates"":[]}"
65_0,0.77208835,0.7740471,0.3281768,0.25369686,0.18147685,0.615099,0.8393701,0.6998072,0.019141914,0.16015325,0.16343491,0.12541254,0.8393701,0.41099206,0.019141914,0.29074118893610246,1,"{""type"":""MultiPoint"",""coordinates"":[]}"
66_0,0.72322124,0.78420836,0.63803077,0.44323736,0.5499813,0.8005497,0.8144451,0.667587,0.26833978,-0.1572595,0.47047618,0.3363465,0.8144451,0.5282636,-0.1572595,0.270245346736939,1,"{""type"":""MultiPoint"",""coordinates"":[]}"
67_0,0.7876815,0.8213875,0.64002204,0.26397368,0.35694444,0.8207347,0.8032787,0.49396944,-0.19409762,-0.39726028,-0.22758621,0.24444444,0.8213875,0.36779103,-0.39726028,0.4231333952441352,1,"{""type"":""MultiPoint"",""coordinates"":[]}"
68_0,0.24476796,0.6030813,0.5447638,0.33180103,0.16896302,0.7689946,0.80796254,0.54779035,0.19160838,-0.25639567,-0.19055118,0.22738267,0.80796254,0.33251408,-0.25639567,0.32492752450818385,1,"{""type"":""MultiPoint"",""coordinates"":[]}"
69_0,0.66334593,0.7223658,0.32080328,0.22810932,0.51186746,0.62757176,0.8054304,0.20674428,0.20900321,0.75545853,0.111979164,0.058512647,0.8054304,0.4350993,0.058512647,0.26184134794212094,1,"{""type"":""MultiPoint"",""coordinates"":[]}"
70_0,0.63001484,0.72931296,0.31982476,0.19492063,0.7279542,0.650623,0.7582177,0.30774552,0.34058276,0.7619451,0.37796807,0.17152104,0.7619451,0.49755254,0.17152104,0.22174701432143765,1,"{""type"":""MultiPoint"",""coordinates"":[]}"
71_0,0.5804588,0.72046226,0.30549586,0.24008575,0.54461294,0.6870229,0.7998459,0.26801154,0.41530818,0.2887828,0.4647343,0.17378734,0.7998459,0.45738405,0.17378734,0.1997517066716097,1,"{""type"":""MultiPoint"",""coordinates"":[]}"
72_0,0.7653359,0.81437343,0.6498219,0.19876543,0.62872714,0.8013038,0.81718284,0.17744154,0.56207365,0.3624313,0.111794874,0.28714612,0.81718284,0.5146998,0.111794874,0.2599072711961688,1,"{""type"":""MultiPoint"",""coordinates"":[]}"
73_0,0.7712713,0.82550335,0.6575096,0.20508054,0.62352145,0.7432624,0.8277938,0.18723038,0.58339405,0.21652421,0.08571429,0.29741302,0.8277938,0.5020182,0.08571429,0.26940882750635575,1,"{""type"":""MultiPoint"",""coordinates"":[]}"
74_0,0.738505,0.7880091,0.6509434,0.20476772,0.7233645,0.8443983,0.82016605,0.20665453,0.64047617,0.6301693,0.16080937,0.3225526,0.8443983,0.56090134,0.16080937,0.24925680460082858,1,"{""type"":""MultiPoint"",""coordinates"":[]}"
75_0,0.12552653,0.25383306,0.24508196,0.10935739,0.16261837,0.33514616,0.4084942,0.32764044,0.4921739,0.2805861,0.38274464,0.2949576,0.4921739,0.2848467,0.10935739,0.11030309464358605,1,"{""type"":""MultiPoint"",""coordinates"":[]}"
76_0,0.453922,0.8389451,0.7463084,0.16323619,0.44463086,0.86509275,0.8434238,0.18744053,-0.31318682,-0.15441364,-0.048330843,-0.11330409,0.86509275,0.32614702,-0.31318682,0.4129887745773562,1,"{""type"":""MultiPoint"",""coordinates"":[]}"
77_0,0.17670158,0.7234908,0.7010794,0.5550109,0.29883137,0.7669297,0.8127907,0.22038445,0.20475562,-0.16536704,-0.10556622,-0.2812211,0.8127907,0.32565168,-0.2812211,0.36830734941557275,1,"{""type"":""MultiPoint"",""coordinates"":[]}"
78_0,0.28770113,0.47455415,0.38951224,0.18957871,0.37139258,0.6252101,0.6661857,0.2937725,0.39762703,0.23651452,0.50978476,0.20652173,0.6661857,0.38736293,0.18957871,0.15014904754177658,1,"{""type"":""MultiPoint"",""coordinates"":[]}"
79_0,0.29316548,0.84872925,0.6379676,0.17985612,0.21939586,0.69201905,0.8688283,0.18523581,0.0031308704,-0.20197044,0.0738255,0.0013605442,0.8688283,0.31679532,-0.20197044,0.34202589913013115,1,"{""type"":""MultiPoint"",""coordinates"":[]}"
80_0,0.32386947,0.40565276,0.36157024,0.3174792,0.40817845,0.37872547,0.34390694,0.45354912,0.29718876,0.5600178,0.5020048,0.42293155,0.5600178,0.39792287,0.29718876,0.07511252833129861,1,"{""type"":""MultiPoint"",""coordinates"":[]}"
81_0,0.40243256,0.45171425,0.43729663,0.43637916,0.5016495,0.66121227,0.60939264,0.45858586,0.7258753,0.73006684,0.42105263,0.6428458,0.73006684,0.53987527,0.40243256,0.11937747794072935,1,"{""type"":""MultiPoint"",""coordinates"":[]}"
82_0,0.43930042,0.38564903,0.36393806,0.44333157,0.71623266,0.6570122,0.7275246,0.7457213,0.6316472,0.46586826,0.64990383,0.43032593,0.7457213,0.5547046,0.36393806,0.13902967594227825,1,"{""type"":""MultiPoint"",""coordinates"":[]}"
83_0,0.24895833,0.25396827,0.29233316,0.2791802,0.4967136,0.3595092,0.4401378,0.5457014,0.280908,0.17269461,0.34446564,0.20425029,0.5457014,0.32656837,0.17269461,0.11056958552686964,1,"{""type"":""MultiPoint"",""coordinates"":[]}"
84_0,0.17431192,0.68114877,0.59500444,0.3929078,0.14926134,0.17224199,0.3106893,0.55885196,0.29788783,0.3403218,0.4028753,0.4589061,0.68114877,0.37786737,0.14926134,0.1652268769578569,1,"{""type"":""MultiPoint"",""coordinates"":[]}"
85_0,0.18306878,0.6556495,0.5693566,0.37121633,0.2006003,0.3127585,0.31210807,0.5536062,0.32784638,0.29717878,0.41601562,0.5304348,0.6556495,0.39415333,0.18306878,0.14527418290765798,1,"{""type"":""MultiPoint"",""coordinates"":[]}"
86_0,0.24098825,0.4353562,0.49184325,0.5384132,0.36399132,0.33697695,0.38418078,0.5573466,0.4828525,0.3010681,0.35170603,0.45118192,0.5573466,0.41132542,0.24098825,0.09330491097559858,1,"{""type"":""MultiPoint"",""coordinates"":[]}"
87_0,0.57495654,0.66818875,0.5667451,0.4426413,0.7944873,0.8419278,0.7207977,0.542785,0.5990434,0.32731253,0.41972476,0.43454894,0.8419278,0.57776326,0.32731253,0.15101420534896132,1,"{""type"":""MultiPoint"",""coordinates"":[]}"
88_0,0.76420695,0.8330382,0.6053312,0.19860253,0.49706745,0.8664677,0.8688751,0.24220222,0.23099415,-0.37489325,-0.112391934,0.13218123,0.8688751,0.39597347,-0.37489325,0.39133842998772056,1,"{""type"":""MultiPoint"",""coordinates"":[]}"
89_0,0.65957445,0.7535762,0.5393193,0.21409214,0.4812058,0.6683375,0.8518877,0.2224919,0.5685841,0.25706738,0.28164557,0.33461168,0.8518877,0.4860328,0.21409214,0.21193388623784915,1,"{""type"":""MultiPoint"",""coordinates"":[]}"
90_0,0.25258622,0.27180618,0.23752409,0.28821725,0.21499014,0.80361444,0.84737086,0.19440915,0.1482036,0.7004152,0.7609816,0.2942607,0.84737086,0.41786495,0.1482036,0.25947209503012303,1,"{""type"":""MultiPoint"",""coordinates"":[]}"
91_0,0.33333334,0.35261288,0.303718,0.26948357,0.40241307,0.796766,0.774467,0.23389356,0.52066624,0.785626,0.7690923,0.44399497,0.796766,0.4988389,0.23389356,0.2126114523217694,1,"{""type"":""MultiPoint"",""coordinates"":[]}"
92_0,0.4100165,0.35148364,0.32400548,0.4414867,0.49631247,0.542395,0.6209021,0.5480366,0.5460857,0.5438882,0.68956745,0.50181866,0.68956745,0.50133324,0.32400548,0.1013474401170664,1,"{""type"":""MultiPoint"",""coordinates"":[]}"
93_0,0.76311624,0.87104386,0.66241413,0.12790698,0.41839984,0.30478126,0.8394082,0.34533057,-0.4288372,-0.42783946,-0.058177825,-0.12795858,0.87104386,0.27413234,-0.4288372,0.44468617109827496,1,"{""type"":""MultiPoint"",""coordinates"":[]}"
94_0,0.6364788,0.6764741,0.532072,0.36719975,0.5444215,0.28953528,0.6904352,0.5006559,0.17580993,-0.31965274,0.42997274,0.4558304,0.6904352,0.41493607,-0.31965274,0.26581993003269955,1,"{""type"":""MultiPoint"",""coordinates"":[]}"
95_0,0.65404296,0.8214326,0.62801355,0.107169256,0.473531,0.37326202,0.7602267,0.24380705,-0.2736602,-0.5692795,-0.19038077,0.008039922,0.8214326,0.25301704,-0.5692795,0.4258735771097819,1,"{""type"":""MultiPoint"",""coordinates"":[]}"
96_0,0.736945,0.81986266,0.61504906,0.22195207,0.7244123,0.8741475,0.7533207,0.22606924,0.7290478,0.6483361,0.597414,0.19144058,0.8741475,0.5948331,0.19144058,0.23270219688239321,1,"{""type"":""MultiPoint"",""coordinates"":[]}"
97_0,0.668335,0.8159579,0.6256656,0.22885069,0.77140933,0.88485783,0.73936605,0.2674536,0.7223596,0.7012987,0.5643625,0.2775486,0.88485783,0.6056221,0.22885069,0.21609258299944756,1,"{""type"":""MultiPoint"",""coordinates"":[]}"
98_0,0.7098574,0.827248,0.63268584,0.27231294,0.75079423,0.88543713,0.75653553,0.1725041,0.7430101,0.6835981,0.58204603,0.20442632,0.88543713,0.60170466,0.1725041,0.235908417220181,1,"{""type"":""MultiPoint"",""coordinates"":[]}"
99_0,0.78142333,0.8087425,0.30147058,0.41482967,0.49970868,0.35086244,0.70786875,0.44251627,0.10222222,0.11020408,0.05157401,0.36960602,0.8087425,0.41175237,0.05157401,0.245755570747658,1,"{""type"":""MultiPoint"",""coordinates"":[]}"
100_0,0.8002027,0.81091595,0.26248452,0.24025755,0.4629825,0.37959865,0.7748521,0.44673276,0.19644839,-0.025125628,0.094076656,0.45648786,0.81091595,0.40832618,-0.025125628,0.26436030717329334,1,"{""type"":""MultiPoint"",""coordinates"":[]}"
101_0,0.5572113,0.53659177,0.46087393,0.285611,0.3485855,0.39058414,0.29860228,0.37598848,0.23628977,0.33276376,0.42490843,0.21952699,0.5572113,0.37229478,0.21952699,0.1037043318995954,1,"{""type"":""MultiPoint"",""coordinates"":[]}"
102_0,0.7444489,0.7893086,0.49278092,0.24168126,0.46956378,0.35784754,0.7740901,0.47346658,0.08078503,-0.29351184,0.2326923,0.20250522,0.7893086,0.38047153,-0.29351184,0.3029181169154463,1,"{""type"":""MultiPoint"",""coordinates"":[]}"
103_0,0.80540663,0.8500543,0.5762712,0.15943086,0.41093293,0.38001606,0.8528661,0.16517857,0.32356256,-0.46393973,-0.12993039,-0.08017908,0.8528661,0.32080585,-0.46393973,0.3984311186196049,1,"{""type"":""MultiPoint"",""coordinates"":[]}"
104_0,0.7895597,0.8327035,0.54977375,0.17183314,0.44467354,0.46741235,0.8700722,0.1750646,0.32392776,-0.31317493,-0.15005477,-0.10140524,0.8700722,0.33836547,-0.31317493,0.3779740348565183,1,"{""type"":""MultiPoint"",""coordinates"":[]}"
105_0,0.77395,0.80409473,0.5134719,0.20944993,0.30883896,0.23268086,0.796495,0.2769716,0.23479491,-0.36807278,0.35846373,0.4227707,0.80409473,0.3803258,-0.36807278,0.3130221086053719,1,"{""type"":""MultiPoint"",""coordinates"":[]}"
106_0,0.7200211,0.77147555,0.52645934,0.2858969,0.61621374,0.311054,0.7816203,0.38456634,0.5658996,0.517607,0.6981728,0.6517078,0.7816203,0.56922454,0.2858969,0.16328036124434514,1,"{""type"":""MultiPoint"",""coordinates"":[]}"
107_0,0.75512594,0.7798658,0.5107617,0.21418919,0.3882979,0.2766259,0.7992895,0.2713568,0.5032258,-0.22690438,0.48424986,0.4772548,0.7992895,0.43611157,-0.22690438,0.27532223954869284,1,"{""type"":""MultiPoint"",""coordinates"":[]}"
108_0,0.51242423,0.31484938,0.2541698,0.15084621,0.83090234,0.6491413,0.88914025,0.31301484,0.15872203,-0.2513369,-0.014098201,-0.056583818,0.88914025,0.3125993,-0.2513369,0.3377056228614009,1,"{""type"":""MultiPoint"",""coordinates"":[]}"
109_0,0.5622565,0.3135915,0.28658172,0.24711597,0.71558243,0.6013272,0.849032,0.25811002,0.4221358,0.58474576,0.1728302,0.21125942,0.849032,0.43538073,0.1728302,0.21188574564936077,1,"{""type"":""MultiPoint"",""coordinates"":[]}"
110_0,0.5524342,0.4667105,0.32460064,0.3928434,0.6529793,0.5294962,0.63641757,0.50421685,0.49177024,0.513089,0.4293381,0.4398827,0.6529793,0.49448156,0.32460064,0.09013233001217134,1,"{""type"":""MultiPoint"",""coordinates"":[]}"
111_0,0.23570432,0.2339097,0.20055582,-0.08735632,0.5152992,0.45585263,0.90616286,0.18663763,-0.2897196,-0.62971985,-0.28950158,-0.27655986,0.90616286,0.096772075,-0.62971985,0.4098604178103098,1,"{""type"":""MultiPoint"",""coordinates"":[]}"
112_0,0.21965243,0.21063751,0.19303268,-0.07640825,0.44615385,0.2796227,0.9027007,0.17361939,0.098981075,-0.6421053,-0.3319672,-0.27674624,0.9027007,0.09976445,-0.6421053,0.38159985037183625,1,"{""type"":""MultiPoint"",""coordinates"":[]}"
113_0,0.2989087,0.3199334,0.24304175,0.1465587,0.45592147,0.44214317,0.7000732,0.24363162,0.46680412,0.3999058,0.1591449,0.11434782,0.7000732,0.33253455,0.11434782,0.1618509658401426,1,"{""type"":""MultiPoint"",""coordinates"":[]}"
114_0,0.11528695,0.08721687,0.10058188,0.07318308,0.06887884,0.13121095,0.09385422,0.15513834,0.050914485,0.045900602,0.215,0.12172212,0.215,0.104907356,0.045900602,0.04553500407035011,1,"{""type"":""MultiPoint"",""coordinates"":[]}"
115_0,0.23887467,0.23556231,0.24413508,0.20029062,0.25874126,0.27766225,0.45446914,0.46345732,0.44873098,0.33128735,0.45776793,0.37293234,0.46345732,0.3319926,0.20029062,0.09779185662529738,1,"{""type"":""MultiPoint"",""coordinates"":[]}"
116_0,0.49948347,0.4725151,0.43395212,0.42327103,0.56217545,0.57481295,0.6837803,0.51598173,0.5222672,0.6014004,0.31665364,0.5982605,0.6837803,0.51704615,0.31665364,0.09356849263566502,1,"{""type"":""MultiPoint"",""coordinates"":[]}"
117_0,0.39798644,0.79905766,0.56851786,0.23293173,0.12687585,0.18099548,0.18796068,0.57079315,0.44691753,0.696,0.40084094,0.5233073,0.79905766,0.42768204,0.12687585,0.20576665751518078,1,"{""type"":""MultiPoint"",""coordinates"":[]}"
118_0,0.29106775,0.2279606,0.21502763,0.15026326,0.5106772,0.57230836,0.8336821,0.18113948,0.10558123,-0.32857144,0.07914971,0.20084566,0.8336821,0.25326097,-0.32857144,0.27653883221562303,1,"{""type"":""MultiPoint"",""coordinates"":[]}"
119_0,0.6726944,0.23431884,0.21577415,0.16350815,0.25224632,0.47646663,0.7865456,0.7345208,0.15088157,-0.47482014,0.02748227,0.039969254,0.7865456,0.27329898,-0.47482014,0.33958357405145617,1,"{""type"":""MultiPoint"",""coordinates"":[]}"
120_0,0.1684729,0.59434915,0.6886675,0.56681484,0.20540889,0.66039807,0.8179051,0.516054,0.33549082,-0.40307906,-0.080213904,0.12830809,0.8179051,0.34988135,-0.40307906,0.3439592254784988,1,"{""type"":""MultiPoint"",""coordinates"":[]}"
121_0,0.49227917,0.592865,0.58923477,0.5827493,0.40671304,0.61874026,0.7897481,0.6887679,0.71346295,0.4301556,0.70336473,0.41123188,0.7897481,0.5849427,0.40671304,0.12212740638330233,1,"{""type"":""MultiPoint"",""coordinates"":[]}"
122_0,0.10313901,0.487965,0.69808495,0.52011925,0.30784237,0.7609108,0.82588947,0.6647287,0.23039216,-0.3914409,-0.10969793,-0.030670822,0.82588947,0.3389385,-0.3914409,0.37025139378871114,1,"{""type"":""MultiPoint"",""coordinates"":[]}"
123_0,0.7595339,0.63653636,0.20959815,0.23244482,0.2750095,0.66898364,0.802849,0.2227691,-0.06349207,-0.27995184,-0.20608899,-0.027961362,0.802849,0.26918584,-0.27995184,0.359805586773111,1,"{""type"":""MultiPoint"",""coordinates"":[]}"
124_0,0.19906688,0.568574,0.7111197,0.6876268,0.2777168,0.7313172,0.8618619,0.7673759,0.036585364,-0.26787332,-0.17713004,-0.059797607,0.8618619,0.3613703,-0.26787332,0.39008893211674783,1,"{""type"":""MultiPoint"",""coordinates"":[]}"
125_0,0.78054476,0.4543541,0.16554889,0.15458627,0.7395639,0.847765,0.50457424,0.317757,0.20264901,-0.051937986,0.10816327,-0.15095541,0.847765,0.3393844,-0.15095541,0.31415039063720157,1,"{""type"":""MultiPoint"",""coordinates"":[]}"
126_0,0.26873285,0.22033899,0.1833785,0.07914893,0.4769989,0.5351167,0.8024623,0.5119127,0.11178597,-0.3642384,0.085192695,-0.24469274,0.8024623,0.22217812,-0.3642384,0.3162907001270363,1,"{""type"":""MultiPoint"",""coordinates"":[]}"
127_0,0.3114515,0.24080604,0.207954,0.17174178,0.5459172,0.56356657,0.73610294,0.23534137,0.05075828,-0.3122807,-0.05155875,-0.20756757,0.73610294,0.20768605,-0.3122807,0.2984448463981618,1,"{""type"":""MultiPoint"",""coordinates"":[]}"
128_0,0.42234993,0.35718375,0.30273634,0.35381114,0.55866957,0.38768277,0.57790476,0.42269737,0.30320102,0.5324138,0.08040404,0.36096048,0.57790476,0.38833457,0.08040404,0.12921413746494273,1,"{""type"":""MultiPoint"",""coordinates"":[]}"
129_0,0.3524962,0.3292789,0.28346857,0.37551582,0.32698137,0.37008628,0.32265553,0.33221665,0.45441762,0.674277,0.3502658,0.4425087,0.674277,0.38451403,0.28346857,0.09909267499042156,1,"{""type"":""MultiPoint"",""coordinates"":[]}"
130_0,0.34842452,0.3299038,0.27153218,0.14344685,0.19108826,0.21434978,0.3311911,0.11623819,0.7810179,0.84319526,0.38360655,0.24271844,0.84319526,0.34972608,0.11623819,0.2216483400319205,1,"{""type"":""MultiPoint"",""coordinates"":[]}"
131_0,0.36148492,0.3509009,0.2972721,0.2129964,0.20086393,0.22630738,0.34716576,0.19625695,0.7606629,0.81053674,0.37120315,0.27842435,0.81053674,0.36783963,0.19625695,0.19692660807655968,1,"{""type"":""MultiPoint"",""coordinates"":[]}"
132_0,0.61452144,0.65471673,0.44987655,0.19898283,0.6199723,0.5258391,0.7604913,0.33700088,0.19471489,-0.48307693,-0.19680464,-0.27653632,0.7604913,0.28330818,-0.48307693,0.3899125956952736,1,"{""type"":""MultiPoint"",""coordinates"":[]}"
133_0,0.16897507,0.17995545,0.15864868,0.15766503,0.37022755,0.5450972,0.81315213,0.47328633,0.03331184,-0.4,-0.07794677,-0.23957092,0.81315213,0.18190013,-0.4,0.32376787354256864,1,"{""type"":""MultiPoint"",""coordinates"":[]}"
134_0,0.2425322,0.28842315,0.20506576,0.12455151,0.25820434,0.26299423,0.28712356,0.28702417,0.36020806,0.39574468,0.44638732,0.59549916,0.59549916,0.3128132,0.12455151,0.11770466098848587,1,"{""type"":""MultiPoint"",""coordinates"":[]}"
135_0,0.683469,0.86001176,0.60772765,0.15845743,0.46677384,0.4904905,0.77256095,0.21818876,-0.22222222,-0.39483395,-0.18072289,-0.13994911,0.86001176,0.27666265,-0.39483395,0.41262611499257984,1,"{""type"":""MultiPoint"",""coordinates"":[]}"
136_0,0.2876781,0.25537208,0.23336141,0.18615042,0.24115756,0.5622911,0.8306333,0.51184833,0.062416106,-0.4136808,-0.13,-0.2712766,0.8306333,0.19632925,-0.4136808,0.3374324869055249,1,"{""type"":""MultiPoint"",""coordinates"":[]}"
137_0,0.7991823,0.860721,0.5172779,0.17711172,0.59128714,0.30807123,0.7799653,0.25673014,-0.0076791807,-0.08396947,0.02012764,-0.28502417,0.860721,0.32781678,-0.28502417,0.36474306069104717,1,"{""type"":""MultiPoint"",""coordinates"":[]}"
138_0,0.48832953,0.7290276,0.5826217,0.23253012,0.18163672,0.6,0.8166491,0.77148634,-0.1420205,0.052941177,-0.07739938,-0.20486815,0.8166491,0.33591118,-0.20486815,0.35770826322371485,1,"{""type"":""MultiPoint"",""coordinates"":[]}"
139_0,0.36287424,0.6858044,0.5271192,0.19873635,0.1420839,0.6185276,0.80146414,0.789365,-0.27364865,-0.18019626,-0.052083332,-0.20598389,0.80146414,0.28450522,-0.27364865,0.3839205528626151,1,"{""type"":""MultiPoint"",""coordinates"":[]}"
140_0,0.76798016,0.8405356,0.5822669,0.20049866,0.12524234,0.7094895,0.7937743,0.31912902,-0.0701107,-0.0471597,0.04028436,-0.05390539,0.8405356,0.35066876,-0.0701107,0.3491126102950451,1,"{""type"":""MultiPoint"",""coordinates"":[]}"
141_0,0.22729696,0.36038396,0.47646523,0.5455476,0.26941305,0.28216612,0.85094917,0.16593337,0.1552,-0.5246377,0.043041606,-0.113702625,0.85094917,0.2281714,-0.5246377,0.32906402839375437,1,"{""type"":""MultiPoint"",""coordinates"":[]}"
142_0,0.3211517,0.33352017,0.24731746,0.3043478,0.68113524,0.46255708,0.88368684,0.06878307,0.012298959,-0.5146199,-0.114215285,-0.20596102,0.88368684,0.20666684,-0.5146199,0.3696418508506449,1,"{""type"":""MultiPoint"",""coordinates"":[]}"
143_0,0.28021607,0.24164066,0.23123513,0.31643683,0.81733197,0.2818637,0.76017374,0.2334267,0.19595355,-0.58158994,-0.05171158,-0.082840234,0.81733197,0.22017805,-0.58158994,0.3505691640567488,1,"{""type"":""MultiPoint"",""coordinates"":[]}"
144_0,0.5919099,0.70815086,0.36989862,0.30888575,0.39007092,0.63228935,0.8071737,0.7926142,0.525941,0.37867486,0.7398035,0.39547095,0.8071737,0.55340695,0.30888575,0.17425699833682268,1,"{""type"":""MultiPoint"",""coordinates"":[]}"
145_0,0.578147,0.6906594,0.3619502,0.2828169,0.45206258,0.603535,0.787728,0.7641844,0.3392613,0.22316384,0.61640716,0.3238289,0.787728,0.5019787,0.22316384,0.18737164434943016,1,"{""type"":""MultiPoint"",""coordinates"":[]}"
146_0,0.7383721,0.7866237,0.41996333,0.21243833,0.37484637,0.6395868,0.87068963,0.7720951,0.26807564,0.25208086,0.24670051,0.27001023,0.87068963,0.48762354,0.21243833,0.2424075586356882,1,"{""type"":""MultiPoint"",""coordinates"":[]}"
147_0,0.4750198,0.5372649,0.45431277,0.5,0.43412688,0.24635993,0.65681463,0.49598134,0.63244104,0.5766017,0.38926828,0.5168292,0.65681463,0.49291837,0.24635993,0.10517086570640134,1,"{""type"":""MultiPoint"",""coordinates"":[]}"
148_0,0.41636726,0.7854226,0.6076734,0.5917526,0.2312609,0.3284035,0.8288988,0.22184761,0.32877815,-0.20604914,0.119391635,0.37842864,0.8288988,0.38601467,-0.20604914,0.2779740068847744,1,"{""type"":""MultiPoint"",""coordinates"":[]}"
149_0,0.43602344,0.74933404,0.5813506,0.57310396,0.238653,0.30042315,0.81487775,0.22964925,0.40175954,0.17450683,0.22713864,0.42105263,0.81487775,0.4289894,0.17450683,0.20297090354638606,1,"{""type"":""MultiPoint"",""coordinates"":[]}"
150_0,0.8116183,0.83049935,0.24933106,0.1351626,0.11046991,0.29340836,0.7639676,0.5648921,0.10332103,-0.84431136,0.036038514,-0.12635984,0.83049935,0.24400313,-0.84431136,0.45242698432983947,1,"{""type"":""MultiPoint"",""coordinates"":[]}"
151_0,0.8153708,0.8348551,0.25375986,0.13968958,0.113089934,0.39299765,0.7994882,0.6187147,0.11056208,-0.9882353,0.04645048,-0.107589655,0.8348551,0.25242946,-0.9882353,0.48929065983383524,1,"{""type"":""MultiPoint"",""coordinates"":[]}"
152_0,0.76625097,0.8557226,0.6214797,0.19679211,0.28969514,0.39778534,0.83139396,0.185261,0.13933095,-0.5019455,-0.030777257,-0.037292026,0.8557226,0.30947477,-0.5019455,0.39120165792194717,1,"{""type"":""MultiPoint"",""coordinates"":[]}"
153_0,0.759942,0.73540854,0.37533578,0.1892552,0.6475718,0.20371617,0.75941783,0.40484428,0.22085561,0.073469386,0.27967808,0.2859512,0.759942,0.41128716,0.073469386,0.2381829205243591,1,"{""type"":""MultiPoint"",""coordinates"":[]}"
154_0,0.73412406,0.7233294,0.35243818,0.1425031,0.6972477,0.15947895,0.74457043,0.40781865,0.46300623,0.56514657,0.34618607,0.26636514,0.74457043,0.4668512,0.1425031,0.213719526771352,1,"{""type"":""MultiPoint"",""coordinates"":[]}"
155_0,0.7327364,0.7435365,0.37274337,0.24421594,0.71730936,0.3155228,0.78937197,0.48419026,0.62323,0.5086108,0.2596206,0.46076363,0.78937197,0.52098763,0.24421594,0.18921614839161657,1,"{""type"":""MultiPoint"",""coordinates"":[]}"
156_0,0.586113,0.77582157,0.446938,0.2182842,0.6165153,0.7435233,0.8265534,0.13464643,0.014035696,-0.41935483,-0.17252396,-0.145868,0.8265534,0.302057,-0.41935483,0.40407338494231915,1,"{""type"":""MultiPoint"",""coordinates"":[]}"
157_0,0.2977233,0.7420015,0.5982458,0.31925166,0.23847415,0.50675416,0.80748373,0.22209275,0.14324065,-0.40454546,-0.17903225,-0.06609547,0.80748373,0.26879954,-0.40454546,0.349715077569721,1,"{""type"":""MultiPoint"",""coordinates"":[]}"
158_0,0.24458204,0.1940752,0.18050657,0.30405688,0.8422333,0.79328793,0.8569554,0.14257096,0.31777576,-0.37062937,-0.15160796,-0.1597633,0.8569554,0.2661703,-0.37062937,0.38216247318676555,1,"{""type"":""MultiPoint"",""coordinates"":[]}"
159_0,0.17052881,0.6745138,0.71480566,0.5458937,0.18910964,0.387538,0.8542909,0.6767217,0.020958085,-0.022675738,-0.012437811,-0.18114477,0.8542909,0.33484185,-0.18114477,0.3360558386272149,1,"{""type"":""MultiPoint"",""coordinates"":[]}"
160_0,0.16666667,0.7657063,0.71507674,0.51724136,0.17491749,0.7098683,0.8601012,0.5486364,-0.021398002,0.124105014,-0.0010810811,-0.16862746,0.8601012,0.36593443,-0.16862746,0.342252693371062,1,"{""type"":""MultiPoint"",""coordinates"":[]}"
161_0,0.14606741,0.62889165,0.7108434,0.52956843,0.19974874,0.3555861,0.80161476,0.77515954,0.17451523,-0.027027028,0.2915601,-0.07462686,0.80161476,0.3759918,-0.07462686,0.2940671135204069,1,"{""type"":""MultiPoint"",""coordinates"":[]}"
162_0,0.31260997,0.4431631,0.56219196,0.5136425,0.32556635,0.51645035,0.80529207,0.68374383,0.30578512,0.3768116,0.38957235,0.4347509,0.80529207,0.472465,0.30578512,0.14728390011420903,1,"{""type"":""MultiPoint"",""coordinates"":[]}"
163_0,0.37788495,0.47484145,0.6032018,0.59022117,0.39243242,0.73622805,0.87580407,0.7072758,0.66603416,0.5618676,0.548727,0.67485607,0.87580407,0.6007812,0.37788495,0.13795035614428353,1,"{""type"":""MultiPoint"",""coordinates"":[]}"
164_0,0.30134583,0.42569965,0.665315,0.5687435,0.2136417,0.64080304,0.86826974,0.7260565,0.32135075,0.2699333,0.42929038,0.44421628,0.86826974,0.48955548,0.2136417,0.1952003830383567,1,"{""type"":""MultiPoint"",""coordinates"":[]}"
165_0,0.5974235,0.36902288,0.27707168,0.23125178,0.30442178,0.785658,0.88351697,0.6473029,0.22357343,-0.014364641,0.12612613,0.5267299,0.88351697,0.41314453,-0.014364641,0.26270326244647124,1,"{""type"":""MultiPoint"",""coordinates"":[]}"
166_0,0.28293937,0.31298065,0.34003657,0.45323092,0.2805139,0.5468059,0.8532474,0.67194825,0.11157456,0.06942914,0.06593407,0.42059264,0.8532474,0.3674361,0.06593407,0.229979746069302,1,"{""type"":""MultiPoint"",""coordinates"":[]}"
167_0,0.29278642,0.43656537,0.5004808,0.6550308,0.21719457,0.46765798,0.7445953,0.6625981,0.26172978,0.08353895,0.21454173,0.38221884,0.7445953,0.40991154,0.08353895,0.19716031482318178,1,"{""type"":""MultiPoint"",""coordinates"":[]}"
168_0,0.26228756,0.69185805,0.63247746,0.26850712,0.15492958,0.76401347,0.7839979,0.614476,0.18355066,0.0,0.14754099,0.22217555,0.7839979,0.39381787,0.0,0.26821173369470286,1,"{""type"":""MultiPoint"",""coordinates"":[]}"
169_0,0.55064195,0.7060431,0.6252247,0.54915357,0.56078684,0.71420366,0.75323945,0.66794103,0.74777365,0.70761937,0.69718564,0.55934083,0.75323945,0.6532628,0.54915357,0.07640654932792477,1,"{""type"":""MultiPoint"",""coordinates"":[]}"
170_0,0.7848693,0.84861976,0.59387934,0.2557981,0.2913386,0.8144394,0.86329246,0.16178736,0.34742403,0.6943069,0.4111349,0.10058272,0.86329246,0.51395607,0.10058272,0.27172958709209655,1,"{""type"":""MultiPoint"",""coordinates"":[]}"
171_0,0.22086957,0.19858156,0.19262294,0.2045794,0.16750757,0.48923078,0.7381843,0.637105,0.17783292,0.106350996,0.033396345,0.25043327,0.7381843,0.28472456,0.033396345,0.20803626631469846,1,"{""type"":""MultiPoint"",""coordinates"":[]}"
172_0,0.34676102,0.29791778,0.24123712,0.2239479,0.4375,0.4963543,0.69751424,0.5837126,0.5959432,0.46681663,0.5418502,0.4321989,0.69751424,0.44681284,0.2239479,0.14145958342199935,1,"{""type"":""MultiPoint"",""coordinates"":[]}"
173_0,0.1956044,0.19186991,0.15394434,0.13832918,0.13349168,0.48616832,0.7688153,0.6043836,-0.19134396,-0.22623828,-0.03076923,0.22963285,0.7688153,0.20449068,-0.22623828,0.28403669113582164,1,"{""type"":""MultiPoint"",""coordinates"":[]}"
174_0,0.50042075,0.49430397,0.40617517,0.5546688,0.28693146,0.257359,0.29709062,0.64082885,0.73550874,0.50576925,0.39263803,0.52457374,0.73550874,0.46635568,0.257359,0.13878853205146288,1,"{""type"":""MultiPoint"",""coordinates"":[]}"
175_0,0.69662297,0.72871614,0.30341983,0.28245696,0.39383957,0.25747916,0.25313807,0.7442102,0.64832795,0.53044283,0.35459253,0.46616384,0.7442102,0.4716175,0.25313807,0.1832929241495193,1,"{""type"":""MultiPoint"",""coordinates"":[]}"
176_0,0.71173584,0.79063284,0.31128955,0.23028392,0.3895278,0.23212644,0.2867763,0.7304519,0.59132653,0.43492407,0.3653846,0.45120436,0.79063284,0.46047202,0.23028392,0.19028900148508612,1,"{""type"":""MultiPoint"",""coordinates"":[]}"
177_0,0.52719486,0.8312365,0.71971726,0.1827503,0.4826701,0.8876019,0.89958656,0.20525329,0.18704204,-0.29226145,-0.18181819,0.107661694,0.89958656,0.37971956,-0.29226145,0.39022199926219775,1,"{""type"":""MultiPoint"",""coordinates"":[]}"
178_0,0.36933798,0.31989327,0.30546075,0.3153868,0.27865168,0.3118971,0.4318372,0.4291939,0.58723515,0.50629807,0.49177575,0.33467472,0.58723515,0.39013687,0.27865168,0.09384687057233666,1,"{""type"":""MultiPoint"",""coordinates"":[]}"
179_0,0.5572027,0.54576856,0.4367727,0.47149348,0.601413,0.6594636,0.67945826,0.654386,0.7241127,0.66069454,0.5700222,0.6593293,0.7241127,0.6016764,0.4367727,0.08377141226691186,1,"{""type"":""MultiPoint"",""coordinates"":[]}"
180_0,0.759537,0.77687734,0.3385266,0.19074707,0.3667393,0.7846912,0.8744993,0.38961038,0.15142429,-0.30401692,-0.15108834,0.2144522,0.8744993,0.36599997,-0.30401692,0.3622734137869754,1,"{""type"":""MultiPoint"",""coordinates"":[]}"
181_0,0.7624014,0.7723643,0.37565383,0.2327895,0.27441198,0.81463915,0.8721012,0.40500835,0.2997602,-0.22585794,-0.14401622,0.23006834,0.8721012,0.38911033,-0.22585794,0.3457236686671577,1,"{""type"":""MultiPoint"",""coordinates"":[]}"
182_0,0.4531347,0.4425599,0.32813475,0.2705061,0.28129205,0.37323943,0.49798504,0.41766903,0.33717164,0.18838476,0.093429156,0.17992178,0.49798504,0.32195237,0.093429156,0.11879260567712639,1,"{""type"":""MultiPoint"",""coordinates"":[]}"
183_0,0.43216345,0.42035928,0.4174387,0.53556967,0.6937023,0.7150917,0.5541535,0.7468299,0.7135473,0.720551,0.6043011,0.72502315,0.7468299,0.60656095,0.4174387,0.12455427371680927,1,"{""type"":""MultiPoint"",""coordinates"":[]}"
184_0,0.3009387,0.3125536,0.25361368,0.25520387,0.3745406,0.40201494,0.71611774,0.5355137,0.68171024,0.41470292,0.234676,0.65985036,0.71611774,0.42845303,0.234676,0.16919359798112127,1,"{""type"":""MultiPoint"",""coordinates"":[]}"
185_0,0.42442882,0.42000943,0.34161782,0.35600278,0.55144155,0.4974587,0.71268654,0.7582307,0.6412232,0.59203273,0.68621063,0.67193484,0.7582307,0.55443984,0.34161782,0.1383192765584633,1,"{""type"":""MultiPoint"",""coordinates"":[]}"
186_0,0.3178492,0.3251128,0.23818731,0.41820213,0.55236936,0.33175167,0.71809244,0.40562248,0.5109302,0.737475,0.054144517,0.5595653,0.737475,0.4307752,0.054144517,0.18882681132613688,1,"{""type"":""MultiPoint"",""coordinates"":[]}"
187_0,0.2532189,0.23683631,0.1858167,0.044733044,0.68849313,0.47086546,0.7929357,0.1800379,0.43767816,-0.086419754,0.32124224,0.25659373,0.7929357,0.3151693,-0.086419754,0.23974381276647913,1,"{""type"":""MultiPoint"",""coordinates"":[]}"
188_0,0.24229075,0.22617353,0.21435538,0.01843611,0.7777778,0.50577694,0.7841052,0.19216965,0.36739516,0.23076923,-0.06904232,0.32293165,0.7841052,0.3177616,-0.06904232,0.25070938083431,1,"{""type"":""MultiPoint"",""coordinates"":[]}"
189_0,0.7421174,0.82199335,0.29808396,0.26125368,0.53230417,0.18350415,0.82460535,0.20801124,0.36213234,-0.51380473,0.16545455,0.2021958,0.82460535,0.34065428,-0.51380473,0.3529202585996975,1,"{""type"":""MultiPoint"",""coordinates"":[]}"
190_0,0.73073024,0.8254431,0.31361187,0.25279358,0.6392034,0.19027326,0.7980456,0.20126894,0.5096819,-0.4242623,0.39671683,0.26426372,0.8254431,0.39148083,-0.4242623,0.33262309723135336,1,"{""type"":""MultiPoint"",""coordinates"":[]}"
191_0,0.7085874,0.78510696,0.28606796,0.26820758,0.5427594,0.21249844,0.79844314,0.2145822,0.45067087,-0.5960591,0.13988657,0.25842273,0.79844314,0.33909786,-0.5960591,0.3606074275843867,1,"{""type"":""MultiPoint"",""coordinates"":[]}"
192_0,0.8120704,0.8016218,0.42702702,0.2916984,0.63804966,0.36536995,0.8866688,0.23363131,0.19477694,0.20712695,0.09252103,0.24225664,0.8866688,0.4327349,0.09252103,0.2664328665006446,1,"{""type"":""MultiPoint"",""coordinates"":[]}"
193_0,0.66897035,0.65138906,0.4885856,0.43865365,0.6159788,0.3772023,0.7829392,0.6003792,0.43046185,0.7419588,0.6289926,0.56838906,0.7829392,0.58282506,0.3772023,0.12124360905127725,1,"{""type"":""MultiPoint"",""coordinates"":[]}"
194_0,0.7406738,0.75092626,0.47343454,0.27804166,0.56419283,0.35927153,0.8557785,0.3916152,0.2839365,0.6276923,0.3849607,0.47984138,0.8557785,0.5158638,0.27804166,0.1841012347165132,1,"{""type"":""MultiPoint"",""coordinates"":[]}"
195_0,0.6987788,0.8075715,0.5184011,0.14627059,0.74268293,0.88980365,0.7236715,0.05882353,0.6044129,0.78992146,0.20121029,0.16727203,0.88980365,0.52906835,0.05882353,0.28865837927699184,1,"{""type"":""MultiPoint"",""coordinates"":[]}"
196_0,0.7273246,0.81077665,0.49580464,0.13664287,0.80321616,0.8871309,0.6804895,0.14126807,0.7840451,0.72787184,0.27789047,0.35781798,0.8871309,0.5691899,0.13664287,0.2626925771400076,1,"{""type"":""MultiPoint"",""coordinates"":[]}"
197_0,0.78921324,0.7227442,0.27659574,0.16845638,0.87036145,0.90948373,0.59657264,0.07133812,0.80374616,0.45748773,0.13554634,0.08080059,0.90948373,0.49019554,0.07133812,0.31523560881219725,1,"{""type"":""MultiPoint"",""coordinates"":[]}"
198_0,0.679229,0.8307873,0.5234907,0.2178631,0.45288292,0.40107474,0.87956244,0.24345048,-0.03663142,-0.14185229,-0.14074074,-0.16033484,0.87956244,0.31239846,-0.16033484,0.3614547294369216,1,"{""type"":""MultiPoint"",""coordinates"":[]}"
199_0,0.7601095,0.7165413,0.28801042,0.2274297,0.25755203,0.55870444,0.804546,0.51232874,-0.025007186,-0.5931232,-0.2348285,-0.14075749,0.804546,0.26095882,-0.5931232,0.42074481482222714,1,"{""type"":""MultiPoint"",""coordinates"":[]}"
200_0,0.7688799,0.6494398,0.22677365,0.22421347,0.23208493,0.37574744,0.80552185,0.48093772,0.024626564,-0.37417942,-0.035404142,-0.18774445,0.80552185,0.2659081,-0.37417942,0.3557263810427842,1,"{""type"":""MultiPoint"",""coordinates"":[]}"
201_0,0.22956522,0.22468492,0.20292887,0.18795079,0.24201313,0.78114927,0.85177344,0.6364104,0.020648967,0.6765292,0.82121575,0.465577,0.85177344,0.44503725,0.020648967,0.28159773344667294,1,"{""type"":""MultiPoint"",""coordinates"":[]}"
202_0,0.29366603,0.28261894,0.24387398,0.2244986,0.2,0.69615126,0.8085737,0.6773242,0.17508417,0.53079003,0.7920883,0.49597123,0.8085737,0.45172003,0.17508417,0.23279916109188922,1,"{""type"":""MultiPoint"",""coordinates"":[]}"
203_0,0.6210583,0.57981825,0.33508402,0.26425147,0.38964579,0.59060097,0.7144586,0.47125354,0.19490446,0.124542125,0.45265588,0.6262151,0.7144586,0.4470407,0.124542125,0.18017896528069519,1,"{""type"":""MultiPoint"",""coordinates"":[]}"
204_0,0.3140496,0.38470006,0.27939793,0.32445627,0.43335745,0.38745624,0.5147059,0.37956685,0.4456223,0.537607,0.2864125,0.5045172,0.537607,0.39932078,0.27939793,0.08541848757285309,1,"{""type"":""MultiPoint"",""coordinates"":[]}"
205_0,0.58248025,0.31485096,0.23468237,0.16129032,0.101614006,0.23359486,0.064492926,0.41721854,0.8332062,0.8000457,0.19016631,0.30125067,0.8332062,0.35290778,0.064492926,0.24652952101706693,1,"{""type"":""MultiPoint"",""coordinates"":[]}"
206_0,0.29072812,0.29247844,0.22002634,0.15982404,0.20834783,0.28258914,0.21479122,0.5306713,0.7755391,0.7029703,0.12624887,0.4457275,0.7755391,0.35416186,0.12624887,0.2041459966939847,1,"{""type"":""MultiPoint"",""coordinates"":[]}"
207_0,0.18853046,0.70986575,0.71161586,0.52063876,0.20340294,0.71397656,0.8382353,0.60806787,-0.12860893,-0.0941509,-0.19217491,0.10228919,0.8382353,0.348474,-0.19217491,0.3600954238983964,1,"{""type"":""MultiPoint"",""coordinates"":[]}"
208_0,0.15517241,0.7085828,0.6937845,0.5062177,0.11375212,0.71473014,0.8440957,0.6493771,-0.32299742,-0.03076923,-0.3580247,0.13693972,0.8440957,0.31757173,-0.3580247,0.40452799746723184,1,"{""type"":""MultiPoint"",""coordinates"":[]}"
209_0,0.40868205,0.7031419,0.55697745,0.16470233,0.1881804,0.58757234,0.7674992,0.29898304,0.054518297,0.020650636,0.017632242,0.10056276,0.7674992,0.32242522,0.017632242,0.262075930273978,1,"{""type"":""MultiPoint"",""coordinates"":[]}"
210_0,0.3269328,0.32068154,0.29533115,0.2809871,0.2893226,0.5114924,0.6506529,0.522439,0.33580154,0.14271048,0.33281675,0.6468381,0.6506529,0.38800055,0.14271048,0.15090898073955591,1,"{""type"":""MultiPoint"",""coordinates"":[]}"
211_0,0.3429502,0.3552054,0.3617453,0.30360723,0.16876444,0.5002173,0.74659264,0.7685795,0.36382535,0.32771993,0.3732535,0.6014151,0.7685795,0.43448967,0.16876444,0.1753683987057485,1,"{""type"":""MultiPoint"",""coordinates"":[]}"
212_0,0.41035858,0.4550158,0.40354708,0.3534758,0.36125654,0.60322255,0.7703527,0.7608257,0.38861787,0.31605965,0.60952026,0.8051901,0.8051901,0.5197869,0.31605965,0.17285215034714935,1,"{""type"":""MultiPoint"",""coordinates"":[]}"
213_0,0.1971831,0.20763724,0.15255256,0.121241786,0.10539846,0.19666049,0.12650919,0.061877973,-0.016623568,0.03908046,0.018037835,0.023604758,0.20763724,0.102763355,-0.016623568,0.07390668298068408,1,"{""type"":""MultiPoint"",""coordinates"":[]}"
214_0,0.74319977,0.78309935,0.3147208,0.24351777,0.3484252,0.758996,0.5813953,0.5201021,0.2613288,0.56853175,0.76144576,0.50897914,0.78309935,0.5328118,0.24351777,0.19443544946224303,1,"{""type"":""MultiPoint"",""coordinates"":[]}"
215_0,0.7627119,0.76416767,0.2708434,0.20347448,0.2007874,0.72387296,0.7409639,0.6107492,0.26755095,0.5534527,0.8237548,0.4715392,0.8237548,0.5328224,0.2007874,0.23072488819261605,1,"{""type"":""MultiPoint"",""coordinates"":[]}"
216_0,0.5403504,0.24921136,0.23333722,0.18838029,0.40758756,0.604546,0.8714346,0.47822282,0.056017507,-0.38195777,-0.23820755,-0.22232734,0.8714346,0.23221625,-0.38195777,0.36191923599494635,1,"{""type"":""MultiPoint"",""coordinates"":[]}"
217_0,0.54027295,0.27294922,0.23041044,0.17824773,0.36638573,0.5858586,0.85774237,0.4972092,0.040579073,-0.4321503,0.01754386,-0.25996378,0.85774237,0.24125709,-0.4321503,0.34993984829398833,1,"{""type"":""MultiPoint"",""coordinates"":[]}"
218_0,0.4832578,0.24069856,0.20726833,0.18163265,0.25859058,0.5320607,0.8712446,0.55610114,0.01373896,-0.34099618,0.021913044,-0.2569691,0.8712446,0.23071176,-0.34099618,0.3329093063725637,1,"{""type"":""MultiPoint"",""coordinates"":[]}"
219_0,0.7442303,0.7475305,0.25041682,0.21544716,0.13272078,0.23635316,0.6657805,0.7092199,-0.012075259,0.5439252,0.7479325,0.7664042,0.7664042,0.47899047,-0.012075259,0.2785583546660493,1,"{""type"":""MultiPoint"",""coordinates"":[]}"
220_0,0.5281288,0.48959082,0.28142136,0.34065935,0.384028,0.24816588,0.18001801,0.6881206,0.76196843,0.7409701,0.76500124,0.72935563,0.76500124,0.5114524,0.18001801,0.21147562041763704,1,"{""type"":""MultiPoint"",""coordinates"":[]}"
221_0,0.24025974,0.19699664,0.2016851,0.13511276,0.15641186,0.16875237,0.06669463,0.70325696,0.33460388,0.29383314,0.29032257,0.21422987,0.70325696,0.25017995,0.06669463,0.15406287799371557,1,"{""type"":""MultiPoint"",""coordinates"":[]}"
222_0,0.51777637,0.46226576,0.3653242,0.44874275,0.44408742,0.1877742,0.43297336,0.50029397,0.39132932,0.49356222,0.5280083,0.34428892,0.5280083,0.4263689,0.1877742,0.09102713278778778,1,"{""type"":""MultiPoint"",""coordinates"":[]}"
223_0,0.66278505,0.5114606,0.37183702,0.19633108,0.25847048,0.30276102,0.4451265,0.49863973,0.208008,-0.16221766,-0.16760829,-0.2167414,0.66278505,0.24240434,-0.2167414,0.27725859207193626,1,"{""type"":""MultiPoint"",""coordinates"":[]}"
224_0,0.66140753,0.610504,0.24086265,0.37502822,0.25814977,0.24850895,0.22036281,0.1135916,0.055274066,-0.28291318,-0.18095239,-0.2147541,0.66140753,0.1754225,-0.28291318,0.2874280233949972,1,"{""type"":""MultiPoint"",""coordinates"":[]}"
225_0,0.5724459,0.60675037,0.5173485,0.5198769,0.6246473,0.31899792,0.56496286,0.5732484,0.17665353,0.79538906,0.65533143,0.50737584,0.79538906,0.53608567,0.17665353,0.15154430156460072,1,"{""type"":""MultiPoint"",""coordinates"":[]}"
226_0,0.51358694,0.5950641,0.50839734,0.506383,0.6383156,0.30802068,0.60704637,0.5241568,0.12686487,0.79921645,0.36994466,0.6052676,0.79921645,0.50852203,0.12686487,0.16664515152992665,1,"{""type"":""MultiPoint"",""coordinates"":[]}"
227_0,0.31034482,0.25443786,0.21745028,0.23618865,0.2573991,0.2546664,0.20916155,0.33130205,0.10397714,0.38167566,0.3271344,0.35228813,0.38167566,0.26966885,0.10397714,0.07285666661974799,1,"{""type"":""MultiPoint"",""coordinates"":[]}"
228_0,0.31285024,0.2838807,0.26328406,0.23888429,0.78830206,0.23620628,0.7745552,0.3994361,0.35764235,-0.24573125,0.65177894,0.34735203,0.78830206,0.36737007,-0.24573125,0.26704837498430994,1,"{""type"":""MultiPoint"",""coordinates"":[]}"
229_0,0.30907395,0.27025592,0.28601515,0.14764236,0.70463145,0.23414634,0.75828063,0.2761194,0.27772325,-0.2935065,0.5030181,0.20572235,0.75828063,0.30659354,-0.2935065,0.2590623102884567,1,"{""type"":""MultiPoint"",""coordinates"":[]}"
230_0,0.30498686,0.29867926,0.3209024,0.23756906,0.5504269,0.21115288,0.59861946,0.39037165,0.60144925,0.31267294,0.62165177,0.45140666,0.62165177,0.4083241,0.21115288,0.14402430354574872,1,"{""type"":""MultiPoint"",""coordinates"":[]}"
231_0,0.76858276,0.81537694,0.38895068,0.2238806,0.30227634,0.4260835,0.838917,0.66766167,0.19970044,-0.34504133,0.1380753,0.8084951,0.838917,0.43607992,-0.34504133,0.3450978991686842,1,"{""type"":""MultiPoint"",""coordinates"":[]}"
232_0,0.60311085,0.4697378,0.35710797,0.20648545,0.19400375,0.4,0.5336976,0.56548464,0.274758,0.10662021,0.2072072,0.40198237,0.60311085,0.36001632,0.10662021,0.15621714772248882,1,"{""type"":""MultiPoint"",""coordinates"":[]}"
233_0,0.7585329,0.76068586,0.441221,0.2288367,0.3316583,0.4675351,0.76863414,0.68271285,0.23715204,-0.09534368,0.19969454,0.7163054,0.76863414,0.45813543,-0.09534368,0.2717512470300665,1,"{""type"":""MultiPoint"",""coordinates"":[]}"
234_0,0.43354118,0.43964937,0.38285714,0.38402277,0.50929594,0.5965195,0.57380813,0.49194548,0.110694185,0.7206471,0.6703023,0.66021574,0.7206471,0.49779156,0.110694185,0.15942727684457172,1,"{""type"":""MultiPoint"",""coordinates"":[]}"
235_0,0.42357513,0.49741268,0.3698964,0.32383263,0.53807807,0.63816893,0.63550097,0.7021511,0.23420647,0.6299735,0.59639096,0.52395266,0.7021511,0.5094283,0.23420647,0.13841756650257714,1,"{""type"":""MultiPoint"",""coordinates"":[]}"
236_0,0.6507747,0.8193817,0.5472103,0.27186868,0.68526644,0.22915575,0.44129103,0.8147427,0.012987013,0.48926803,0.36603773,0.26439878,0.8193817,0.4660319,0.012987013,0.23911382836832054,1,"{""type"":""MultiPoint"",""coordinates"":[]}"
237_0,0.41581342,0.5344066,0.52271104,0.31975833,0.38889512,0.4069537,0.35334477,0.4311594,0.32887083,0.47240013,0.27839905,0.18424754,0.5344066,0.38641334,0.18424754,0.09684743174861032,1,"{""type"":""MultiPoint"",""coordinates"":[]}"
238_0,0.46741974,0.5382613,0.5095304,0.29438204,0.3860196,0.40434784,0.3417102,0.4096413,0.28812376,0.35429263,0.21773735,0.16021791,0.5382613,0.36430702,0.16021791,0.10822484724385292,1,"{""type"":""MultiPoint"",""coordinates"":[]}"
239_0,0.43496594,0.51116,0.41756013,0.38296503,0.4011275,0.40408018,0.3391989,0.3310329,0.4441021,0.56533605,0.4527127,0.46997312,0.56533605,0.4295179,0.3310329,0.06399810092151939,1,"{""type"":""MultiPoint"",""coordinates"":[]}"
240_0,0.561418,0.5482514,0.4113424,0.45680264,0.5348073,0.33333334,0.6346764,0.6056725,0.527561,0.51897407,0.67741936,0.47838828,0.67741936,0.5240539,0.33333334,0.0913972599989053,1,"{""type"":""MultiPoint"",""coordinates"":[]}"
241_0,0.57571447,0.61480135,0.501007,0.15972748,0.19228852,0.27146345,0.61380035,0.4875318,0.09186813,-0.021575514,-0.089965396,0.02970852,0.61480135,0.28553087,-0.089965396,0.2501002149854709,1,"{""type"":""MultiPoint"",""coordinates"":[]}"
242_0,0.64786184,0.7415171,0.5321007,0.13174947,0.26077622,0.2705498,0.7889671,0.49759918,0.12613522,-0.047729917,-0.095398426,0.059589382,0.7889671,0.32614315,-0.095398426,0.29378916596929516,1,"{""type"":""MultiPoint"",""coordinates"":[]}"
243_0,0.65539867,0.69717026,0.4015431,0.121611156,0.09464388,0.35036233,0.7545299,0.46496254,0.26857144,-0.20855615,-0.09677419,0.11950134,0.7545299,0.30191368,-0.20855615,0.29640713758544496,1,"{""type"":""MultiPoint"",""coordinates"":[]}"
244_0,0.7832477,0.8407948,0.50939804,0.15542522,0.07919205,0.15542828,0.79434514,0.36458808,-0.0119208405,-0.59375,-0.31506848,0.23070362,0.8407948,0.2493653,-0.59375,0.42400581065709353,1,"{""type"":""MultiPoint"",""coordinates"":[]}"
245_0,0.79166156,0.84657997,0.49587864,0.12898444,0.4274953,0.3057689,0.77854764,0.30734137,0.08923784,-0.6419048,-0.37125748,-0.13786696,0.84657997,0.25170553,-0.6419048,0.447155520496997,1,"{""type"":""MultiPoint"",""coordinates"":[]}"
246_0,0.6453585,0.8292408,0.6671149,0.37447524,0.23496526,0.34373358,0.4669818,0.76733,0.677403,0.58563536,0.56578946,0.20217167,0.8292408,0.53001666,0.20217167,0.1960981560474841,1,"{""type"":""MultiPoint"",""coordinates"":[]}"
247_0,0.68087953,0.86025256,0.6405384,0.304698,0.21922196,0.32402137,0.18782791,0.7849934,0.6188335,-0.9818182,0.2027027,-0.22939678,0.86025256,0.30106285,-0.9818182,0.4885583133547999,1,"{""type"":""MultiPoint"",""coordinates"":[]}"
248_0,0.7741187,0.85798687,0.62776023,0.21326165,0.36209697,0.3243788,0.25911602,0.7164903,0.7175942,-0.20231214,0.36182335,0.43629342,0.85798687,0.4540507,-0.20231214,0.28795185907038867,1,"{""type"":""MultiPoint"",""coordinates"":[]}"
249_0,0.5383206,0.7295039,0.5773911,0.34450868,0.32380205,0.48587877,0.7543816,0.48397836,0.22374931,0.41513592,0.35864487,0.22909944,0.7543816,0.45536622,0.22374931,0.1667078024250276,1,"{""type"":""MultiPoint"",""coordinates"":[]}"
250_0,0.43564,0.7519174,0.61777055,0.17676143,0.25858444,0.48821235,0.74955064,0.4838426,0.25503355,0.43883792,0.27163783,0.25413862,0.7519174,0.43182728,0.17676143,0.1887438476242444,1,"{""type"":""MultiPoint"",""coordinates"":[]}"
251_0,0.36873907,0.6172731,0.6141433,0.28352898,0.25984976,0.5102105,0.5573535,0.49387428,0.36533678,0.23302263,0.24184616,0.15913346,0.6172731,0.39202598,0.15913346,0.15392583240211022,1,"{""type"":""MultiPoint"",""coordinates"":[]}"
252_0,0.53859,0.74167156,0.532829,0.18322515,0.3085029,0.48389918,0.67598116,0.6576402,0.2304165,-0.7652812,-0.33821735,-0.3048509,0.74167156,0.24536718,-0.7652812,0.45643721070738735,1,"{""type"":""MultiPoint"",""coordinates"":[]}"
253_0,0.6858386,0.8305581,0.57881236,0.11931624,0.19544321,0.7943971,0.8335164,0.44367707,0.17317575,-0.79766536,-0.44372573,-0.41129434,0.8335164,0.2501708,-0.79766536,0.5284896487338382,1,"{""type"":""MultiPoint"",""coordinates"":[]}"
254_0,0.73418623,0.8285778,0.6202421,0.12763946,0.17822872,0.7057029,0.7873699,0.34292695,0.19388011,-0.7010676,-0.4432497,-0.32607004,0.8285778,0.2540306,-0.7010676,0.4959329541705501,1,"{""type"":""MultiPoint"",""coordinates"":[]}"
255_0,0.3547868,0.47079703,0.2742446,0.2291927,0.28145942,0.32050306,0.8101852,0.2016711,0.031432748,-0.5027027,-0.12063492,0.13773087,0.8101852,0.20738882,-0.5027027,0.30623723155936755,1,"{""type"":""MultiPoint"",""coordinates"":[]}"
256_0,0.3632907,0.40218088,0.25726435,0.21651465,0.25085002,0.28005865,0.7954311,0.21969277,0.15602838,-0.44715446,-0.16107382,0.117953576,0.7954311,0.20425306,-0.44715446,0.2876116083755456,1,"{""type"":""MultiPoint"",""coordinates"":[]}"
257_0,0.32759696,0.3156926,0.29398787,0.24952461,0.6860417,0.17828055,0.8377059,0.25017422,0.3946293,0.3211679,0.4647994,0.3670785,0.8377059,0.39055663,0.17828055,0.1829619642407594,1,"{""type"":""MultiPoint"",""coordinates"":[]}"
258_0,0.502766,0.5787379,0.45740366,0.22636104,0.5228364,0.14554276,0.55644757,0.48074707,0.3468335,0.47156605,0.4940639,0.4443126,0.5787379,0.43563488,0.14554276,0.1259328017783636,1,"{""type"":""MultiPoint"",""coordinates"":[]}"
259_0,0.4724541,0.8230996,0.6121256,0.08120649,0.13393418,0.2907133,0.723413,0.6325979,0.20489638,0.24619086,0.37167713,0.3367704,0.8230996,0.4107566,0.08120649,0.23048068543940858,1,"{""type"":""MultiPoint"",""coordinates"":[]}"
260_0,0.10199745,0.14053239,0.2173182,0.043652784,0.06510912,0.16885202,0.122716226,0.2673229,0.2169513,0.03793247,0.045390736,0.02062023,0.2673229,0.12069965,0.02062023,0.07891344791612827,1,"{""type"":""MultiPoint"",""coordinates"":[]}"
261_0,0.53331554,0.5961953,0.49820274,0.44489795,0.49840704,0.30129644,0.6184899,0.5122444,0.62933517,0.70720464,0.04347826,0.49985158,0.70720464,0.49024326,0.04347826,0.16683561580174208,1,"{""type"":""MultiPoint"",""coordinates"":[]}"
262_0,0.5267395,0.6193796,0.4632557,0.40990746,0.40210843,0.3408631,0.6074101,0.54959786,0.66082925,0.5211996,0.065596044,0.46400484,0.66082925,0.46924093,0.065596044,0.15228863500556544,1,"{""type"":""MultiPoint"",""coordinates"":[]}"
263_0,0.7732589,0.8348169,0.27113163,0.16758242,0.39710972,0.3626295,0.79310346,0.23475446,0.21097533,0.06623235,0.06687403,0.18179885,0.8348169,0.36335564,0.06623235,0.26954535112372524,1,"{""type"":""MultiPoint"",""coordinates"":[]}"
264_0,0.793004,0.84497845,0.31741154,0.10881594,0.6692433,0.59330916,0.8060345,0.25169525,-0.25074098,-0.16981132,-0.17369309,-0.1797005,0.84497845,0.30087885,-0.25074098,0.41192745579409334,1,"{""type"":""MultiPoint"",""coordinates"":[]}"
265_0,0.54757357,0.6387035,0.48295453,0.09129815,0.3713862,0.48276573,0.6612378,0.55810845,0.42619047,0.38166896,0.46933332,0.44756648,0.6612378,0.46323228,0.09129815,0.14199759913750887,1,"{""type"":""MultiPoint"",""coordinates"":[]}"
266_0,0.47189233,0.73933035,0.51271904,0.31965506,0.32850084,0.46902654,0.69068205,0.26416382,-0.044444446,0.3125,0.2985972,0.0598549,0.73933035,0.3685398,-0.044444446,0.21824875191861437,1,"{""type"":""MultiPoint"",""coordinates"":[]}"
267_0,0.74783087,0.8322962,0.5448069,0.21613017,0.60905975,0.46041855,0.83011585,0.48351648,0.37564433,0.2128666,0.07549669,0.5825346,0.8322962,0.49755976,0.07549669,0.23487461082884364,1,"{""type"":""MultiPoint"",""coordinates"":[]}"
268_0,0.74227405,0.8031064,0.6321038,0.42202643,0.42554727,0.48253676,0.6821516,0.50908387,0.5688675,0.5605962,0.105732486,0.51415384,0.8031064,0.5373484,0.105732486,0.17333360438593862,1,"{""type"":""MultiPoint"",""coordinates"":[]}"
269_0,0.726779,0.7966689,0.61430913,0.33585668,0.40534014,0.406639,0.7912668,0.44218317,0.4120482,0.64979255,0.373152,0.49785867,0.7966689,0.53765786,0.33585668,0.1619047080638776,1,"{""type"":""MultiPoint"",""coordinates"":[]}"
270_0,0.29916754,0.29302004,0.6450774,0.6602404,0.23669468,0.570417,0.8196653,0.3668763,0.25569975,-0.30837438,-0.043543544,0.4117647,0.8196653,0.35055876,-0.30837438,0.2989536672348148,1,"{""type"":""MultiPoint"",""coordinates"":[]}"
271_0,0.5346194,0.57308733,0.5900723,0.59050685,0.5692087,0.5259706,0.7745665,0.6168378,0.4621653,0.79372776,0.54657793,0.73109853,0.79372776,0.60903656,0.4621653,0.09914749167887899,1,"{""type"":""MultiPoint"",""coordinates"":[]}"
272_0,0.31545538,0.2907203,0.6366817,0.5928952,0.17038473,0.5506966,0.76680386,0.38811445,0.31543624,-0.3508772,-0.05787546,0.28843042,0.76680386,0.3255722,-0.3508772,0.2956668819182912,1,"{""type"":""MultiPoint"",""coordinates"":[]}"
273_0,0.66025406,0.61411244,0.2593235,0.04414221,0.27604762,0.37610415,0.63593066,0.39356434,0.26006868,-0.06910337,0.21221146,0.23076923,0.66025406,0.3244521,-0.06910337,0.21731186730175073,1,"{""type"":""MultiPoint"",""coordinates"":[]}"
274_0,0.72627884,0.79507715,0.30562347,0.13390157,0.18061426,0.5552699,0.72910243,0.4041462,0.015728978,-0.34037367,0.08745247,0.19864254,0.79507715,0.31595534,-0.34037367,0.3255904570721672,1,"{""type"":""MultiPoint"",""coordinates"":[]}"
275_0,0.71776223,0.79920894,0.24874207,0.0640793,0.16161059,0.5651909,0.6901058,0.34651315,0.1263425,-0.26926565,0.11510792,0.20492673,0.79920894,0.3141937,-0.26926565,0.30562387318094103,1,"{""type"":""MultiPoint"",""coordinates"":[]}"
276_0,0.58837706,0.686445,0.5646688,0.29332644,0.6625992,0.44660613,0.7096237,0.51635283,0.69162613,0.7654756,0.668046,0.6325088,0.7654756,0.602138,0.29332644,0.1260876348872632,1,"{""type"":""MultiPoint"",""coordinates"":[]}"
277_0,0.75603116,0.85289514,0.56539696,0.12192394,0.11340206,0.3089165,0.1780745,0.41452992,0.512456,0.45503902,0.5800821,0.4831337,0.85289514,0.44515675,0.11340206,0.2249070438606129,1,"{""type"":""MultiPoint"",""coordinates"":[]}"
278_0,0.7761489,0.8497337,0.5527388,0.16739812,0.27505416,0.45649838,0.8251058,0.44218814,0.18766756,0.23193917,0.18825781,0.21347402,0.8497337,0.43051705,0.16739812,0.2523655148449458,1,"{""type"":""MultiPoint"",""coordinates"":[]}"
279_0,0.7288819,0.76825005,0.61418283,0.23415264,0.32397193,0.6834774,0.696433,0.1425031,0.23237963,-0.032894738,-0.16911764,-0.12279294,0.76825005,0.34161893,-0.16911764,0.3328249722177398,1,"{""type"":""MultiPoint"",""coordinates"":[]}"
280_0,0.739503,0.8146583,0.47791448,0.16933294,0.50737464,0.5765914,0.812084,0.40893826,0.30428362,-0.37168142,-0.4109091,-0.31384015,0.8146583,0.30952084,-0.4109091,0.43133959299511576,1,"{""type"":""MultiPoint"",""coordinates"":[]}"
281_0,0.77022654,0.85340995,0.58442444,0.34455514,0.16841663,0.69659173,0.78677803,0.6354274,0.21572424,-0.25838265,-0.25660965,-0.22139038,0.85340995,0.35993096,-0.25838265,0.4074081434561415,1,"{""type"":""MultiPoint"",""coordinates"":[]}"
282_0,0.32724977,0.30861062,0.26795182,0.33712783,0.46413502,0.24934465,0.77186924,0.3679078,0.07232608,0.10854092,0.2,0.33564147,0.77186924,0.31755877,0.07232608,0.17225542114367812,1,"{""type"":""MultiPoint"",""coordinates"":[]}"
283_0,0.66670775,0.6420843,0.4567442,0.36386767,0.57694745,0.23597561,0.7225177,0.5373283,0.03947662,0.3453574,0.2712991,0.41900453,0.7225177,0.43977588,0.03947662,0.1928421225658327,1,"{""type"":""MultiPoint"",""coordinates"":[]}"
284_0,0.75455874,0.78570473,0.5064003,0.10962241,0.6100778,0.26258174,0.7796182,0.43007362,0.03699631,-0.11951219,0.025806451,0.273094,0.78570473,0.37125182,-0.11951219,0.3063255510706344,1,"{""type"":""MultiPoint"",""coordinates"":[]}"
285_0,0.709741,0.7730116,0.5183546,0.19689019,0.27491602,0.2625667,0.8287536,0.6696373,0.1235119,-0.53333336,0.108379886,0.21442126,0.8287536,0.3455709,-0.53333336,0.3666168047799976,1,"{""type"":""MultiPoint"",""coordinates"":[]}"
286_0,0.7298387,0.81547374,0.54251677,0.19063546,0.31695858,0.26638934,0.7587567,0.6924615,0.16442953,-0.43233082,0.24819277,0.32464045,0.81547374,0.38483024,-0.43233082,0.33649856843583686,1,"{""type"":""MultiPoint"",""coordinates"":[]}"
287_0,0.72045857,0.7955504,0.52751815,0.17651603,0.3702595,0.26165476,0.7329138,0.7407844,0.13417347,-0.5055762,0.09633028,0.2872,0.7955504,0.36148193,-0.5055762,0.3594227658704259,1,"{""type"":""MultiPoint"",""coordinates"":[]}"
288_0,0.65360135,0.7938299,0.57998645,0.31344396,0.21929164,0.7540492,0.8483533,0.69011575,-0.015473888,0.17620525,0.23285714,0.5305991,0.8483533,0.48140493,-0.015473888,0.2724382637218678,1,"{""type"":""MultiPoint"",""coordinates"":[]}"
289_0,0.2869081,0.6708113,0.50375146,0.61629975,0.6838334,0.52983296,0.6823833,0.7288067,-0.018454801,0.801888,0.6546341,0.6649083,0.801888,0.56713355,-0.018454801,0.21705999552197885,1,"{""type"":""MultiPoint"",""coordinates"":[]}"
290_0,0.21787709,0.50382686,0.47103795,0.47912818,0.68829936,0.6725131,0.67227507,0.63750815,-0.0025759917,0.5746758,0.6722408,0.6221985,0.68829936,0.5174171,-0.0025759917,0.20285570559678812,1,"{""type"":""MultiPoint"",""coordinates"":[]}"
291_0,0.25019526,0.23031658,0.2129234,0.17129715,0.42807263,0.3589861,0.7894461,0.19192718,0.16030294,-0.16374269,-0.0017636684,0.086407766,0.7894461,0.22619739,-0.16374269,0.22518434276119176,1,"{""type"":""MultiPoint"",""coordinates"":[]}"
292_0,0.25503612,0.24200164,0.21451664,0.16672695,0.41859674,0.3520086,0.7812706,0.16982563,0.19422151,-0.10327456,0.00445236,0.069767445,0.7812706,0.23042914,-0.10327456,0.2144538013236082,1,"{""type"":""MultiPoint"",""coordinates"":[]}"
293_0,0.26685023,0.24885064,0.21133676,0.1910356,0.36879325,0.25913045,0.79916215,0.22801788,0.11745041,-0.14653784,0.3773036,0.1285874,0.79916215,0.25416505,-0.14653784,0.20957598306266495,1,"{""type"":""MultiPoint"",""coordinates"":[]}"
294_0,0.39558196,0.6172898,0.5678678,0.28672087,0.42426148,0.6013693,0.6724306,0.19783616,0.2391123,0.62380683,0.6069629,0.2876555,0.6724306,0.46007463,0.19783616,0.166481922362654,1,"{""type"":""MultiPoint"",""coordinates"":[]}"
295_0,0.48524654,0.76034856,0.62933487,0.22112212,0.44733095,0.5836137,0.7937618,0.1644583,0.22336099,0.4858044,0.5226519,0.20655738,0.7937618,0.46029928,0.1644583,0.20728151124871041,1,"{""type"":""MultiPoint"",""coordinates"":[]}"
296_0,0.49665037,0.7896537,0.588812,0.23776071,0.43383583,0.6067582,0.7735211,0.1913836,0.30368426,0.4278788,0.38633376,0.24352919,0.7896537,0.45665014,0.1913836,0.19284892338688264,1,"{""type"":""MultiPoint"",""coordinates"":[]}"
297_0,0.3369503,0.3368692,0.3629288,0.45833334,0.4148666,0.28962773,0.5152509,0.49512267,0.35985932,0.24483776,0.39194998,0.11240029,0.5152509,0.35991642,0.11240029,0.10671481353381389,1,"{""type"":""MultiPoint"",""coordinates"":[]}"
298_0,0.74621,0.83414894,0.5893678,0.22159597,0.061967026,0.26996928,0.7366209,0.5587893,0.07187323,0.44758433,0.43047035,0.32666665,0.83414894,0.441272,0.061967026,0.2485849792798328,1,"{""type"":""MultiPoint"",""coordinates"":[]}"
299_0,0.45404306,0.46672416,0.2877624,0.27531284,0.53700787,0.29257363,0.6221714,0.40484816,0.4347003,0.4830543,0.24440299,0.39686063,0.6221714,0.40828848,0.24440299,0.11057056019336785,1,"{""type"":""MultiPoint"",""coordinates"":[]}"
300_0,0.45432943,0.48753852,0.42755464,0.26796016,0.48798382,0.42580646,0.5477048,0.36302522,0.6374348,0.76812977,0.60127735,0.33787465,0.76812977,0.48388496,0.26796016,0.13298687880172697,1,"{""type"":""MultiPoint"",""coordinates"":[]}"
301_0,0.6738403,0.7284345,0.56713325,0.14935988,0.7734297,0.4262362,0.80548185,0.5164577,0.807415,0.86102426,0.7836803,0.7491614,0.86102426,0.6534712,0.14935988,0.19757079072662334,1,"{""type"":""MultiPoint"",""coordinates"":[]}"
302_0,0.76614225,0.8714577,0.6029127,0.038107097,0.23481528,0.402971,0.83687645,0.59018224,0.2016197,-0.11004785,0.12954429,0.23158434,0.8714577,0.39968044,-0.11004785,0.3140873231930299,1,"{""type"":""MultiPoint"",""coordinates"":[]}"
303_0,0.21831453,0.7871706,0.7608188,0.27044025,0.28022963,0.821192,0.8744257,0.2232376,0.4104389,-0.018867925,-0.11297071,0.19343856,0.8744257,0.39232233,-0.11297071,0.32385921617074137,1,"{""type"":""MultiPoint"",""coordinates"":[]}"
304_0,0.20744315,0.7583965,0.7432515,0.25454944,0.25635105,0.8489888,0.87323946,0.1909496,0.45686275,-0.045714285,-0.088757396,0.21596982,0.87323946,0.3892942,-0.088757396,0.32502017418573426,1,"{""type"":""MultiPoint"",""coordinates"":[]}"
305_0,0.41738066,0.6242336,0.6411596,0.3846154,0.398773,0.6969401,0.76638174,0.36462507,0.6097391,0.48246846,0.64288414,0.49156776,0.76638174,0.54339737,0.36462507,0.1304014690526141,1,"{""type"":""MultiPoint"",""coordinates"":[]}"
306_0,0.6,0.7524637,0.55909973,0.14265233,0.82434195,0.8578912,0.5973438,0.2379736,0.55725193,0.7378837,0.35448444,0.20452261,0.8578912,0.5354924,0.14265233,0.2362161875050556,1,"{""type"":""MultiPoint"",""coordinates"":[]}"
307_0,0.5394022,0.6719243,0.49369127,0.19654715,0.71773326,0.8417914,0.6336336,0.2781759,0.5604053,0.66060394,0.2889813,0.27996665,0.8417914,0.5135713,0.19654715,0.19889334217300841,1,"{""type"":""MultiPoint"",""coordinates"":[]}"
308_0,0.70686823,0.787621,0.5598938,0.16400766,0.79489964,0.8552354,0.68561065,0.2496,0.6283042,0.7073482,0.2912088,0.1789903,0.8552354,0.550799,0.16400766,0.24621089874449803,1,"{""type"":""MultiPoint"",""coordinates"":[]}"
309_0,0.4877193,0.57706374,0.4540977,0.34234235,0.5302776,0.40393627,0.5201545,0.16566063,0.4154511,0.76809067,0.12617703,0.23178458,0.76809067,0.41856295,0.12617703,0.17476339322709464,1,"{""type"":""MultiPoint"",""coordinates"":[]}"
310_0,0.27828282,0.25631016,0.33637238,0.12974297,0.59152955,0.20684293,0.78130597,0.2751063,0.11283564,0.16283526,0.10552009,0.1856163,0.78130597,0.28519168,0.10552009,0.1959491864040837,1,"{""type"":""MultiPoint"",""coordinates"":[]}"
311_0,0.557516,0.25296167,0.22209847,0.12119836,0.5357766,0.24830168,0.87988484,0.2231537,-0.05098893,-0.45566288,-0.108561344,0.071700506,0.87988484,0.20811489,-0.45566288,0.33153041182785215,1,"{""type"":""MultiPoint"",""coordinates"":[]}"
312_0,0.53781646,0.7802198,0.61319625,0.23297213,0.21069382,0.56110185,0.825121,0.4722979,0.2538053,-0.097222224,0.10742496,0.7336277,0.825121,0.43592125,-0.097222224,0.2790882876779243,1,"{""type"":""MultiPoint"",""coordinates"":[]}"
313_0,0.4225324,0.82632095,0.6694303,0.2189781,0.18232417,0.6039157,0.8375572,0.4756486,0.33728117,-0.11821086,0.07361456,0.7672209,0.8375572,0.44138443,-0.11821086,0.29819805931492455,1,"{""type"":""MultiPoint"",""coordinates"":[]}"
314_0,0.52628607,0.8559712,0.68655944,0.21490087,0.2,0.62281764,0.8792706,0.5116812,0.28288907,-0.14285715,0.12060103,0.79678494,0.8792706,0.46290874,-0.14285715,0.31204666136895665,1,"{""type"":""MultiPoint"",""coordinates"":[]}"
315_0,0.7060834,0.7548946,0.44117233,0.23061267,0.06716582,0.6894185,0.7834261,0.19034354,0.46629423,-0.50715744,-0.4738997,0.116839916,0.7834261,0.28876615,-0.50715744,0.424094308482294,1,"{""type"":""MultiPoint"",""coordinates"":[]}"
316_0,0.7263701,0.81157434,0.5010462,0.1475797,0.05332303,0.6417727,0.81500953,0.43331912,0.2970686,0.26675427,-0.074542895,-0.011372251,0.81500953,0.38399187,-0.074542895,0.30571112293653113,1,"{""type"":""MultiPoint"",""coordinates"":[]}"
317_0,0.71902525,0.79966664,0.4012837,0.15050167,0.15369172,0.8130056,0.8248826,0.510767,0.37512776,0.3690476,0.24210526,0.15532735,0.8248826,0.45953602,0.15050167,0.2568454883815792,1,"{""type"":""MultiPoint"",""coordinates"":[]}"
318_0,0.2598151,0.2677231,0.23198259,0.1664549,0.40457183,0.2970297,0.7520868,0.7488,0.5704978,-0.32084894,0.17134559,-0.020739404,0.7520868,0.29405993,-0.32084894,0.29147470880573995,1,"{""type"":""MultiPoint"",""coordinates"":[]}"
319_0,0.39158788,0.3427835,0.27718675,0.28219697,0.5139189,0.35156637,0.6256024,0.7562227,0.45567504,0.71346086,0.52012545,0.38764045,0.7562227,0.46816394,0.27718675,0.15427355801439727,1,"{""type"":""MultiPoint"",""coordinates"":[]}"
320_0,0.5775995,0.63014126,0.30762237,0.21035059,0.5022389,0.5075641,0.76285285,0.7516825,0.18548094,0.7772894,0.7409385,0.33163753,0.7772894,0.5237832,0.18548094,0.21051197728639695,1,"{""type"":""MultiPoint"",""coordinates"":[]}"
321_0,0.24261168,0.69288975,0.6504227,0.3288754,0.22137405,0.6264641,0.812309,0.693485,0.14931396,-0.1451983,0.16245082,0.30177516,0.812309,0.3947311,-0.1451983,0.2803985893724162,1,"{""type"":""MultiPoint"",""coordinates"":[]}"
322_0,0.26648244,0.7121982,0.6907675,0.30429015,0.27415144,0.7681356,0.831574,0.74354285,0.16271964,-0.17850408,-0.07267709,0.23007396,0.831574,0.39439622,-0.17850408,0.33009227384794193,1,"{""type"":""MultiPoint"",""coordinates"":[]}"
323_0,0.14708298,0.7368579,0.72301424,0.435243,0.30232558,0.7021863,0.83179486,0.6987371,0.026627218,-0.23160434,0.12903225,0.57113117,0.83179486,0.42270234,-0.23160434,0.32843364890590643,1,"{""type"":""MultiPoint"",""coordinates"":[]}"
324_0,0.7868974,0.77794796,0.2755798,0.19053876,0.08319185,0.36323458,0.82990104,0.5193094,0.092116915,-0.317757,-0.24719101,-0.0010849909,0.82990104,0.2793904,-0.317757,0.3728035376891992,1,"{""type"":""MultiPoint"",""coordinates"":[]}"
325_0,0.7705803,0.79775876,0.29313156,-0.05072046,0.14093678,0.48026574,0.7740668,0.534588,-0.32057416,-0.9791667,-0.2985318,0.015702479,0.79775876,0.17983644,-0.9791667,0.5177678832491581,1,"{""type"":""MultiPoint"",""coordinates"":[]}"
326_0,0.79796994,0.82174385,0.3318924,0.10843736,0.09919337,0.5736929,0.7591516,0.5346216,-0.30765975,-0.9811321,-0.31780365,-0.017345704,0.82174385,0.20023015,-0.9811321,0.525396181911376,1,"{""type"":""MultiPoint"",""coordinates"":[]}"
327_0,0.39273927,0.6882614,0.39244026,0.31153643,0.40241796,0.45314708,0.5533109,0.67174727,0.2557832,0.038523275,0.111878455,0.049635038,0.6882614,0.3601184,0.038523275,0.21003146741811432,1,"{""type"":""MultiPoint"",""coordinates"":[]}"
328_0,0.5953641,0.7423997,0.4652819,0.35187286,0.34785315,0.34585184,0.51970303,0.631187,0.23365891,0.17214192,0.10335747,-0.045495093,0.7423997,0.3719314,-0.045495093,0.22211246389245773,1,"{""type"":""MultiPoint"",""coordinates"":[]}"
329_0,0.6452754,0.7150796,0.40521628,0.3123856,0.27203065,0.34170938,0.44203684,0.6605317,0.3084112,0.1764706,0.20734908,0.05385253,0.7150796,0.37836242,0.05385253,0.197109237127824,1,"{""type"":""MultiPoint"",""coordinates"":[]}"
330_0,0.48874736,0.5707878,0.5520833,0.57789856,0.73336345,0.6952348,0.690717,0.64944565,0.08229212,0.6825112,0.5992939,0.60368663,0.73336345,0.5771718,0.08229212,0.1638431737769913,1,"{""type"":""MultiPoint"",""coordinates"":[]}"
331_0,0.33280382,0.4858561,0.44790548,0.636058,0.7900144,0.5837168,0.7671666,0.73464483,-0.008130081,0.49612644,0.5872822,0.61992973,0.7900144,0.53944784,-0.008130081,0.20985554002117346,1,"{""type"":""MultiPoint"",""coordinates"":[]}"
332_0,0.6628153,0.70357186,0.5961324,0.6891471,0.7651831,0.6941008,0.75846934,0.73285997,0.03005043,0.80747664,0.75382304,0.74557126,0.80747664,0.6616001,0.03005043,0.19764161271151026,1,"{""type"":""MultiPoint"",""coordinates"":[]}"
333_0,0.5541446,0.84157753,0.62017405,0.2,0.14296885,0.3742025,0.72792757,0.57674015,0.41845188,0.13972603,0.26107445,0.37265956,0.84157753,0.43580392,0.13972603,0.22088453948420955,1,"{""type"":""MultiPoint"",""coordinates"":[]}"
334_0,0.6227045,0.7412545,0.5314836,0.13981763,0.38872215,0.6389497,0.68394995,0.5327464,0.29528284,0.55218214,0.52605045,0.5089043,0.7412545,0.513504,0.13981763,0.1617055185391842,1,"{""type"":""MultiPoint"",""coordinates"":[]}"
335_0,0.61784613,0.7220034,0.5530672,0.10884558,0.39526814,0.59898156,0.70607245,0.54806495,0.35495558,0.66255146,0.53661466,0.50877196,0.7220034,0.5260869,0.10884558,0.1646322732515174,1,"{""type"":""MultiPoint"",""coordinates"":[]}"
336_0,0.38468197,0.5843072,0.4738872,0.60243785,0.4781952,0.7232965,0.70780724,0.6417125,0.35155278,0.22834645,0.020092735,-0.16094032,0.7232965,0.4196148,-0.16094032,0.26309509262571584,1,"{""type"":""MultiPoint"",""coordinates"":[]}"
337_0,0.7387148,0.8216077,0.5774914,0.1201936,0.43992007,0.7816724,0.79046935,0.4473964,0.23562694,-0.3235832,-0.28918323,-0.24122563,0.8216077,0.34159172,-0.3235832,0.41833523564860525,1,"{""type"":""MultiPoint"",""coordinates"":[]}"
338_0,0.78655547,0.8592468,0.58992803,0.07470511,0.37115237,0.81497586,0.75200456,0.18293066,-0.3909091,-0.3487298,-0.36161616,-0.36571094,0.8592468,0.2470444,-0.3909091,0.4931232561559827,1,"{""type"":""MultiPoint"",""coordinates"":[]}"
339_0,0.740267,0.8368212,0.47255537,0.1525788,0.001154068,0.5812133,0.7911031,0.4611247,0.16720837,-0.9191919,-0.3809524,0.07409925,0.8368212,0.24816507,-0.9191919,0.4962863016768021,1,"{""type"":""MultiPoint"",""coordinates"":[]}"
340_0,0.6370358,0.80251724,0.52497345,0.17174178,0.12126538,0.41828024,0.7179031,0.58295965,0.22553864,-0.9900498,-0.19410977,0.21268925,0.80251724,0.26922876,-0.9900498,0.4693970749038853,1,"{""type"":""MultiPoint"",""coordinates"":[]}"
341_0,0.6258492,0.75154245,0.54957354,0.19441944,0.20387198,0.45566356,0.7312196,0.62102216,0.24640967,-0.7070064,-0.073548384,0.29007238,0.75154245,0.32409078,-0.7070064,0.3932329824753863,1,"{""type"":""MultiPoint"",""coordinates"":[]}"
342_0,0.5288206,0.6012592,0.2569235,0.29392081,0.4290741,0.34142998,0.42192096,0.38822302,0.6932813,0.7294152,0.7027128,0.6381651,0.7294152,0.5020955,0.2569235,0.16112173851922842,1,"{""type"":""MultiPoint"",""coordinates"":[]}"
343_0,0.44570866,0.36898395,0.3012394,0.25224328,0.5951493,0.5781792,0.8681005,0.32759297,0.5078493,0.7595474,0.51477057,0.36430922,0.8681005,0.49030614,0.25224328,0.1794246450389052,1,"{""type"":""MultiPoint"",""coordinates"":[]}"
344_0,0.7533615,0.70785886,0.3153582,0.13871105,0.79298943,0.4571219,0.76261497,0.2015191,0.15014663,-0.3554563,0.17754386,0.41243216,0.79298943,0.37618345,-0.3554563,0.32909483322574107,1,"{""type"":""MultiPoint"",""coordinates"":[]}"
345_0,0.35021687,0.24614473,0.292612,0.36414048,0.3797765,0.38058972,0.26992854,0.3481255,0.019248681,0.26123303,0.24662709,0.3302874,0.38058972,0.29074422,0.019248681,0.0951893735674252,1,"{""type"":""MultiPoint"",""coordinates"":[]}"
346_0,0.520836,0.28373265,0.42368343,0.69632655,0.7001837,0.3992798,0.512177,0.70719016,0.023740591,0.17086577,0.40522605,0.66087806,0.70719016,0.45867664,0.023740591,0.21102782483360794,1,"{""type"":""MultiPoint"",""coordinates"":[]}"
347_0,0.19228119,0.19242443,0.22691132,0.21881682,0.17061077,0.23675041,0.096005075,0.23761927,0.17463513,0.2458655,0.09552377,0.2544784,0.2544784,0.19516017,0.09552377,0.05163077770420196,1,"{""type"":""MultiPoint"",""coordinates"":[]}"
348_0,0.525,0.68606704,0.593789,0.24935353,0.39220592,0.81747067,0.849603,0.2031088,0.4187426,-0.21148537,0.3219927,0.12347989,0.849603,0.41411066,-0.21148537,0.2926010067948146,1,"{""type"":""MultiPoint"",""coordinates"":[]}"
349_0,0.5728662,0.76476115,0.6591139,0.22118142,0.46498278,0.8601064,0.8689622,0.16329704,0.3245997,-0.19461444,0.07168894,0.0,0.8689622,0.39807877,-0.19461444,0.33922944548646705,1,"{""type"":""MultiPoint"",""coordinates"":[]}"
350_0,0.42558032,0.7255163,0.62365276,0.17311168,0.4974705,0.8074881,0.8587327,0.2683438,0.13998564,-0.012148337,0.27808473,0.13227513,0.8587327,0.40984112,-0.012148337,0.2790283231851724,1,"{""type"":""MultiPoint"",""coordinates"":[]}"
351_0,0.7381295,0.79907936,0.4445331,0.19787517,0.046153847,0.59851986,0.7876818,0.55428046,0.04463012,0.041420117,0.2519894,0.31644553,0.79907936,0.40172818,0.041420117,0.27971270546090143,1,"{""type"":""MultiPoint"",""coordinates"":[]}"
352_0,0.7449699,0.81130105,0.5117727,0.18140145,0.027696794,0.5572214,0.77380955,0.56049496,0.08122341,0.0028275212,0.23715754,0.30940795,0.81130105,0.39994034,0.0028275212,0.28451138067433596,1,"{""type"":""MultiPoint"",""coordinates"":[]}"
353_0,0.61969155,0.62480086,0.46971798,0.2950516,0.21928415,0.5,0.66284657,0.53415453,0.3653111,0.07361268,0.42333132,0.24478516,0.66284657,0.4193823,0.07361268,0.17613406044695049,1,"{""type"":""MultiPoint"",""coordinates"":[]}"
354_0,0.52208835,0.73591924,0.6014967,0.32006368,0.66133106,0.7695432,0.748586,0.2649648,0.54825246,0.14810732,0.29262087,0.20197044,0.7695432,0.48457867,0.14810732,0.2178824054504378,1,"{""type"":""MultiPoint"",""coordinates"":[]}"
355_0,0.6493322,0.8224674,0.68014514,0.14250249,0.7491124,0.8614313,0.72705364,0.22675848,0.35819602,-0.17057683,-0.027829314,0.29222697,0.8614313,0.44256833,-0.17057683,0.33633072173396233,1,"{""type"":""MultiPoint"",""coordinates"":[]}"
356_0,0.6230269,0.81583565,0.66615933,0.18293886,0.67008126,0.8663252,0.7692481,0.2172352,0.15437788,-0.35093033,-0.029310346,0.215,0.8663252,0.39999896,-0.35093033,0.3700817273356301,1,"{""type"":""MultiPoint"",""coordinates"":[]}"
357_0,0.3247336,0.3172101,0.5894125,0.68599546,0.28337875,0.5510204,0.76252425,0.657757,0.18489985,0.036020584,0.49483716,0.26070037,0.76252425,0.42904082,0.036020584,0.2163113045675614,1,"{""type"":""MultiPoint"",""coordinates"":[]}"
358_0,0.26477832,0.31555307,0.3614893,0.34493348,0.5611771,0.548511,0.62431544,0.35336888,0.55129534,0.5532344,0.48522085,0.53605366,0.62431544,0.45832756,0.26477832,0.11610915353112697,1,"{""type"":""MultiPoint"",""coordinates"":[]}"
359_0,0.24033614,0.2193646,0.20255183,0.20802534,0.18677042,0.23373373,0.28507796,0.2043551,0.37309292,0.4683808,0.35936728,0.35343096,0.4683808,0.27787393,0.18677042,0.08602293896248504,1,"{""type"":""MultiPoint"",""coordinates"":[]}"
360_0,0.20609319,0.2090566,0.19416478,0.16079031,0.10328068,0.60628194,0.8307644,0.5655156,0.069936424,0.5283582,0.2897196,0.19621556,0.8307644,0.33001477,0.069936424,0.23049386817088433,1,"{""type"":""MultiPoint"",""coordinates"":[]}"
361_0,0.8371939,0.8586511,0.5192908,0.18932278,0.6310036,0.86235625,0.810032,0.23088685,-0.7617329,-0.15852535,-0.37313432,-0.38224852,0.86235625,0.2719247,-0.7617329,0.5475977737240253,1,"{""type"":""MultiPoint"",""coordinates"":[]}"
362_0,0.7613272,0.8069061,0.49957633,0.25608137,0.48466703,0.18792982,0.7558213,0.6853933,-0.019750966,-0.4052478,0.04243743,0.31049025,0.8069061,0.3638026,-0.4052478,0.3572712731933384,1,"{""type"":""MultiPoint"",""coordinates"":[]}"
363_0,0.2914975,0.26540494,0.26810175,0.23660131,0.42541435,0.33438835,0.8457622,0.5500296,0.15877438,0.17026684,0.11504425,0.23538345,0.8457622,0.3247224,0.11504425,0.19395304568407246,1,"{""type"":""MultiPoint"",""coordinates"":[]}"
364_0,0.282985,0.2834758,0.23674758,0.1923621,0.44435352,0.42943752,0.89737743,0.5881233,0.14675468,0.030144168,0.21237114,0.2976119,0.89737743,0.33681202,0.030144168,0.22010329629005956,1,"{""type"":""MultiPoint"",""coordinates"":[]}"
365_0,0.7033809,0.7773002,0.4606005,0.18716578,0.21537632,0.5915679,0.78608924,0.5601695,0.18058991,0.21657251,0.5206213,0.17510678,0.78608924,0.4478784,0.17510678,0.23242818649120298,1,"{""type"":""MultiPoint"",""coordinates"":[]}"
366_0,0.7580645,0.36095858,0.28226528,0.33919647,0.78804684,0.83006537,0.34515366,0.41837087,0.7921332,0.67459667,0.3919921,0.2762878,0.83006537,0.52142763,0.2762878,0.21482158898003706,1,"{""type"":""MultiPoint"",""coordinates"":[]}"
367_0,0.74395216,0.39829853,0.25983277,0.35379708,0.7641278,0.83534867,0.32404605,0.41732284,0.7859238,0.65910953,0.3306573,0.31117427,0.83534867,0.5152992,0.25983277,0.2116444552678419,1,"{""type"":""MultiPoint"",""coordinates"":[]}"
368_0,0.6806039,0.43054023,0.2922652,0.25720096,0.69182783,0.7918983,0.37698278,0.4162963,0.57543105,0.68968695,0.6711712,0.40996036,0.7918983,0.5236554,0.25720096,0.17225281701616707,1,"{""type"":""MultiPoint"",""coordinates"":[]}"
369_0,0.51285714,0.49974722,0.2899595,0.14364897,0.7288334,0.299698,0.58337283,0.31021196,0.46573558,0.7173913,0.6124624,0.6733004,0.7288334,0.48643488,0.14364897,0.18157419785098688,1,"{""type"":""MultiPoint"",""coordinates"":[]}"
370_0,0.37647215,0.38465732,0.26916724,0.075418994,0.42147633,0.3145016,0.61009574,0.31768882,0.41154563,0.06595906,0.30181134,0.2133637,0.61009574,0.31351316,0.06595906,0.14386818032654225,1,"{""type"":""MultiPoint"",""coordinates"":[]}"
371_0,0.7132501,0.7503538,0.25492895,0.053115424,0.49510685,0.3345484,0.8295858,0.25357756,0.57615036,0.3504,0.38562092,0.35538545,0.8295858,0.44600198,0.053115424,0.22208346887700056,1,"{""type"":""MultiPoint"",""coordinates"":[]}"
372_0,0.8108044,0.8515093,0.5950455,0.21567522,0.29542097,0.82011175,0.81242806,0.1692165,-0.3124019,-0.16135526,-0.012701101,-0.1277438,0.8515093,0.32966748,-0.3124019,0.4150843023758754,1,"{""type"":""MultiPoint"",""coordinates"":[]}"
373_0,0.25009695,0.7095798,0.67433834,0.47380883,0.5419151,0.65342003,0.5615866,0.22100656,0.058082577,-0.18791065,-0.01996008,0.06551298,0.7095798,0.33345643,-0.18791065,0.29427711705050164,1,"{""type"":""MultiPoint"",""coordinates"":[]}"
374_0,0.7002584,0.7887129,0.58747643,0.23815237,0.67254084,0.8564453,0.8454452,0.25720876,0.35865724,-0.21954484,-0.019004526,-0.09451697,0.8564453,0.41431928,-0.21954484,0.36597164133876325,1,"{""type"":""MultiPoint"",""coordinates"":[]}"
375_0,0.6795719,0.7255462,0.57577455,0.3782368,0.7907455,0.86587626,0.81993854,0.66814274,0.75444484,0.74508196,0.67321354,0.67800534,0.86587626,0.69621485,0.3782368,0.12152133425088932,1,"{""type"":""MultiPoint"",""coordinates"":[]}"
376_0,0.7200577,0.8377869,0.6519494,0.22701196,0.7760489,0.82587,0.69793,0.38938054,0.08161045,-0.1908397,0.022508038,0.3065663,0.8377869,0.44549003,-0.1908397,0.3386261628981907,1,"{""type"":""MultiPoint"",""coordinates"":[]}"
377_0,0.6306702,0.7145836,0.6568371,0.56511974,0.80734944,0.843339,0.79002506,0.71168584,0.69793206,0.71056545,0.6363636,0.67416966,0.843339,0.70322007,0.56511974,0.07642771100409612,1,"{""type"":""MultiPoint"",""coordinates"":[]}"
378_0,0.4760723,0.7120369,0.49451834,0.230554,0.35766423,0.66323227,0.6971945,0.36308807,0.44310954,0.4930385,0.5094787,0.59678656,0.7120369,0.5030645,0.230554,0.14003807726168713,1,"{""type"":""MultiPoint"",""coordinates"":[]}"
379_0,0.34767836,0.45418775,0.39589605,0.41317365,0.446084,0.48305202,0.51609117,0.5037134,0.7358292,0.34864765,0.53110635,0.38655856,0.7358292,0.4635015,0.34767836,0.10145515823306357,1,"{""type"":""MultiPoint"",""coordinates"":[]}"
380_0,0.5650241,0.80873126,0.600456,0.23839398,0.4250412,0.8290196,0.8090646,0.19502075,0.2728889,-0.10452323,0.32597557,0.70182335,0.8290196,0.472243,-0.10452323,0.28273630412841805,1,"{""type"":""MultiPoint"",""coordinates"":[]}"
381_0,0.7119131,0.7382199,0.33681345,0.14594595,0.68594694,0.26146728,0.8043361,0.19580561,-0.066931084,-0.32612056,-0.0952381,0.3141582,0.8043361,0.30885974,-0.32612056,0.35173204390345153,1,"{""type"":""MultiPoint"",""coordinates"":[]}"
382_0,0.7022254,0.735184,0.30669746,0.1419525,0.6070603,0.2629839,0.7451068,0.1985264,-0.02677433,-0.3218563,-0.04809287,0.30116624,0.7451068,0.3003483,-0.3218563,0.3284969239314827,1,"{""type"":""MultiPoint"",""coordinates"":[]}"
383_0,0.7048798,0.73510754,0.3039548,0.15437666,0.64229923,0.27150086,0.769395,0.20872666,-0.046420824,-0.35560504,-0.11411271,0.35803017,0.769395,0.3026777,-0.35560504,0.3470960084703553,1,"{""type"":""MultiPoint"",""coordinates"":[]}"
384_0,0.47863132,0.58519447,0.53479123,0.4060661,0.5542625,0.29835874,0.71279866,0.44286048,0.5777152,0.6379888,0.6152665,0.5815063,0.71279866,0.5354534,0.29835874,0.10794577259850122,1,"{""type"":""MultiPoint"",""coordinates"":[]}"
385_0,0.25794643,0.7699363,0.65840095,0.27303043,0.16030534,0.32568887,0.8090179,0.24928977,0.2099567,0.43651226,0.36548224,0.28707936,0.8090179,0.40022054,0.16030534,0.21297512676032046,1,"{""type"":""MultiPoint"",""coordinates"":[]}"
386_0,0.5718756,0.7892592,0.5966141,0.25641748,0.30147058,0.26820707,0.66270787,0.4975562,0.3158298,-0.29972997,0.089121886,0.5959387,0.7892592,0.3871057,-0.29972997,0.285145532872068,1,"{""type"":""MultiPoint"",""coordinates"":[]}"
387_0,0.64662576,0.77123344,0.54380924,0.1860882,0.2116651,0.6193205,0.79014647,0.63132596,0.23457745,0.8694082,0.6815733,0.218011,0.8694082,0.5336487,0.1860882,0.2415477506350699,1,"{""type"":""MultiPoint"",""coordinates"":[]}"
388_0,0.67661905,0.83359337,0.5568555,0.1521159,0.18770516,0.62791944,0.7744103,0.69385594,0.20026731,0.8385839,0.6961549,0.20052339,0.8385839,0.53655034,0.1521159,0.25982652085072755,1,"{""type"":""MultiPoint"",""coordinates"":[]}"
389_0,0.59751743,0.6472524,0.5620006,0.5684628,0.7691245,0.7559364,0.73360395,0.77838236,0.75165814,0.81808865,0.7923913,0.760221,0.81808865,0.71121997,0.5620006,0.08759590933255307,1,"{""type"":""MultiPoint"",""coordinates"":[]}"
390_0,0.6393083,0.6932386,0.42344826,0.28683835,0.59488523,0.79686505,0.68726635,0.54998654,0.19398779,-0.11764706,-0.22933333,-0.11474192,0.79686505,0.3670085,-0.22933333,0.34344706817894255,1,"{""type"":""MultiPoint"",""coordinates"":[]}"
391_0,0.53515065,0.6932678,0.602408,0.32378784,0.27896068,0.6813306,0.81831646,0.4033366,0.4706767,0.040450588,0.04024768,-0.18251365,0.81831646,0.39211833,-0.18251365,0.29184980088628704,1,"{""type"":""MultiPoint"",""coordinates"":[]}"
392_0,0.18449874,0.59963405,0.7100868,0.50120544,0.30567083,0.15841843,0.7769806,0.7375479,0.13978495,-0.17544876,-0.11713933,-0.1491819,0.7769806,0.30600482,-0.17544876,0.33885461097042835,1,"{""type"":""MultiPoint"",""coordinates"":[]}"
393_0,0.7697493,0.79476863,0.49216974,0.12320917,0.8123657,0.8711135,0.7760332,0.17638984,-0.040625,-0.117717005,-0.06258322,0.094836146,0.8711135,0.39080918,-0.117717005,0.3796200910448784,1,"{""type"":""MultiPoint"",""coordinates"":[]}"
394_0,0.21320495,0.7612931,0.6903892,0.36032623,0.19363762,0.8058193,0.8794744,0.57367784,0.13109426,0.17836593,-0.086338796,-0.26216045,0.8794744,0.36989865,-0.26216045,0.3540480401865963,1,"{""type"":""MultiPoint"",""coordinates"":[]}"
395_0,0.37509,0.40900424,0.28709257,0.20779727,0.7481826,0.8056368,0.59274083,0.3836565,0.6813693,0.3216924,0.23862581,-0.14751554,0.8056368,0.4086144,-0.14751554,0.25557211082684833,1,"{""type"":""MultiPoint"",""coordinates"":[]}"
396_0,0.19023849,0.27272728,0.39449543,-0.02577469,0.17782794,0.26921713,0.41842654,0.23645833,0.2051685,0.47567257,0.40827024,0.18702771,0.47567257,0.26747963,-0.02577469,0.13336480752106908,1,"{""type"":""MultiPoint"",""coordinates"":[]}"
397_0,0.2200489,0.6466155,0.5104585,0.0019120459,0.40455794,0.37452066,0.41493717,0.2574184,0.14050268,0.85886127,0.69315463,0.25237468,0.85886127,0.39794686,0.0019120459,0.23640962426221143,1,"{""type"":""MultiPoint"",""coordinates"":[]}"
398_0,0.46386403,0.59214807,0.459012,-0.055871703,0.5681972,0.50296086,0.6271269,0.43496358,0.30170456,0.7685603,0.65377814,0.34411165,0.7685603,0.47171295,-0.055871703,0.20316531628138454,1,"{""type"":""MultiPoint"",""coordinates"":[]}"
399_0,0.25437865,0.2409615,0.22023332,0.027731374,0.3290986,0.38553983,0.79696727,0.26485148,0.35430998,-0.36683416,0.1369697,0.41014183,0.79696727,0.25452912,-0.36683416,0.25883581269335376,1,"{""type"":""MultiPoint"",""coordinates"":[]}"
400_0,0.23863065,0.22891125,0.21671388,0.025924645,0.21291685,0.36,0.87441283,0.28726128,0.27903748,-0.012096774,0.33743665,0.44431862,0.87441283,0.2911223,-0.012096774,0.21433948568221683,1,"{""type"":""MultiPoint"",""coordinates"":[]}"
401_0,0.70895296,0.60366756,0.2524076,0.070284404,0.4142084,0.28463152,0.8155909,0.21291314,0.09665427,-0.39,0.06209573,0.49297053,0.8155909,0.30203143,-0.39,0.31786065075602804,1,"{""type"":""MultiPoint"",""coordinates"":[]}"
402_0,0.5912548,0.6402836,0.50507903,0.39139903,0.71528107,0.24910265,0.8119722,0.58160686,0.81928056,0.8043308,0.5261636,0.76325595,0.81928056,0.6165842,0.24910265,0.17188944033142195,1,"{""type"":""MultiPoint"",""coordinates"":[]}"
403_0,0.62917763,0.5942747,0.5036392,0.25410813,0.3280507,0.34131736,0.55089116,0.42162037,0.8009163,0.81989527,0.21437222,0.6678832,0.81989527,0.5105122,0.21437222,0.19383330179649208,1,"{""type"":""MultiPoint"",""coordinates"":[]}"
404_0,0.2463029,0.24394596,0.21864077,0.30043638,0.7457117,0.32212117,0.6772179,0.18168168,0.5826168,0.741822,0.59241164,0.13480107,0.7457117,0.4156425,0.13480107,0.22276327036052124,1,"{""type"":""MultiPoint"",""coordinates"":[]}"
405_0,0.7171271,0.8018267,0.56395274,0.1908142,0.23899083,0.45234042,0.7480148,0.57792836,0.2194557,0.13730684,0.14308552,0.58521235,0.8018267,0.44800463,0.13730684,0.2395080138150304,1,"{""type"":""MultiPoint"",""coordinates"":[]}"
406_0,0.75325185,0.72786885,0.35244924,0.26166514,0.28082737,0.44241357,0.76984245,0.51058006,0.0071610073,0.34149328,0.27364734,0.4010665,0.76984245,0.42685556,0.0071610073,0.22055836198211878,1,"{""type"":""MultiPoint"",""coordinates"":[]}"
407_0,0.7856242,0.8072816,0.32725322,0.22328371,0.32983544,0.4340628,0.8464637,0.5190343,0.121873125,0.42917997,0.20061022,0.5789067,0.8464637,0.46695074,0.121873125,0.23573793856984354,1,"{""type"":""MultiPoint"",""coordinates"":[]}"
408_0,0.76790005,0.6563536,0.26662278,0.26950353,0.492126,0.504698,0.8346436,0.25371206,-0.2021773,-0.394913,0.032258064,0.15580165,0.8346436,0.30304408,-0.394913,0.35849409868636933,1,"{""type"":""MultiPoint"",""coordinates"":[]}"
409_0,0.7784818,0.63299924,0.29132625,0.22950819,0.47440273,0.5893413,0.8468107,0.24215706,-0.12525171,-0.4205021,0.08309991,0.22067268,0.8468107,0.32025385,-0.4205021,0.3546991930171739,1,"{""type"":""MultiPoint"",""coordinates"":[]}"
410_0,0.80284077,0.75295275,0.30784798,0.256433,0.6824365,0.54787236,0.86064154,0.2959467,-0.21909091,-0.4529148,-0.0072639226,0.15926327,0.86064154,0.3322471,-0.4529148,0.4000087488894147,1,"{""type"":""MultiPoint"",""coordinates"":[]}"
411_0,0.25974026,0.3882064,0.3613692,0.25695497,0.4458042,0.5066211,0.572097,0.38447973,0.35552913,0.46249363,0.25116822,0.27348396,0.572097,0.37649566,0.25116822,0.10103683211394453,1,"{""type"":""MultiPoint"",""coordinates"":[]}"
412_0,0.51048124,0.684133,0.54119265,0.2320819,0.53838253,0.6871413,0.62580055,0.22411278,0.1957848,0.2942584,0.14480992,0.39807138,0.6871413,0.42302087,0.14480992,0.1906661325807923,1,"{""type"":""MultiPoint"",""coordinates"":[]}"
413_0,0.53278106,0.4905393,0.4085767,0.44095308,0.48563686,0.5855142,0.65599793,0.41770777,0.65503186,0.6446837,0.58324385,0.5368924,0.65599793,0.5364632,0.4085767,0.08609066782006343,1,"{""type"":""MultiPoint"",""coordinates"":[]}"
414_0,0.78185713,0.85022897,0.48037562,0.21053848,0.13642444,0.23063996,0.8366092,0.18979266,0.09290259,-0.4056604,-0.14078675,0.29462832,0.85022897,0.29646254,-0.4056604,0.3699276270325734,1,"{""type"":""MultiPoint"",""coordinates"":[]}"
415_0,0.7324018,0.7249968,0.35557166,0.1290944,0.57908714,0.11325473,0.83382046,0.26862085,-0.07646177,-0.37157106,0.03444317,0.11629024,0.83382046,0.28662905,-0.37157106,0.3527816109433889,1,"{""type"":""MultiPoint"",""coordinates"":[]}"
416_0,0.52795416,0.69670165,0.52300304,0.42913777,0.28786927,0.1438327,0.76232225,0.3854328,0.49535704,0.52017605,0.1712,0.40620828,0.76232225,0.44576624,0.1438327,0.17815165441470063,1,"{""type"":""MultiPoint"",""coordinates"":[]}"
417_0,0.23725647,0.754617,0.613825,0.22572665,0.19150285,0.6404887,0.6942294,0.68893385,0.24485195,-0.30501932,-0.18541034,-0.20051746,0.754617,0.3000404,-0.30501932,0.36563154765648304,1,"{""type"":""MultiPoint"",""coordinates"":[]}"
418_0,0.2236693,0.6729138,0.57228196,0.20634921,0.1512987,0.5429448,0.6998761,0.7394612,0.17828843,-0.31428573,-0.14835165,-0.20114122,0.7394612,0.27694207,-0.31428573,0.3535419176008983,1,"{""type"":""MultiPoint"",""coordinates"":[]}"
419_0,0.20985691,0.7463866,0.6182041,0.2,0.14947197,0.36423558,0.6277627,0.6296706,0.059557218,-0.31764707,-0.33554816,-0.47619048,0.7463866,0.20631334,-0.47619048,0.3981105472709689,1,"{""type"":""MultiPoint"",""coordinates"":[]}"
420_0,0.7568649,0.80496216,0.33678502,0.11527854,0.6994646,0.16654615,0.834,0.21938089,0.26753506,0.1,0.13451892,0.20930232,0.834,0.38705322,0.1,0.2819500175906476,1,"{""type"":""MultiPoint"",""coordinates"":[]}"
421_0,0.7093731,0.80899805,0.5653742,0.2215159,0.42285904,0.21960072,0.82110745,0.51044023,0.31816724,-0.5421687,-0.2203898,0.21045576,0.82110745,0.33711112,-0.5421687,0.3886429457230127,1,"{""type"":""MultiPoint"",""coordinates"":[]}"
422_0,0.70566523,0.8458879,0.6119403,0.25343093,0.51417655,0.11077258,0.7662857,0.53429425,0.32896462,0.17150396,-0.01141925,0.22344828,0.8458879,0.4212459,-0.01141925,0.26767727312346534,1,"{""type"":""MultiPoint"",""coordinates"":[]}"
423_0,0.39004976,0.41387796,0.4659776,-0.010569583,0.29685363,0.3288385,0.48925266,0.44969198,0.27583605,0.75606424,0.7054078,0.56996167,0.75606424,0.4276035,-0.010569583,0.19462921600412486,1,"{""type"":""MultiPoint"",""coordinates"":[]}"
424_0,0.23018868,0.21496972,0.26983225,0.045133993,0.28088397,0.5247006,0.723042,0.5142255,0.045492604,0.8946688,0.8357803,0.6252135,0.8946688,0.43367767,0.045133993,0.28143622548446684,1,"{""type"":""MultiPoint"",""coordinates"":[]}"
425_0,0.36676177,0.34934992,0.38646698,0.085375495,0.4741726,0.51483774,0.6799224,0.5958498,0.05537844,0.8984547,0.5986637,0.5675364,0.8984547,0.4643975,0.05537844,0.22789568501671192,1,"{""type"":""MultiPoint"",""coordinates"":[]}"
426_0,0.61228836,0.6137885,0.51090986,0.13606474,0.5791624,0.31549117,0.64532214,0.4172648,0.11533206,0.642048,0.4984236,0.59862244,0.64532214,0.4737265,0.11533206,0.18165686703411635,1,"{""type"":""MultiPoint"",""coordinates"":[]}"
427_0,0.67684776,0.6785304,0.5833333,0.11916264,0.8120417,0.3058951,0.7611336,0.5727003,0.08392806,0.5133779,0.6222852,0.741397,0.8120417,0.53921944,0.08392806,0.23304428714334016,1,"{""type"":""MultiPoint"",""coordinates"":[]}"
428_0,0.5839916,0.7009136,0.560047,0.11275113,0.8203091,0.29670674,0.81104654,0.5680861,0.19973,0.8559154,0.80669147,0.74342763,0.8559154,0.58830136,0.11275113,0.24543989169529146,1,"{""type"":""MultiPoint"",""coordinates"":[]}"
429_0,0.21350665,0.26848248,0.5758248,0.0110511435,0.14281529,0.5156467,0.6802536,0.69207,0.18082081,0.5893945,0.8544304,0.7104291,0.8544304,0.4528938,0.0110511435,0.2631297634601006,1,"{""type"":""MultiPoint"",""coordinates"":[]}"
430_0,0.22009796,0.2847352,0.5621318,0.026554203,0.12857573,0.508125,0.6899545,0.71324676,0.19182555,0.75875,0.8517498,0.71532136,0.8517498,0.47092232,0.026554203,0.27296861723522525,1,"{""type"":""MultiPoint"",""coordinates"":[]}"
431_0,0.23848636,0.40866426,0.6310388,0.0029390154,0.18096323,0.58108884,0.73704904,0.74834436,0.020392844,0.7962482,0.79211086,0.7025429,0.7962482,0.4866557,0.0029390154,0.2900001426215271,1,"{""type"":""MultiPoint"",""coordinates"":[]}"
432_0,0.737475,0.6678638,0.25073215,0.18664643,0.72110504,0.15729658,0.8299344,0.19126767,-0.35029355,-0.41549954,-0.055259928,0.32938036,0.8299344,0.27088737,-0.41549954,0.3962380332532451,1,"{""type"":""MultiPoint"",""coordinates"":[]}"
433_0,0.2263398,0.17668904,0.1584529,0.10803689,0.75421107,0.15060379,0.6708029,0.20504732,-0.09719058,-0.36340854,-0.037769783,0.18008877,0.75421107,0.17765863,-0.36340854,0.2885862108826077,1,"{""type"":""MultiPoint"",""coordinates"":[]}"
434_0,0.2604491,0.4513191,0.3588292,0.21362229,0.7669192,0.1430865,0.6706731,0.23620026,0.16432226,-0.15473442,-0.06104468,0.20537814,0.7669192,0.27125168,-0.15473442,0.25397979567546736,1,"{""type"":""MultiPoint"",""coordinates"":[]}"
435_0,0.6752368,0.8012509,0.6279006,0.16645597,0.59804267,0.85682327,0.7801926,0.15173675,0.33043006,0.6690909,0.67206395,0.10724487,0.85682327,0.5363724,0.10724487,0.2599893371881175,1,"{""type"":""MultiPoint"",""coordinates"":[]}"
436_0,0.6406141,0.735768,0.59898233,0.21269095,0.66269594,0.847396,0.78026664,0.110228404,0.35652173,0.52321595,0.7298077,0.19990514,0.847396,0.5331744,0.110228404,0.24085180989340893,1,"{""type"":""MultiPoint"",""coordinates"":[]}"
437_0,0.6218978,0.74642056,0.599112,0.17416379,0.5428777,0.78524745,0.7667464,0.111409396,0.23959297,0.48198128,0.75471234,0.07672097,0.78524745,0.49174023,0.07672097,0.25953432977782065,1,"{""type"":""MultiPoint"",""coordinates"":[]}"
438_0,0.7138162,0.79511166,0.554911,0.33535352,0.60209244,0.37279946,0.82463753,0.37477797,0.26793033,0.17588933,0.02754491,0.29705942,0.82463753,0.44516033,0.02754491,0.24114638763585883,1,"{""type"":""MultiPoint"",""coordinates"":[]}"
439_0,0.6860584,0.78514427,0.5124354,0.1813054,0.48944947,0.40333697,0.8079657,0.33614752,0.16632232,-0.22012578,0.17039107,0.20292237,0.8079657,0.3767794,-0.22012578,0.2877224933730477,1,"{""type"":""MultiPoint"",""coordinates"":[]}"
440_0,0.67018604,0.7577262,0.3239494,0.16948485,0.638023,0.3277205,0.40297028,0.50874126,0.14908293,0.125387,0.06918239,0.22138174,0.7577262,0.36365297,0.06918239,0.22313400086875843,1,"{""type"":""MultiPoint"",""coordinates"":[]}"
441_0,0.4178843,0.42655626,0.38246506,0.33846638,0.39362395,0.43708116,0.46075085,0.47842947,0.53137255,0.5248042,0.52526593,0.48732942,0.53137255,0.4503358,0.33846638,0.05924875032099413,1,"{""type"":""MultiPoint"",""coordinates"":[]}"
442_0,0.4178843,0.42655626,0.38246506,0.33846638,0.39362395,0.43708116,0.46075085,0.47842947,0.53137255,0.5248042,0.52526593,0.48732942,0.53137255,0.4503358,0.33846638,0.05924875032099413,1,"{""type"":""MultiPoint"",""coordinates"":[]}"
443_0,0.3866846,0.38905278,0.32733697,0.35841233,0.40488967,0.4210909,0.4568289,0.40952381,0.46888888,0.56626964,0.4462107,0.49154767,0.56626964,0.42722806,0.32733697,0.06130987579381312,1,"{""type"":""MultiPoint"",""coordinates"":[]}"
444_0,0.62138367,0.6031746,0.55808234,0.5759303,0.6911847,0.73348707,0.7475969,0.5911659,0.65033054,0.7880124,0.7457683,0.7197344,0.7880124,0.6688209,0.55808234,0.07496155975647963,1,"{""type"":""MultiPoint"",""coordinates"":[]}"
445_0,0.33962804,0.58861125,0.6027483,0.38634813,0.31941855,0.2594135,0.65667164,0.67156065,0.33655393,0.6319218,0.52491695,0.23196036,0.67156065,0.46247944,0.23196036,0.1584314327800885,1,"{""type"":""MultiPoint"",""coordinates"":[]}"
446_0,0.37541774,0.4405534,0.38407645,0.33333334,0.19235013,0.72823644,0.8162584,0.312085,-3.4211428E-4,0.33808506,0.8104437,0.5342112,0.8162584,0.4387257,-3.4211428E-4,0.2365361721626132,1,"{""type"":""MultiPoint"",""coordinates"":[]}"
447_0,0.7855391,0.6281191,0.2506372,0.24259833,0.24584104,0.18596059,0.7705278,0.6327448,0.2729544,0.075630255,-0.012345679,0.2809406,0.7855391,0.3632623,-0.012345679,0.25790284989937773,1,"{""type"":""MultiPoint"",""coordinates"":[]}"
448_0,0.77576256,0.6312722,0.24146225,0.25949368,0.25515568,0.2081775,0.7413916,0.6363636,0.2633904,0.10273973,-0.016106766,0.2536974,0.77576256,0.36273333,-0.016106766,0.25077576968730503,1,"{""type"":""MultiPoint"",""coordinates"":[]}"
449_0,0.7829946,0.58114284,0.24364792,0.28790984,0.2960822,0.2782936,0.8338754,0.6212034,0.21937323,0.08470588,-0.055255,0.14839672,0.8338754,0.36019757,-0.055255,0.2681549478089127,1,"{""type"":""MultiPoint"",""coordinates"":[]}"
450_0,0.24814434,0.22959183,0.19305529,0.09114415,0.67882127,0.13271534,0.21147616,0.754196,0.6466098,0.08221798,0.21613833,0.44527897,0.754196,0.3274491,0.08221798,0.23003425601096641,1,"{""type"":""MultiPoint"",""coordinates"":[]}"
451_0,0.3201561,0.29544365,0.24293159,0.12875536,0.6938085,0.122103944,0.20012037,0.7938534,0.64031255,0.18066157,0.18803419,0.37879753,0.7938534,0.34874824,0.122103944,0.22246551197792738,1,"{""type"":""MultiPoint"",""coordinates"":[]}"
452_0,0.25226083,0.2364005,0.18884818,0.14372778,0.7508326,0.13010366,0.20357409,0.74041146,0.65067625,0.07727273,0.1519337,0.33484256,0.7508326,0.32174036,0.07727273,0.23602999168737168,1,"{""type"":""MultiPoint"",""coordinates"":[]}"
453_0,0.27668038,0.28390318,0.3254216,0.3035838,0.31721672,0.2825916,0.86315787,0.533828,0.17419355,-0.17577548,0.057444315,0.34085086,0.86315787,0.29859138,-0.17577548,0.23744326581219968,1,"{""type"":""MultiPoint"",""coordinates"":[]}"
454_0,0.34097135,0.36836383,0.3846558,0.22445256,0.047361962,0.290201,0.8309782,0.38448012,0.18066157,-0.5541872,0.15492958,0.63817024,0.8309782,0.27425325,-0.5541872,0.32191487182834866,1,"{""type"":""MultiPoint"",""coordinates"":[]}"
455_0,0.29002377,0.27067208,0.2762637,0.24053627,0.12078913,0.29947627,0.7934272,0.5543223,0.23940837,-0.44444445,-0.043902438,0.34852844,0.7934272,0.24542506,-0.44444445,0.28694914717363723,1,"{""type"":""MultiPoint"",""coordinates"":[]}"
456_0,0.63533694,0.66364914,0.32461122,0.31151003,0.3744799,0.7402797,0.7684157,0.2922017,0.42153966,0.28292048,0.11976912,0.13545151,0.7684157,0.42251375,0.11976912,0.21579403870848016,1,"{""type"":""MultiPoint"",""coordinates"":[]}"
457_0,0.76645494,0.7142097,0.2567201,0.19822222,0.39329806,0.8430365,0.8788382,0.20650147,0.13778785,-0.21014492,0.042372882,0.5574266,0.8788382,0.39872697,-0.21014492,0.3355352833827703,1,"{""type"":""MultiPoint"",""coordinates"":[]}"
458_0,0.3153647,0.4254088,0.46522412,0.6581383,0.49890795,0.57158166,0.54194325,0.42099342,0.25954053,0.7444795,0.5298103,0.61245114,0.7444795,0.50365365,0.25954053,0.13227566494771087,1,"{""type"":""MultiPoint"",""coordinates"":[]}"
459_0,0.6900057,0.5222378,0.24138801,0.3046953,0.44826603,0.2576224,0.6700634,0.3613074,0.08932559,-0.2213868,-0.0028423013,0.43338722,0.6900057,0.31617248,-0.2213868,0.25690961592050887,1,"{""type"":""MultiPoint"",""coordinates"":[]}"
460_0,0.7125405,0.5675073,0.19243896,0.29182878,0.4789688,0.24511734,0.7193396,0.28894866,0.28962314,0.48849326,0.11790824,0.4479638,0.7193396,0.40338987,0.11790824,0.1885935394417203,1,"{""type"":""MultiPoint"",""coordinates"":[]}"
461_0,0.7401701,0.7896416,0.54692394,0.3214441,0.5067396,0.23575906,0.8485548,0.40695298,0.46941125,0.10692771,-0.012322275,0.5274643,0.8485548,0.4573056,-0.012322275,0.2537175346642994,1,"{""type"":""MultiPoint"",""coordinates"":[]}"
462_0,0.23596491,0.22375898,0.19765984,0.20052083,0.15535827,0.47476095,0.76257545,0.6729592,0.12545855,0.046904314,0.44988963,0.6426726,0.76257545,0.3490403,0.046904314,0.23100760342372043,1,"{""type"":""MultiPoint"",""coordinates"":[]}"
463_0,0.23596491,0.22375898,0.19765984,0.20052083,0.15535827,0.47476095,0.76257545,0.6729592,0.12545855,0.046904314,0.44988963,0.6426726,0.76257545,0.3490403,0.046904314,0.23100760342372043,1,"{""type"":""MultiPoint"",""coordinates"":[]}"
464_0,0.41800642,0.44030562,0.37509748,0.41282514,0.41228572,0.31452876,0.5031977,0.50208247,0.43586972,0.34689507,0.34197617,0.3507014,0.5031977,0.404481,0.31452876,0.058397497090619706,1,"{""type"":""MultiPoint"",""coordinates"":[]}"
465_0,0.5313958,0.77617866,0.6679578,0.37366548,0.5725086,0.8270151,0.80054986,0.49513382,0.023550088,0.017257039,0.44475603,0.34310582,0.8270151,0.48942283,0.017257039,0.2598639534111441,1,"{""type"":""MultiPoint"",""coordinates"":[]}"
466_0,0.38181818,0.708722,0.63156366,0.33883408,0.5915641,0.8089105,0.72083235,0.19474013,0.33258426,0.016464472,-0.0247191,-0.08233029,0.8089105,0.38491538,-0.08233029,0.2977576090722405,1,"{""type"":""MultiPoint"",""coordinates"":[]}"
467_0,0.26126125,0.7933386,0.7078469,0.30726644,0.09536308,0.7027966,0.8001378,0.62750715,-0.12105263,-0.10709117,0.02157032,-0.07189543,0.8001378,0.33475408,-0.12105263,0.3555675433659331,1,"{""type"":""MultiPoint"",""coordinates"":[]}"
468_0,0.7097931,0.7858095,0.6651112,0.1986905,0.20717782,0.19945726,0.15102975,0.23210831,0.04002444,0.11203931,0.021491783,0.51350117,0.7858095,0.31968617,0.021491783,0.26052075997803914,1,"{""type"":""MultiPoint"",""coordinates"":[]}"
469_0,0.5498112,0.65870583,0.5716428,0.44232854,0.4128774,0.66157174,0.66988367,0.6340469,0.16172107,-0.01344364,0.17548746,0.24132429,0.66988367,0.43049645,-0.01344364,0.22527053608074307,1,"{""type"":""MultiPoint"",""coordinates"":[]}"
470_0,0.7682867,0.8151035,0.6687483,0.2029381,0.2987013,0.32094812,0.35557675,0.31855136,0.17778964,0.18287526,0.083226636,0.55359113,0.8151035,0.39552808,0.083226636,0.23529045624599668,1,"{""type"":""MultiPoint"",""coordinates"":[]}"
471_0,0.7241755,0.73837495,0.24513203,0.13930148,0.46563846,0.6304539,0.78429615,0.15325515,0.18067633,-0.26060605,-0.27728087,-0.32060027,0.78429615,0.2669014,-0.32060027,0.39023642560376504,1,"{""type"":""MultiPoint"",""coordinates"":[]}"
472_0,0.62531143,0.6440039,0.52828026,0.29008263,0.33861881,0.7005772,0.6063618,0.2851646,0.240754,0.37470543,-0.08305648,0.04693814,0.7005772,0.38314515,-0.08305648,0.23616974513261293,1,"{""type"":""MultiPoint"",""coordinates"":[]}"
473_0,0.72775316,0.8192871,0.5106901,0.16485654,0.19394435,0.37098753,0.40547588,0.67936164,0.4960265,-0.33734939,-0.3487298,-0.30680507,0.8192871,0.28129154,-0.3487298,0.39959528422650603,1,"{""type"":""MultiPoint"",""coordinates"":[]}"
474_0,0.6909339,0.8195413,0.47029456,0.15719697,0.32365236,0.38854408,0.8182583,0.4510882,0.07905315,-0.008,-0.19330855,0.04480759,0.8195413,0.33683848,-0.19330855,0.3172587347717603,1,"{""type"":""MultiPoint"",""coordinates"":[]}"
475_0,0.66422045,0.7779343,0.37814456,0.21290801,0.18237324,0.393534,0.7997652,0.60712516,0.092869565,-0.29357797,0.003146633,0.035098154,0.7997652,0.32112846,-0.29357797,0.327823756831369,1,"{""type"":""MultiPoint"",""coordinates"":[]}"
476_0,0.66661483,0.7882353,0.4086352,0.22131754,0.25575173,0.40790698,0.7714182,0.6290403,-0.016499283,-0.342723,-0.012239902,0.052757792,0.7882353,0.31918463,-0.342723,0.3418512909473376,1,"{""type"":""MultiPoint"",""coordinates"":[]}"
477_0,0.33693758,0.5177107,0.41410896,0.059591837,0.4968017,0.6969246,0.8275901,0.6275977,0.18282327,0.4509517,0.7278374,0.15364397,0.8275901,0.45770997,0.059591837,0.23166848715763178,1,"{""type"":""MultiPoint"",""coordinates"":[]}"
478_0,0.2482607,0.41770512,0.4151813,0.08852459,0.5592856,0.70536125,0.82681376,0.53157187,0.024719968,0.6580427,0.7686221,0.1957429,0.82681376,0.4533193,0.024719968,0.25651399857444906,1,"{""type"":""MultiPoint"",""coordinates"":[]}"
479_0,0.35117635,0.8310593,0.64919156,0.2262242,0.2904831,0.6923634,0.7443927,0.5724382,0.015404872,0.34007585,0.22575517,0.68135446,0.8310593,0.4683266,0.015404872,0.24686459164040409,1,"{""type"":""MultiPoint"",""coordinates"":[]}"
480_0,0.34833246,0.33984628,0.29731873,0.36165327,0.35378525,0.36897,0.38056165,0.28617206,0.4545229,0.49017406,0.39243498,0.4744992,0.49017406,0.37902257,0.28617206,0.06202558137094556,1,"{""type"":""MultiPoint"",""coordinates"":[]}"
481_0,0.2947498,0.2761417,0.2395812,0.17160493,0.39922154,0.68980056,0.7761703,0.20066704,0.5766649,0.8474035,0.5873312,0.318076,0.8474035,0.44811773,0.17160493,0.22637373979405262,1,"{""type"":""MultiPoint"",""coordinates"":[]}"
482_0,0.70606834,0.81699866,0.49563432,0.21388888,-0.03219448,0.6559176,0.6643559,0.43568915,0.12275449,-0.015075377,0.042606518,-0.030944625,0.81699866,0.3396416,-0.03219448,0.31006330378104074,1,"{""type"":""MultiPoint"",""coordinates"":[]}"
483_0,0.5213408,0.8260244,0.59757775,0.21685761,0.28988242,0.31050655,0.24102846,0.2986236,0.3879399,-0.2670157,-0.3133515,-0.17512691,0.8260244,0.24452396,-0.3133515,0.3315501089710518,1,"{""type"":""MultiPoint"",""coordinates"":[]}"
484_0,0.6456241,0.8035969,0.6575694,0.13349713,0.20454545,0.59081703,0.65583175,0.73557186,0.23188406,0.06940874,-0.155,-0.22515528,0.8035969,0.36234927,-0.22515528,0.3455244997253617,1,"{""type"":""MultiPoint"",""coordinates"":[]}"
485_0,0.24298696,0.29818454,0.3320835,0.15058704,0.42265427,0.43786156,0.3213633,0.30535054,0.2787917,0.14789534,0.3484613,0.25175402,0.43786156,0.29483116,0.14789534,0.08616043979042394,1,"{""type"":""MultiPoint"",""coordinates"":[]}"
486_0,0.27750176,0.24710289,0.19309887,0.024841132,0.15149057,0.6237942,0.6450959,0.66535074,0.11676083,-0.46415094,-0.0703259,-0.01360307,0.66535074,0.19974642,-0.46415094,0.31653023323081914,1,"{""type"":""MultiPoint"",""coordinates"":[]}"
487_0,0.24146461,0.25394836,0.19615205,0.04684492,0.10889333,0.5538605,0.5486469,0.5912586,0.092307694,-0.368,-0.26736844,-0.047811992,0.5912586,0.16251637,-0.368,0.29346522112204343,1,"{""type"":""MultiPoint"",""coordinates"":[]}"
488_0,0.6383163,0.74814814,0.41047913,0.11901082,0.032904148,0.6067602,0.64740896,0.624355,0.15569824,-0.1509434,-0.17832957,-0.021410579,0.74814814,0.30269977,-0.17832957,0.33012472482270727,1,"{""type"":""MultiPoint"",""coordinates"":[]}"
489_0,0.28105262,0.80949813,0.6298718,0.19408946,0.3226943,0.36585367,0.34469742,0.39978564,0.5348746,-0.24904214,-0.14537445,-0.2711111,0.80949813,0.26807415,-0.2711111,0.32476851548604857,1,"{""type"":""MultiPoint"",""coordinates"":[]}"
490_0,0.2794899,0.7487002,0.5659974,0.19930299,0.29752257,0.3762268,0.32359916,0.21866897,0.35283253,-0.039426524,-0.09166667,-0.21118881,0.7487002,0.25167155,-0.21118881,0.258251508569063,1,"{""type"":""MultiPoint"",""coordinates"":[]}"
491_0,0.31434438,0.7651638,0.57454395,0.18329671,0.28770983,0.43657044,0.38409638,0.33589366,0.45351732,0.3164557,0.0018416207,-0.06546275,0.7651638,0.3323309,-0.06546275,0.21727413428771622,1,"{""type"":""MultiPoint"",""coordinates"":[]}"
492_0,0.50420403,0.58265585,0.3705357,0.45828196,0.5411178,0.3814907,0.63661677,0.5774829,0.41729686,0.53401095,0.42507204,0.36083868,0.63661677,0.48246703,0.36083868,0.08899516835876353,1,"{""type"":""MultiPoint"",""coordinates"":[]}"
493_0,0.7523573,0.55823,0.20721185,0.36254108,0.46174863,0.33919966,0.50906265,0.42461964,0.25793543,0.45859087,0.15719064,0.2248062,0.7523573,0.39279115,0.15719064,0.16340494035654132,1,"{""type"":""MultiPoint"",""coordinates"":[]}"
494_0,0.786623,0.7728291,0.31608897,0.2021419,0.6102187,0.42857143,0.7632287,0.18014477,0.12099792,-0.6949807,0.017872341,0.35462686,0.786623,0.32153025,-0.6949807,0.39905749013896624,1,"{""type"":""MultiPoint"",""coordinates"":[]}"
495_0,0.38328597,0.35994333,0.36302564,0.3749083,0.45136458,0.43296817,0.55429786,0.5030571,0.41476104,0.62889814,0.61330354,0.41021457,0.62889814,0.45750234,0.35994333,0.09154741441456772,1,"{""type"":""MultiPoint"",""coordinates"":[]}"
496_0,0.36571094,0.3953954,0.37662336,0.36825886,0.3001539,0.41981885,0.6593432,0.44467387,0.33671457,0.7182952,0.66740793,0.3623895,0.7182952,0.45123214,0.3001539,0.1381753878202744,1,"{""type"":""MultiPoint"",""coordinates"":[]}"
497_0,0.338499,0.26909986,0.24424613,0.24832214,0.3241842,0.7449583,0.87686723,0.49909738,0.29269594,0.83411765,0.7466919,0.14986376,0.87686723,0.46405363,0.14986376,0.2522648877531961,1,"{""type"":""MultiPoint"",""coordinates"":[]}"
498_0,0.60782826,0.6979973,0.4089946,0.1934052,0.57287776,0.14961484,0.72386783,0.33751705,0.43492883,-0.3258312,0.4913958,0.12340426,0.72386783,0.36800003,-0.3258312,0.28529993003153586,1,"{""type"":""MultiPoint"",""coordinates"":[]}"
499_0,0.44100085,0.46377,0.39830884,0.45845005,0.4877563,0.14918824,0.5995368,0.45130774,0.42619878,-0.06616257,0.3324709,0.30250633,0.5995368,0.37036103,-0.06616257,0.1692482298438982,1,"{""type"":""MultiPoint"",""coordinates"":[]}"
500_0,0.67005014,0.7355059,0.41460177,0.18015666,0.60186625,0.1521622,0.7292859,0.281106,0.23320895,-0.35365853,0.3250466,-0.01970273,0.7355059,0.32913575,-0.35365853,0.31306310132175064,1,"{""type"":""MultiPoint"",""coordinates"":[]}"
501_0,0.712633,0.7952402,0.51319647,0.15749285,0.63889855,0.411562,0.82310754,0.23908919,-0.092615016,-0.21132076,-0.2187858,0.03178484,0.82310754,0.31669027,-0.2187858,0.36960233994113356,1,"{""type"":""MultiPoint"",""coordinates"":[]}"
502_0,0.72289765,0.7518322,0.32207283,0.18075314,0.34066865,0.25160223,0.7413249,0.18010753,-0.20129403,-0.17218544,-0.22966014,0.040165633,0.7518322,0.24402377,-0.22966014,0.34102156112045323,1,"{""type"":""MultiPoint"",""coordinates"":[]}"
503_0,0.82349473,0.8669106,0.49096587,0.22112495,0.027618552,0.4369748,0.84494436,0.17484276,-0.6363636,-0.23950617,-0.18971631,-0.12677725,0.8669106,0.22454277,-0.6363636,0.4623477398875345,1,"{""type"":""MultiPoint"",""coordinates"":[]}"
504_0,0.76598215,0.7857046,0.36646885,0.15086329,0.13459119,0.752197,0.78518516,0.7966353,0.30519685,-0.47810218,-0.3390453,-0.16696113,0.7966353,0.32155967,-0.47810218,0.44906621482249376,1,"{""type"":""MultiPoint"",""coordinates"":[]}"
505_0,0.769863,0.79034376,0.37170684,0.16779248,0.26113248,0.82954335,0.8174804,0.30126584,0.102342784,-0.14614122,-0.21002387,-0.013400335,0.82954335,0.33682546,-0.21002387,0.366711109487214,1,"{""type"":""MultiPoint"",""coordinates"":[]}"
506_0,0.6840032,0.5800451,0.2680851,0.070401214,0.26532662,0.62473255,0.632218,0.33139816,0.16342993,0.4755981,0.014330218,0.3979239,0.6840032,0.37562433,0.014330218,0.2178837368635076,1,"{""type"":""MultiPoint"",""coordinates"":[]}"
507_0,0.64811873,0.7868298,0.5338542,0.2256707,0.13417548,0.33454245,0.81167996,0.23416667,-0.0041220114,-0.22807017,-0.019307833,0.1122638,0.81167996,0.29748347,-0.22807017,0.31907660604701976,1,"{""type"":""MultiPoint"",""coordinates"":[]}"
508_0,0.45752802,0.6837199,0.5121558,0.15974844,0.150107,0.22878121,0.6688571,0.31952795,0.13772938,0.7412858,0.034234233,0.24231593,0.7412858,0.36133257,0.034234233,0.23284421457203433,1,"{""type"":""MultiPoint"",""coordinates"":[]}"
509_0,0.5089075,0.8754681,0.6254626,0.17423616,0.100834325,0.36065573,0.8540445,0.5432414,0.021201413,-0.29411766,0.080815524,-0.048543688,0.8754681,0.31685048,-0.29411766,0.3538888374201656,1,"{""type"":""MultiPoint"",""coordinates"":[]}"
510_0,0.63148314,0.52439374,0.25681025,0.06465368,0.29883483,0.24944921,0.29059428,0.44726166,0.586895,0.5651163,0.6137931,0.5516763,0.63148314,0.42341346,0.06465368,0.17641096458247554,1,"{""type"":""MultiPoint"",""coordinates"":[]}"
511_0,0.24845766,0.7979334,0.6189361,0.15592635,0.028591353,0.40451494,0.36079237,0.60990185,0.1804323,-0.35849056,-0.1583514,-0.32463768,0.7979334,0.21366723,-0.35849056,0.35544772147485193,1,"{""type"":""MultiPoint"",""coordinates"":[]}"
512_0,0.16809691,0.6155089,0.6475803,0.19551732,0.20430571,0.2986905,0.10527947,0.17008604,0.025062656,-0.07017544,-0.033333335,-0.31500572,0.6475803,0.16763444,-0.31500572,0.25889858296002277,1,"{""type"":""MultiPoint"",""coordinates"":[]}"
513_0,0.36932516,0.3276699,0.28547105,0.5056867,0.8130497,0.567685,0.5152395,0.6732575,0.67363006,0.10741886,0.5591265,0.55112475,0.8130497,0.49572372,0.10741886,0.18614912633206862,1,"{""type"":""MultiPoint"",""coordinates"":[]}"
514_0,0.24873829,0.16884907,0.1691023,0.5098088,0.74387383,0.4630908,0.34709677,0.50862944,0.7284264,-0.19856887,0.30720606,0.5035099,0.74387383,0.37498024,-0.19856887,0.2510765330017253,1,"{""type"":""MultiPoint"",""coordinates"":[]}"
515_0,0.530918,0.3451027,0.28498814,0.39193502,0.7832376,0.7170195,0.66397786,0.6298763,0.7350706,-0.24331798,0.14138818,0.37442553,0.7832376,0.44621846,-0.24331798,0.2845136978252887,1,"{""type"":""MultiPoint"",""coordinates"":[]}"
516_0,0.7664625,0.79223037,0.5173019,0.30874974,0.5647612,0.13072301,0.51329786,0.57909524,0.72634035,0.3738414,0.049519587,0.35833165,0.79223037,0.4733879,0.049519587,0.22765457522512414,1,"{""type"":""MultiPoint"",""coordinates"":[]}"
517_0,0.67450076,0.7190635,0.5327286,0.36160034,0.42401344,0.11721098,0.5960366,0.5885627,0.76301146,0.45245692,0.03052422,0.36489224,0.76301146,0.46871683,0.03052422,0.21725294170829582,1,"{""type"":""MultiPoint"",""coordinates"":[]}"
518_0,0.78056824,0.7924956,0.5263857,0.32108107,0.47057778,0.11675127,0.5886076,0.583151,0.715004,0.41580757,0.1297313,0.35877863,0.7924956,0.483245,0.11675127,0.21727090479900377,1,"{""type"":""MultiPoint"",""coordinates"":[]}"
519_0,0.27753305,0.27567443,0.2695246,0.32163265,0.15350121,0.3182402,0.6927617,0.6991682,0.3177229,0.4339152,0.034432765,-0.019793699,0.6991682,0.3145261,-0.019793699,0.20944253595006504,1,"{""type"":""MultiPoint"",""coordinates"":[]}"
520_0,0.28720483,0.28044033,0.28441322,0.3301479,0.22194335,0.3068998,0.74673367,0.7190556,0.29636225,-0.12990937,0.057779655,0.17934783,0.74673367,0.29836825,-0.12990937,0.23112913331919716,1,"{""type"":""MultiPoint"",""coordinates"":[]}"
521_0,0.25800097,0.24476886,0.20203735,0.2211195,0.05386082,0.2448804,0.6570372,0.7334165,0.20735118,0.23185012,-0.044170786,-0.08721193,0.7334165,0.24357834,-0.08721193,0.23147989558872928,1,"{""type"":""MultiPoint"",""coordinates"":[]}"
522_0,0.50394344,0.5247731,0.31280574,0.57588995,0.7920892,0.5686988,0.7544067,0.78972334,0.80191505,0.83807653,0.7928944,0.75255483,0.83807653,0.6673143,0.31280574,0.15790794506605724,1,"{""type"":""MultiPoint"",""coordinates"":[]}"
523_0,0.28653327,0.2298634,0.16939397,0.24442063,0.450491,0.5359494,0.7776907,0.6544552,0.23113964,-0.21386139,-0.026345933,0.082553886,0.7776907,0.2851903,-0.21386139,0.27039198511674317,1,"{""type"":""MultiPoint"",""coordinates"":[]}"
524_0,0.23809524,0.21773931,0.17957865,0.2155141,0.41879252,0.58214796,0.802472,0.62768495,0.1722973,-0.35257733,-0.013824885,-0.085409254,0.802472,0.2502092,-0.35257733,0.3089302678308133,1,"{""type"":""MultiPoint"",""coordinates"":[]}"
525_0,0.68550366,0.73480177,0.5947541,0.69402987,0.6704218,0.76136607,0.7476249,0.7075862,0.7661043,0.7920541,0.75941676,0.7178333,0.7920541,0.7192914,0.5947541,0.05141838701814161,1,"{""type"":""MultiPoint"",""coordinates"":[]}"
526_0,0.6811672,0.64222795,0.47821102,0.5659936,0.3804697,0.7707895,0.76989174,0.52636284,0.3839405,0.68938947,0.67176,0.34404504,0.7707895,0.57535404,0.34404504,0.14550317621002673,1,"{""type"":""MultiPoint"",""coordinates"":[]}"
527_0,0.707636,0.7361404,0.5128999,0.59419644,0.39770582,0.73884296,0.7609022,0.6125931,0.5764542,0.6534282,0.7293384,0.61947584,0.7609022,0.63663447,0.39770582,0.10344078373663476,1,"{""type"":""MultiPoint"",""coordinates"":[]}"
528_0,0.6208988,0.69072753,0.5911522,0.19235365,0.8357999,0.32148874,0.8271206,0.7338129,0.78752464,0.81415,0.7460751,0.7662631,0.8357999,0.6606139,0.19235365,0.19653250736449265,1,"{""type"":""MultiPoint"",""coordinates"":[]}"
529_0,0.35628626,0.28139323,0.2361516,0.40855324,0.36842105,0.3069965,0.45466787,0.44039822,0.5746095,0.1409396,0.3109736,0.26774818,0.5746095,0.3455949,0.1409396,0.10979656413626394,1,"{""type"":""MultiPoint"",""coordinates"":[]}"
530_0,0.7448104,0.6009181,0.2994495,0.2581736,0.48975867,0.42302454,0.81022865,0.14342718,0.37950772,-0.097867005,-0.19385797,0.25494948,0.81022865,0.34271023,-0.19385797,0.29080410377532,1,"{""type"":""MultiPoint"",""coordinates"":[]}"
531_0,0.26576218,0.27447373,0.25353873,0.31124315,0.6045805,0.43833017,0.48739004,0.6181689,0.48474237,0.1888668,0.3254717,0.7060421,0.7060421,0.4132175,0.1888668,0.16086761979008066,1,"{""type"":""MultiPoint"",""coordinates"":[]}"
532_0,0.2544597,0.25834364,0.24941626,0.4008719,0.64705884,0.37241948,0.42354235,0.65614355,0.4319139,0.12920211,0.2818352,0.6288946,0.65614355,0.39450845,0.12920211,0.16639085661607705,1,"{""type"":""MultiPoint"",""coordinates"":[]}"
533_0,0.34096918,0.36406267,0.3460986,0.47645825,0.62333965,0.4559753,0.5417054,0.6248804,0.48481974,0.40278873,0.44160977,0.6226415,0.6248804,0.47711244,0.34096918,0.10179213020458688,1,"{""type"":""MultiPoint"",""coordinates"":[]}"
534_0,0.6234428,0.6225097,0.25200275,0.31431675,0.19367833,0.5622951,0.76122695,0.56586576,0.17651053,0.18544437,0.5647577,0.75756675,0.76122695,0.46496812,0.17651053,0.21523576766886698,1,"{""type"":""MultiPoint"",""coordinates"":[]}"
535_0,0.67356104,0.58202,0.23519458,0.23859881,0.22400366,0.74649876,0.8522514,0.6769932,0.1587477,0.14509246,0.5828719,0.7682463,0.8522514,0.49034,0.14509246,0.25621653781366943,1,"{""type"":""MultiPoint"",""coordinates"":[]}"
536_0,0.6723748,0.5677105,0.27012438,0.25719592,0.28584602,0.757971,0.85132575,0.69439965,0.20051636,0.17010677,0.6121512,0.79940075,0.85132575,0.5115936,0.17010677,0.2447536411194206,1,"{""type"":""MultiPoint"",""coordinates"":[]}"
537_0,0.5699355,0.81509113,0.63651294,0.18461198,0.036057692,0.7790591,0.7942486,0.6861567,0.26392505,-0.62711865,-0.384127,-0.30931872,0.81509113,0.2870862,-0.62711865,0.4878054115727937,1,"{""type"":""MultiPoint"",""coordinates"":[]}"
538_0,0.24453694,0.7107423,0.622863,0.15538932,0.1042471,0.7494005,0.78686994,0.7210332,0.053174045,-0.78512394,-0.3393502,-0.32705688,0.78686994,0.22472711,-0.78512394,0.4936195738434467,1,"{""type"":""MultiPoint"",""coordinates"":[]}"
539_0,0.485631,0.73817194,0.6585648,0.24241899,0.07055158,0.7569589,0.77787894,0.7500575,0.6590694,-0.15686275,-0.15658364,-0.106420405,0.77787894,0.39328635,-0.15686275,0.37166161887687615,1,"{""type"":""MultiPoint"",""coordinates"":[]}"
540_0,0.7188136,0.77704626,0.41889325,0.21574564,0.08117565,0.16616915,0.76335996,0.68631274,0.30553657,0.0075872536,-0.02467498,0.29369864,0.77704626,0.36747196,-0.02467498,0.287272653572509,1,"{""type"":""MultiPoint"",""coordinates"":[]}"
541_0,0.64534295,0.703391,0.44430098,0.2426795,0.106211826,0.15741508,0.6403315,0.58377695,0.25395894,0.2860465,-0.016086575,0.28509554,0.703391,0.36103868,-0.016086575,0.22694940111097867,1,"{""type"":""MultiPoint"",""coordinates"":[]}"
542_0,0.6803222,0.75509626,0.39775434,0.22022213,0.032810733,0.22895847,0.6982193,0.5942108,0.16100192,-0.029900333,-0.024795422,0.29326364,0.75509626,0.33393034,-0.029900333,0.2752469399655944,1,"{""type"":""MultiPoint"",""coordinates"":[]}"
543_0,0.33708984,0.36556712,0.3218133,0.41843662,0.7493275,0.25606772,0.22299184,0.39766082,0.5935065,0.74857455,0.38469657,0.5049339,0.7493275,0.44172218,0.22299184,0.16707915660973746,1,"{""type"":""MultiPoint"",""coordinates"":[]}"
544_0,0.26324898,0.20447697,0.19231555,0.18900618,0.5646508,0.30071065,0.26009175,0.31888726,0.6821567,0.68202764,0.1827957,0.36814207,0.6821567,0.35070917,0.1827957,0.17932577151360277,1,"{""type"":""MultiPoint"",""coordinates"":[]}"
545_0,0.288807,0.2288372,0.2459163,0.3201109,0.6781726,0.26118478,0.36901164,0.23699422,0.5129848,0.7329377,0.22426265,0.42782402,0.7329377,0.37725365,0.22426265,0.1695650207995372,1,"{""type"":""MultiPoint"",""coordinates"":[]}"
546_0,0.34907252,0.2888889,0.23411214,0.28435317,0.1353864,0.2679558,0.23260717,0.44024515,0.47396177,0.3696408,0.104362234,0.54621434,0.54621434,0.3105667,0.104362234,0.12653091945566608,1,"{""type"":""MultiPoint"",""coordinates"":[]}"
547_0,0.40977442,0.35132113,0.29405162,0.37148216,0.15066752,0.49499166,0.15191619,0.42840973,0.3309258,0.4641308,0.077067666,0.64420635,0.64420635,0.34741208,0.077067666,0.15482960512084654,1,"{""type"":""MultiPoint"",""coordinates"":[]}"
548_0,0.6431563,0.63685274,0.23235406,0.45608267,0.5292995,0.5513165,0.5847619,0.5459079,0.31057125,0.44190142,0.5327869,0.5072464,0.6431563,0.49768645,0.23235406,0.11757671055097271,1,"{""type"":""MultiPoint"",""coordinates"":[]}"
549_0,0.53503895,0.59746903,0.5155247,0.64368546,0.6644499,0.73235834,0.6861796,0.6555678,0.671737,0.6168998,0.64061606,0.5641964,0.73235834,0.6269769,0.5155247,0.06129734269948081,1,"{""type"":""MultiPoint"",""coordinates"":[]}"
550_0,0.7552381,0.72604907,0.26388386,0.3581797,0.646678,0.82883054,0.8051557,0.23768367,0.67202485,0.5976027,0.5280087,0.4581439,0.82883054,0.5731232,0.23768367,0.196038580311424,1,"{""type"":""MultiPoint"",""coordinates"":[]}"
551_0,0.74597067,0.7204559,0.24727008,0.3665583,0.61712146,0.8125476,0.7648,0.22775649,0.75839967,0.1764706,0.44702405,0.4976809,0.8125476,0.531838,0.1764706,0.22518697657704775,1,"{""type"":""MultiPoint"",""coordinates"":[]}"
552_0,0.38964143,0.36172506,0.36755756,0.32200435,0.3283582,0.24205661,0.41703442,0.72124267,0.1561741,0.2918848,0.16454406,0.35533237,0.72124267,0.34312963,0.1561741,0.13905561790969825,1,"{""type"":""MultiPoint"",""coordinates"":[]}"
553_0,0.30983692,0.2749196,0.28717303,0.34437662,0.23553719,0.30858126,0.34694737,0.6188203,0.21710654,0.42857143,0.17268378,0.3678734,0.6188203,0.32603562,0.17268378,0.11068840139668397,1,"{""type"":""MultiPoint"",""coordinates"":[]}"
554_0,0.34290844,0.35880125,0.33863944,0.40213904,0.39971435,0.18209118,0.3464547,0.7210012,0.14380302,0.371134,0.03761062,0.46030247,0.7210012,0.34205,0.03761062,0.16412744543383845,1,"{""type"":""MultiPoint"",""coordinates"":[]}"
555_0,0.6290144,0.694592,0.54863703,0.48564118,0.61774373,0.7084945,0.7680899,0.58939683,0.62545455,0.6022017,0.716263,0.63660055,0.7680899,0.63517743,0.48564118,0.07450846548181773,1,"{""type"":""MultiPoint"",""coordinates"":[]}"
556_0,0.669736,0.7904762,0.6045934,0.23059317,0.5857048,0.88482946,0.7984625,0.3051997,0.18948078,0.6657887,0.8183648,0.7710067,0.88482946,0.6095197,0.18948078,0.22984536787254986,1,"{""type"":""MultiPoint"",""coordinates"":[]}"
557_0,0.5807886,0.62411445,0.4994104,0.28493005,0.56663644,0.81320983,0.7490127,0.46683353,0.3553517,0.6517035,0.6952584,0.71216494,0.81320983,0.58328456,0.28493005,0.1521172505758546,1,"{""type"":""MultiPoint"",""coordinates"":[]}"
558_0,0.41477096,0.41397423,0.36845294,0.42121398,0.4902411,0.56795865,0.47690368,0.58867323,0.49,0.62406015,0.6330275,0.5461112,0.6330275,0.50294894,0.36845294,0.08489965719691371,1,"{""type"":""MultiPoint"",""coordinates"":[]}"
559_0,0.3834624,0.3490176,0.34044665,0.35532996,0.4266637,0.4278015,0.47632712,0.5705716,0.6093888,0.5413056,0.6251969,0.41550896,0.6251969,0.46008506,0.34044665,0.09843001754091431,1,"{""type"":""MultiPoint"",""coordinates"":[]}"
560_0,0.46399018,0.4718641,0.40457126,0.43870428,0.5618337,0.55586207,0.5766553,0.62080145,0.64551014,0.6173913,0.63959044,0.5772478,0.64551014,0.5478352,0.40457126,0.0792219118249657,1,"{""type"":""MultiPoint"",""coordinates"":[]}"
561_0,0.5655629,0.6071837,0.4369035,0.4704175,0.6963904,0.07186082,0.7185279,0.5970113,0.6769776,0.7364341,0.3352706,0.545756,0.7364341,0.5381914,0.07186082,0.18226118868350655,1,"{""type"":""MultiPoint"",""coordinates"":[]}"
562_0,0.50403166,0.5237957,0.47130522,0.39330545,0.65680856,0.1374825,0.6376877,0.51821494,0.64772946,0.7100224,0.52313936,0.640599,0.7100224,0.5303435,0.1374825,0.14812025650570762,1,"{""type"":""MultiPoint"",""coordinates"":[]}"
563_0,0.7224199,0.72315687,0.26908,0.26086956,0.45980126,0.07037457,0.85334367,0.54841673,0.16491297,-0.03377386,0.1920398,0.4956662,0.85334367,0.39385897,-0.03377386,0.27080620465755245,1,"{""type"":""MultiPoint"",""coordinates"":[]}"
564_0,0.28564477,0.22087745,0.19117226,0.15124653,0.5106599,0.6974012,0.5871639,0.22345804,-0.01743028,0.50697273,0.37880987,0.24697551,0.6974012,0.33191267,-0.01743028,0.19821408930236128,1,"{""type"":""MultiPoint"",""coordinates"":[]}"
565_0,0.44666088,0.47125775,0.38348517,0.27421805,0.7541478,0.8851391,0.83170444,0.045161292,-0.008618567,0.81705123,0.44331983,0.1082941,0.8851391,0.45431843,-0.008618567,0.3012297727026077,1,"{""type"":""MultiPoint"",""coordinates"":[]}"
566_0,0.51550615,0.5224258,0.40096477,0.3986989,0.5019225,0.45939538,0.51242983,0.6145235,0.6471163,0.6880389,0.68709254,0.6394403,0.6880389,0.5489629,0.3986989,0.09933800442698613,1,"{""type"":""MultiPoint"",""coordinates"":[]}"
567_0,0.5155567,0.5501787,0.36911687,0.3501455,0.52791595,0.52895546,0.5609195,0.67512554,0.80771583,0.86758214,0.6031175,0.5352672,0.86758214,0.57429975,0.3501455,0.14542517939091412,1,"{""type"":""MultiPoint"",""coordinates"":[]}"
568_0,0.630114,0.6361217,0.44651484,0.37781784,0.5571375,0.5567899,0.47719434,0.5791079,0.7239969,0.6344086,0.41346154,0.42441583,0.7239969,0.53809005,0.37781784,0.10430234272014474,1,"{""type"":""MultiPoint"",""coordinates"":[]}"
569_0,0.7601924,0.7596041,0.32731164,0.23605707,0.54897,0.58227277,0.4037502,0.6121169,0.77978003,0.7652922,0.37190855,0.33295128,0.77978003,0.54001725,0.23605707,0.1913407902628689,1,"{""type"":""MultiPoint"",""coordinates"":[]}"
570_0,0.6747082,0.51001143,0.20376915,0.3151101,0.46104902,0.38490283,0.62235904,0.47577202,0.36084613,0.54545456,-0.066393234,0.588088,0.6747082,0.4229731,-0.066393234,0.19614544177791865,1,"{""type"":""MultiPoint"",""coordinates"":[]}"
571_0,0.6800241,0.5494428,0.1964069,0.32583398,0.40914038,0.36438882,0.41901365,0.50289017,0.6928839,0.5933504,-0.053573713,0.5461183,0.6928839,0.43549332,-0.053573713,0.20312654714560646,1,"{""type"":""MultiPoint"",""coordinates"":[]}"
572_0,0.6713771,0.5564043,0.2565734,0.3228492,0.40025675,0.41568077,0.54771274,0.5203725,0.6944816,0.6229885,-0.058070865,0.5745216,0.6944816,0.46042898,-0.058070865,0.20291539695218844,1,"{""type"":""MultiPoint"",""coordinates"":[]}"
573_0,0.7079277,0.5659706,0.36324665,0.3165769,0.58862656,0.33948162,0.7426914,0.498015,0.6223226,0.7807677,0.21626759,0.741716,0.7807677,0.54030085,0.21626759,0.18386805920474442,1,"{""type"":""MultiPoint"",""coordinates"":[]}"
574_0,0.6870656,0.7033725,0.31880268,0.37113148,0.6523091,0.37541974,0.77165914,0.5198188,0.6579344,0.8610662,0.35438266,0.7292983,0.8610662,0.5835217,0.31880268,0.17890569126245429,1,"{""type"":""MultiPoint"",""coordinates"":[]}"
575_0,0.62972796,0.34033167,0.16580945,0.2722309,0.46730265,0.3370223,0.5005379,0.4215066,0.50220865,0.6226013,-0.07243122,0.45454547,0.62972796,0.3867828,-0.07243122,0.18943769733735927,1,"{""type"":""MultiPoint"",""coordinates"":[]}"
576_0,0.37956396,0.4313276,0.40234283,0.29550415,0.5247175,0.44444445,0.45122635,0.41054615,0.53507954,0.614836,0.4105263,0.54338366,0.614836,0.45362487,0.29550415,0.08324270248630183,1,"{""type"":""MultiPoint"",""coordinates"":[]}"
577_0,0.378882,0.4130034,0.43023798,0.3939648,0.3494332,0.5412912,0.627365,0.2711111,0.24883178,0.47217703,0.5388683,0.40039742,0.627365,0.42213026,0.24883178,0.10561807963897357,1,"{""type"":""MultiPoint"",""coordinates"":[]}"
578_0,0.7827506,0.8432836,0.5223029,0.25661376,0.2619534,0.64817667,0.8589471,0.65415746,-0.03469545,0.78120977,0.7480315,0.61270356,0.8589471,0.5779529,-0.03469545,0.2669325510616717,1,"{""type"":""MultiPoint"",""coordinates"":[]}"
579_0,0.6376139,0.811441,0.53003585,0.38200963,0.5478704,0.69027,0.65021276,0.4475457,0.38442895,0.6138728,0.3906679,0.44621515,0.811441,0.54434866,0.38200963,0.13295828984544372,1,"{""type"":""MultiPoint"",""coordinates"":[]}"
580_0,0.47637677,0.52588403,0.39799494,0.5197902,0.65434855,0.6612852,0.5422686,0.51260024,0.42520583,0.6727033,0.62347186,0.6244747,0.6727033,0.5530337,0.39799494,0.08954306542015608,1,"{""type"":""MultiPoint"",""coordinates"":[]}"
581_0,0.4070971,0.40082946,0.31994262,0.456,0.6922186,0.64110637,0.51209575,0.44329318,0.41362092,0.6711744,0.6147719,0.5859014,0.6922186,0.51317096,0.31994262,0.1184185142858447,1,"{""type"":""MultiPoint"",""coordinates"":[]}"
582_0,0.5728752,0.782167,0.5945261,0.120162934,0.1443439,0.4755413,0.74191535,0.7161974,0.18526955,-0.5291262,-0.4885599,-0.22555205,0.782167,0.25748006,-0.5291262,0.4496791067618069,1,"{""type"":""MultiPoint"",""coordinates"":[]}"
583_0,0.6048527,0.83381313,0.6317155,0.05596107,0.21417172,0.28065786,0.5269586,0.81798124,0.464123,-0.3125,-0.24363637,-0.3947696,0.83381313,0.28994405,-0.3947696,0.4137392108306367,1,"{""type"":""MultiPoint"",""coordinates"":[]}"
584_0,0.17198369,0.6593369,0.6857208,0.1438327,0.17303255,0.20081319,0.26452905,0.7883959,0.49626923,-0.23768736,-0.4488778,-0.5122873,0.7883959,0.19875513,-0.5122873,0.40923497525168356,1,"{""type"":""MultiPoint"",""coordinates"":[]}"
585_0,0.26419443,0.24622115,0.2655048,0.37224266,0.6070796,0.42310923,0.595269,0.6911765,0.8521767,0.18930213,0.35037768,0.1925683,0.8521767,0.42076853,0.18930213,0.2074551987644401,1,"{""type"":""MultiPoint"",""coordinates"":[]}"
586_0,0.20731187,0.20033222,0.27483657,0.43269414,0.3223025,0.49151823,0.65730506,0.7131611,0.855066,0.07559808,0.2483019,0.18772954,0.855066,0.38884643,0.07559808,0.2329733425390166,1,"{""type"":""MultiPoint"",""coordinates"":[]}"
587_0,0.23616071,0.2875181,0.31027856,0.28783992,0.31310043,0.4108911,0.384977,0.55227125,0.4807083,0.23446894,0.2985244,0.2018895,0.55227125,0.33321902,0.2018895,0.10047832006546469,1,"{""type"":""MultiPoint"",""coordinates"":[]}"
588_0,0.7351109,0.7351514,0.45965362,0.23149793,0.10420712,0.2437169,0.72437793,0.5372009,-0.39183673,-0.41666666,-0.17528373,-0.01981982,0.7351514,0.23060915,-0.41666666,0.4030478735446947,1,"{""type"":""MultiPoint"",""coordinates"":[]}"
589_0,0.81400114,0.8410691,0.56682026,0.19698314,0.21560283,0.21589883,0.6779124,0.7055109,-0.23486683,-0.46795234,0.03180212,-0.07007126,0.8410691,0.2910592,-0.46795234,0.41271137462276347,1,"{""type"":""MultiPoint"",""coordinates"":[]}"
590_0,0.72644204,0.81083184,0.3499204,0.18874907,0.46159044,0.1081211,0.81586754,0.19257751,-0.17536815,0.13114753,-0.040518638,0.15276173,0.81586754,0.31017688,-0.17536815,0.3147927758903489,1,"{""type"":""MultiPoint"",""coordinates"":[]}"
591_0,0.45933792,0.46337742,0.3065402,0.2990762,0.4762089,0.14866148,0.6171188,0.30203888,0.3991589,0.42555994,0.25973198,0.38716263,0.6171188,0.37866443,0.14866148,0.1180414016631267,1,"{""type"":""MultiPoint"",""coordinates"":[]}"
592_0,0.37780002,0.3502661,0.31654364,0.37040618,0.53191036,0.15612082,0.6200887,0.40477815,0.46761474,0.44842106,0.64426875,0.5182437,0.64426875,0.43387187,0.15612082,0.13004609422966154,1,"{""type"":""MultiPoint"",""coordinates"":[]}"
593_0,0.6976176,0.72107494,0.31697798,0.15700267,0.4877353,0.15760735,0.763629,0.19836956,0.13639575,0.18503119,0.10932799,0.19112207,0.763629,0.34349096,0.10932799,0.24194318053572209,1,"{""type"":""MultiPoint"",""coordinates"":[]}"
594_0,0.67122895,0.7391423,0.27547884,0.40960872,0.21324399,0.57632756,0.4205434,0.11813555,0.43665037,0.9005859,0.7607021,0.17904532,0.9005859,0.47505775,0.11813555,0.24380178762158172,1,"{""type"":""MultiPoint"",""coordinates"":[]}"
595_0,0.6829837,0.73410404,0.5629522,0.66005665,0.38920134,0.60951287,0.5936145,0.44763067,0.62807775,0.75664544,0.62600917,0.43782353,0.75664544,0.594051,0.38920134,0.11162154263893236,1,"{""type"":""MultiPoint"",""coordinates"":[]}"
596_0,0.5769493,0.45652452,0.35805142,0.55414015,0.66117275,0.47353926,0.30920464,0.33481592,0.69205374,0.76799095,0.71882087,0.70782924,0.76799095,0.5509244,0.30920464,0.15543411551090924,1,"{""type"":""MultiPoint"",""coordinates"":[]}"
597_0,0.39633143,0.38291457,0.29899856,0.58572024,0.502216,0.5610276,0.49813432,0.38532817,0.637507,0.7334071,0.7138599,0.5730135,0.7334071,0.52237153,0.29899856,0.13150929436934336,1,"{""type"":""MultiPoint"",""coordinates"":[]}"
598_0,0.4182741,0.37575758,0.33239767,0.5028759,0.46804512,0.6396149,0.40347117,0.4850714,0.617581,0.57752234,0.7268848,0.5358242,0.7268848,0.50694335,0.33239767,0.11265166706636309,1,"{""type"":""MultiPoint"",""coordinates"":[]}"
599_0,0.3779385,0.3798896,0.30718055,0.51666325,0.443104,0.48585007,0.4111628,0.36730716,0.5860735,0.6892895,0.61894846,0.52923805,0.6892895,0.47605377,0.30718055,0.11071022349029724,1,"{""type"":""MultiPoint"",""coordinates"":[]}"
600_0,0.73553246,0.7653541,0.27772847,0.25473264,0.17614469,0.68544185,0.82679737,0.6425074,0.19458374,0.1947541,0.5895635,0.77770245,0.82679737,0.5100702,0.17614469,0.2536734086898718,1,"{""type"":""MultiPoint"",""coordinates"":[]}"
601_0,0.6939817,0.73243034,0.2929379,0.20828106,0.21211222,0.7129902,0.7659444,0.5649367,0.30305973,0.19601329,0.5536062,0.75981116,0.7659444,0.49967542,0.19601329,0.22810495663397617,1,"{""type"":""MultiPoint"",""coordinates"":[]}"
602_0,0.68884647,0.7236149,0.27300748,0.21657251,0.17400175,0.73670095,0.7718956,0.5477563,0.29298043,0.20267558,0.54549974,0.74916184,0.7718956,0.49355945,0.17400175,0.23290670556815,1,"{""type"":""MultiPoint"",""coordinates"":[]}"
603_0,0.36554515,0.31790245,0.3422989,0.60270685,0.7435305,0.573741,0.34017795,0.4313461,0.6719969,0.5412001,0.71302426,0.53348607,0.7435305,0.51474637,0.31790245,0.14629559459069427,1,"{""type"":""MultiPoint"",""coordinates"":[]}"
604_0,0.158831,0.11071107,0.17601588,0.11143482,0.13702865,0.17701703,0.058214746,0.20532472,-0.0013275805,0.025210084,0.32591876,0.12502977,0.32591876,0.13411741,-0.0013275805,0.08325945598846825,1,"{""type"":""MultiPoint"",""coordinates"":[]}"
605_0,0.44826603,0.40042713,0.45616263,0.610037,0.59226125,0.504239,0.4804449,0.6065971,0.06918409,0.47594583,0.6808894,0.50457233,0.6808894,0.48575222,0.06918409,0.14815063762164868,1,"{""type"":""MultiPoint"",""coordinates"":[]}"
606_0,0.24862155,0.26697397,0.2457218,0.34949103,0.39201325,0.38522428,0.28569242,0.676518,0.8364984,0.54140913,0.4415231,0.38857827,0.8364984,0.4215221,0.2457218,0.17406857101138132,1,"{""type"":""MultiPoint"",""coordinates"":[]}"
607_0,0.29294702,0.28337696,0.27061203,0.51777136,0.5562492,0.41141823,0.324375,0.61208934,0.78903776,0.5924276,0.50700283,0.40310633,0.78903776,0.46336782,0.27061203,0.15345197407446148,1,"{""type"":""MultiPoint"",""coordinates"":[]}"
608_0,0.49281824,0.3035268,0.2252142,0.46629658,0.657711,0.4199527,0.5180778,0.6744079,0.83634686,0.87271065,0.7173333,0.71075284,0.87271065,0.57459575,0.2252142,0.19455941410815475,1,"{""type"":""MultiPoint"",""coordinates"":[]}"
609_0,0.41372603,0.34513757,0.35479003,0.35525113,0.3718316,0.1404485,0.3557047,0.35586855,0.11011283,0.3827523,0.13603029,0.4509188,0.4509188,0.31438103,0.11011283,0.11103763806609995,1,"{""type"":""MultiPoint"",""coordinates"":[]}"
610_0,0.62080956,0.6091232,0.47529814,0.5839416,0.72746706,0.09171195,0.67707163,0.568,0.19611496,0.6652853,-0.049948126,0.49405676,0.72746706,0.47157767,-0.049948126,0.24170016488118595,1,"{""type"":""MultiPoint"",""coordinates"":[]}"
611_0,0.6397709,0.4056096,0.27756447,0.4741421,0.6286271,0.13953489,0.15045592,0.46607342,0.23344463,0.059442397,0.3141542,0.54824066,0.6397709,0.3614217,0.059442397,0.1870750756934983,1,"{""type"":""MultiPoint"",""coordinates"":[]}"
612_0,0.3239281,0.49275154,0.44923154,0.34542948,0.36923778,0.6440191,0.6165541,0.32554635,0.26106697,0.38914442,0.5365854,0.4819057,0.6440191,0.43628338,0.26106697,0.11608497940729254,1,"{""type"":""MultiPoint"",""coordinates"":[]}"
613_0,0.24732715,0.72067404,0.6630261,0.30262816,0.45510834,0.7918054,0.8172173,0.21393035,0.1358509,0.18088207,0.68740743,0.50673676,0.8172173,0.47688282,0.1358509,0.24339558354486596,1,"{""type"":""MultiPoint"",""coordinates"":[]}"
614_0,0.28046834,0.7273023,0.6412417,0.28697985,0.4191446,0.7652135,0.8479763,0.24265656,0.19680198,0.27395716,0.6789727,0.3985966,0.8479763,0.47994265,0.19680198,0.22544159989231236,1,"{""type"":""MultiPoint"",""coordinates"":[]}"
615_0,0.46084446,0.499251,0.3467771,0.54213035,0.6665874,0.43141317,0.5139217,0.47821465,0.6071759,0.7745134,0.6099491,0.7458386,0.7745134,0.55638474,0.3467771,0.12285787645942112,1,"{""type"":""MultiPoint"",""coordinates"":[]}"
616_0,0.40647772,0.33224997,0.36384556,0.29239437,0.46114343,0.53276014,0.5208665,0.39325842,0.4240105,0.67746973,0.6876302,0.6530442,0.6876302,0.47876257,0.29239437,0.13019921428004239,1,"{""type"":""MultiPoint"",""coordinates"":[]}"
617_0,0.6126173,0.5994382,0.4485111,0.53264445,0.7363506,0.64459777,0.65795785,0.63012636,0.5820543,0.60794044,0.6757315,0.63430095,0.7363506,0.6135226,0.4485111,0.06927897830467739,1,"{""type"":""MultiPoint"",""coordinates"":[]}"
618_0,0.7255226,0.83143336,0.55967873,0.15815085,0.66949314,0.74159193,0.63765216,0.6115748,0.039838783,-0.43410853,-0.13929313,-0.26555246,0.83143336,0.34466517,-0.43410853,0.42711717808019056,1,"{""type"":""MultiPoint"",""coordinates"":[]}"
619_0,0.74205333,0.67350364,0.27220356,-0.0055922726,0.5010627,0.8167147,0.7914156,0.5848366,0.048091225,-0.50769234,-0.42446044,-0.26099706,0.8167147,0.2692616,-0.50769234,0.465757822890435,1,"{""type"":""MultiPoint"",""coordinates"":[]}"
620_0,0.726391,0.65326005,0.26978922,0.004787199,0.51070154,0.8238748,0.7909162,0.62301767,0.1119403,0.02811245,-0.09512761,-0.16870676,0.8238748,0.35657966,-0.16870676,0.3542045465703021,1,"{""type"":""MultiPoint"",""coordinates"":[]}"
621_0,0.8041056,0.8604799,0.55598944,0.4346558,0.40734556,0.21315221,0.900114,0.14909315,0.66601247,0.85182905,0.0147426985,0.13754646,0.900114,0.49958885,0.0147426985,0.30579309394808246,1,"{""type"":""MultiPoint"",""coordinates"":[]}"
622_0,0.3001853,0.13215204,0.15620944,0.23654284,0.36577708,0.2021467,0.43930948,0.50643957,0.74723196,0.8059635,0.41913214,0.5089275,0.8059635,0.40166813,0.13215204,0.2078909180250121,1,"{""type"":""MultiPoint"",""coordinates"":[]}"
623_0,0.7842717,0.8219826,0.5213525,0.2550486,0.77484995,0.1445959,0.7429997,0.14990215,0.0952,0.5926251,0.013580656,0.81648564,0.8219826,0.47607455,0.013580656,0.30696803270153444,1,"{""type"":""MultiPoint"",""coordinates"":[]}"
624_0,0.687205,0.57328683,0.352459,0.38689592,0.48073202,0.5824305,0.6080374,0.45049062,0.3132815,0.8818182,0.7270966,0.5862699,0.8818182,0.5525003,0.3132815,0.15886465610342324,1,"{""type"":""MultiPoint"",""coordinates"":[]}"
625_0,0.3843948,0.41428742,0.3348485,0.30239585,0.3439177,0.36309522,0.29485247,0.33272728,0.49406707,0.6844444,0.4723618,0.42976016,0.6844444,0.40426272,0.29485247,0.10407083065220873,1,"{""type"":""MultiPoint"",""coordinates"":[]}"
626_0,0.39088222,0.7589538,0.55853695,0.04918033,0.7239766,0.8742719,0.822588,0.02584493,0.3717236,0.83901775,0.7307236,0.23578396,0.8742719,0.5317903,0.02584493,0.29539008712070064,1,"{""type"":""MultiPoint"",""coordinates"":[]}"
627_0,0.22775458,0.16064462,0.21003884,0.20211233,0.17554533,0.31613532,0.18927583,0.3272877,0.13022636,0.10493047,0.40743414,0.10842517,0.40743414,0.21331756,0.10493047,0.089452117146163,1,"{""type"":""MultiPoint"",""coordinates"":[]}"
628_0,0.5873016,0.48190296,0.31733844,-0.009856379,0.66243416,0.52327895,0.42586207,0.4330662,0.4797032,0.5250404,0.5707763,0.5229406,0.66243416,0.45998237,-0.009856379,0.16470397173878754,1,"{""type"":""MultiPoint"",""coordinates"":[]}"
629_0,0.31702793,0.2913595,0.23695345,0.057900634,0.15409963,0.6715981,0.7697125,0.6556615,0.050988555,0.3602941,0.17204301,0.29923573,0.7697125,0.33640623,0.050988555,0.23013750785791495,1,"{""type"":""MultiPoint"",""coordinates"":[]}"
630_0,0.6280924,0.62911344,0.24310118,0.2020548,0.672,0.68746424,0.7246953,0.17841484,-0.041229907,0.048543688,0.27662957,-0.074074075,0.7246953,0.34790045,-0.074074075,0.28940526239872516,1,"{""type"":""MultiPoint"",""coordinates"":[]}"
631_0,0.7677462,0.7551304,0.22733648,0.19422382,0.69629496,0.78009987,0.77708155,0.14556701,-0.2845787,0.06329114,0.203125,-0.30634776,0.78009987,0.33491418,-0.30634776,0.39174592747207304,1,"{""type"":""MultiPoint"",""coordinates"":[]}"
632_0,0.4110593,0.4950768,0.3596032,0.60499233,0.35476154,0.40951854,0.39114833,0.6381343,0.69623655,0.655615,0.5498242,0.5119502,0.69623655,0.50649333,0.35476154,0.11680621727416134,1,"{""type"":""MultiPoint"",""coordinates"":[]}"
633_0,0.76503235,0.81168264,0.5619308,0.16741501,0.48157248,0.6400171,0.75745255,0.085435316,0.60241336,0.7922912,0.6315789,0.17009094,0.81168264,0.5389094,0.085435316,0.24897035826993089,1,"{""type"":""MultiPoint"",""coordinates"":[]}"
634_0,0.77020234,0.84159845,0.6007114,0.26296297,0.40131247,0.78290164,0.8150418,0.09081474,0.6212439,0.86214566,0.6313891,0.12910284,0.86214566,0.56745225,0.09081474,0.2674827477289361,1,"{""type"":""MultiPoint"",""coordinates"":[]}"
635_0,0.71997625,0.81671757,0.56780404,0.30122215,0.4722624,0.8199845,0.834447,0.07456018,0.44110855,0.8452451,0.6944042,0.12528647,0.8452451,0.5594182,0.07456018,0.26572577174231654,1,"{""type"":""MultiPoint"",""coordinates"":[]}"
636_0,0.23449092,0.23743135,0.27845293,0.55977774,0.8134498,0.3311305,0.4387455,0.20798668,0.41405916,0.83047706,0.11409096,0.171884,0.83047706,0.38599804,0.11409096,0.22823871365535264,1,"{""type"":""MultiPoint"",""coordinates"":[]}"
637_0,0.23040584,0.23898667,0.29639548,0.5298346,0.79582024,0.32397833,0.58902204,0.2127907,0.48229945,0.85576075,0.18159884,0.14369963,0.85576075,0.40671605,0.14369963,0.23145315687547297,1,"{""type"":""MultiPoint"",""coordinates"":[]}"
638_0,0.48912412,0.49731094,0.52556056,0.5115479,0.8063465,0.34366742,0.44428152,0.34298956,0.32934132,0.8897397,-0.029605264,0.47775176,0.8897397,0.46900466,-0.029605264,0.22312676611142845,1,"{""type"":""MultiPoint"",""coordinates"":[]}"
639_0,0.62192184,0.8146984,0.49214852,0.035019454,0.71340644,0.8581088,0.8201186,0.1395881,0.46533158,0.8831169,0.2770977,0.19483006,0.8831169,0.5262822,0.035019454,0.2913804797283782,1,"{""type"":""MultiPoint"",""coordinates"":[]}"
640_0,0.6262911,0.8160447,0.52838534,-0.0016666667,0.65877175,0.8608027,0.8207605,0.1593985,0.4921112,0.8776722,0.26007974,0.19032495,0.8776722,0.52408135,-0.0016666667,0.2932280911328861,1,"{""type"":""MultiPoint"",""coordinates"":[]}"
641_0,0.62673795,0.7957841,0.5208127,0.054545455,0.64750475,0.82240504,0.78243023,0.12885663,0.567889,0.8546099,0.2740472,0.17159763,0.8546099,0.5206017,0.054545455,0.27835787839638554,1,"{""type"":""MultiPoint"",""coordinates"":[]}"
642_0,0.52797914,0.53559273,0.4979834,0.6564442,0.81289065,0.3988417,0.67662567,0.5449566,0.5333874,0.88332707,0.30587944,0.815936,0.88332707,0.59915364,0.30587944,0.16719627513558838,1,"{""type"":""MultiPoint"",""coordinates"":[]}"
643_0,0.5298747,0.5095599,0.4821166,0.63188845,0.80306345,0.424635,0.62503654,0.53186446,0.4482291,0.87278163,0.34471717,0.8049801,0.87278163,0.5840623,0.34471717,0.159908705797537,1,"{""type"":""MultiPoint"",""coordinates"":[]}"
644_0,0.561086,0.55945605,0.4480248,0.54504395,0.7474277,0.42547426,0.6152441,0.53707135,0.42795312,0.7030145,0.12628292,0.625976,0.7474277,0.5268379,0.12628292,0.15457569314340178,1,"{""type"":""MultiPoint"",""coordinates"":[]}"
645_0,0.48877847,0.43913135,0.45380574,0.5113636,0.32845187,0.5443038,0.49593005,0.41886216,0.483405,0.6002665,0.68398577,0.49926308,0.68398577,0.49562895,0.32845187,0.08565252005087444,1,"{""type"":""MultiPoint"",""coordinates"":[]}"
646_0,0.287995,0.40649608,0.392921,0.36067298,0.78622115,0.72662985,0.40441176,0.5747331,0.6982634,0.53188056,0.42443728,0.28038976,0.78622115,0.48958766,0.28038976,0.16470553047832506,1,"{""type"":""MultiPoint"",""coordinates"":[]}"
647_0,0.74698216,0.67686737,0.24595141,0.37629563,0.26608765,0.8474083,0.8057037,0.378169,0.19480519,0.21875,0.11423221,0.13169643,0.8474083,0.4169124,0.11423221,0.2629477003980569,1,"{""type"":""MultiPoint"",""coordinates"":[]}"
648_0,0.6873838,0.596222,0.3863342,0.12708788,0.7047255,0.58505887,0.788386,0.43160245,0.078397214,0.1461318,0.05429293,0.44010767,0.788386,0.41881084,0.05429293,0.25157177767745564,1,"{""type"":""MultiPoint"",""coordinates"":[]}"
649_0,0.66261727,0.6304531,0.25071457,0.2933861,0.76721597,0.62203604,0.83093315,0.24545008,0.03696075,-0.20211361,0.09430959,0.26238054,0.83093315,0.37452865,-0.20211361,0.30935475062867746,1,"{""type"":""MultiPoint"",""coordinates"":[]}"
650_0,0.639614,0.5925297,0.24669683,0.17041801,0.7440331,0.6110437,0.8243153,0.2647374,0.02467986,-0.15608466,0.10951095,0.29248756,0.8243153,0.36366513,-0.15608466,0.29750706513143416,1,"{""type"":""MultiPoint"",""coordinates"":[]}"
651_0,0.20053655,0.68391865,0.660217,0.20289564,0.48980334,0.15636364,0.6663819,0.8357995,0.14540721,0.23022223,0.023405973,0.11899179,0.8357995,0.3678286,0.023405973,0.26728153355932877,1,"{""type"":""MultiPoint"",""coordinates"":[]}"
652_0,0.22208811,0.7675022,0.66396976,0.2579267,0.32220316,0.08192956,0.70965964,0.83279294,0.7398721,0.28284183,-0.05874409,0.059596844,0.83279294,0.40680322,-0.05874409,0.3030400703398972,1,"{""type"":""MultiPoint"",""coordinates"":[]}"
653_0,0.38670206,0.66084546,0.64175725,0.5397568,0.41851494,0.2741836,0.60419714,0.822646,0.16495071,0.35443038,0.30039215,0.14888337,0.822646,0.44310498,0.14888337,0.20221769612978538,1,"{""type"":""MultiPoint"",""coordinates"":[]}"
654_0,0.6800405,0.80670214,0.44235924,0.34451434,0.7024467,0.5888569,0.76458925,0.3445693,0.45891932,-0.35155657,-0.17289314,-0.31070197,0.80670214,0.35815382,-0.35155657,0.3971188373264458,1,"{""type"":""MultiPoint"",""coordinates"":[]}"
655_0,0.23125997,0.632948,0.52040964,0.7702495,0.25575337,0.37553647,0.6961358,0.5972393,0.04365238,0.04543234,0.020872865,-0.115156315,0.7702495,0.3395278,-0.115156315,0.2887139640498665,1,"{""type"":""MultiPoint"",""coordinates"":[]}"
656_0,0.33381644,0.5596745,0.43693107,0.6933607,0.3506936,0.3937428,0.659465,0.60499734,0.29084745,-0.007843138,0.31669268,0.033841576,0.6933607,0.38885167,-0.007843138,0.2134806561659734,1,"{""type"":""MultiPoint"",""coordinates"":[]}"
657_0,0.33359948,0.32867134,0.30282065,0.44428447,0.4796211,0.37593833,0.57385105,0.60486555,0.40975693,0.14822006,0.31499785,0.42234716,0.60486555,0.3949145,0.14822006,0.11934441632628227,1,"{""type"":""MultiPoint"",""coordinates"":[]}"
658_0,0.30332595,0.28222492,0.1974441,0.2542373,0.45148912,0.44379845,0.7583244,0.7740745,0.07400379,-0.24740125,0.12357217,0.48096886,0.7740745,0.32467186,-0.24740125,0.2736585887834366,1,"{""type"":""MultiPoint"",""coordinates"":[]}"
659_0,0.34419551,0.3265495,0.2922252,0.32637364,0.48906916,0.29708818,0.5654906,0.6193284,0.33519366,0.22974262,0.17448117,0.28917265,0.6193284,0.35740918,0.17448117,0.12718842602139263,1,"{""type"":""MultiPoint"",""coordinates"":[]}"
660_0,0.20771514,0.70203644,0.5982997,0.41960353,0.56788665,0.7999097,0.79976255,0.25986174,0.29529616,-0.5593595,0.02255639,-0.13053523,0.7999097,0.33191943,-0.5593595,0.391057792155555,1,"{""type"":""MultiPoint"",""coordinates"":[]}"
661_0,0.2675306,0.41697416,0.38272473,0.21294498,0.6196798,0.84083897,0.8257812,0.20839405,0.20170152,-0.5647614,-0.06757783,-0.24664429,0.84083897,0.25813222,-0.5647614,0.39571371441279635,1,"{""type"":""MultiPoint"",""coordinates"":[]}"
662_0,0.39725605,0.44062322,0.39731413,0.29889727,0.68090194,0.82869965,0.820389,0.24835165,0.042109344,-0.5878525,-0.11007026,-0.23895189,0.82869965,0.26813897,-0.5878525,0.412110585905598,1,"{""type"":""MultiPoint"",""coordinates"":[]}"
663_0,0.28323698,0.47245678,0.6632573,0.62936157,0.36368746,0.33550844,0.44584647,0.7612903,0.6284556,0.12287712,0.39031926,0.7056155,0.7612903,0.48349273,0.12287712,0.18657800890637316,1,"{""type"":""MultiPoint"",""coordinates"":[]}"
664_0,0.34890142,0.5150233,0.69120896,0.6654354,0.3230587,0.2573616,0.53145504,0.83409655,0.662465,-0.15856777,0.081794195,0.8395503,0.8395503,0.46598187,-0.15856777,0.29243059977243846,1,"{""type"":""MultiPoint"",""coordinates"":[]}"
665_0,0.39206195,0.495499,0.6638298,0.63793105,0.4321267,0.26676178,0.5751295,0.7796258,0.6630359,-0.04597701,0.41189307,0.79151416,0.79151416,0.505286,-0.04597701,0.2268365014327463,1,"{""type"":""MultiPoint"",""coordinates"":[]}"
666_0,0.68836176,0.8304214,0.5438105,0.04358209,0.75291073,0.899527,0.8569172,0.04308231,0.42168674,0.8654708,0.5607279,0.2505901,0.899527,0.5630907,0.04308231,0.2989529334321143,1,"{""type"":""MultiPoint"",""coordinates"":[]}"
667_0,0.82481295,0.84102863,0.49306625,0.19138943,0.27222416,0.5029094,0.886865,0.793675,0.19917865,0.14519428,0.2591656,0.2411979,0.886865,0.47089228,0.14519428,0.27929757735518873,1,"{""type"":""MultiPoint"",""coordinates"":[]}"
668_0,0.7513775,0.7811961,0.5117018,0.47969264,0.37191078,0.68846536,0.8277713,0.5578534,0.6984395,0.7284933,0.64089566,0.5498597,0.8277713,0.6323047,0.37191078,0.13209488538907427,1,"{""type"":""MultiPoint"",""coordinates"":[]}"
669_0,0.23452897,0.8631863,0.6705239,0.139887,0.7919237,0.57287824,0.89767885,0.19828694,0.73400074,0.7661499,0.7238572,0.15737705,0.89767885,0.56252325,0.139887,0.280926092315336,1,"{""type"":""MultiPoint"",""coordinates"":[]}"
670_0,0.18387909,0.77499634,0.65000576,0.08985025,0.7167883,0.6711953,0.8767784,0.15885022,0.5113636,0.90482354,0.75033414,0.16551596,0.90482354,0.5378651,0.08985025,0.29187368275842157,1,"{""type"":""MultiPoint"",""coordinates"":[]}"
671_0,0.24768023,0.44045013,0.42966166,0.26184094,0.394375,0.56807244,0.55939084,0.26178536,0.39123333,0.39678898,0.62038666,0.29937106,0.62038666,0.40591973,0.24768023,0.12109125317744218,1,"{""type"":""MultiPoint"",""coordinates"":[]}"
672_0,0.78874326,0.8893896,0.67057836,0.17930816,0.49666914,0.7830552,0.8649789,0.8331066,0.5994312,0.55209583,0.24696708,0.7186722,0.8893896,0.6352496,0.17930816,0.22289240629828688,1,"{""type"":""MultiPoint"",""coordinates"":[]}"
673_0,0.43293437,0.6962264,0.5581724,0.380548,0.5105634,0.66383326,0.8612084,0.7747748,0.6802974,0.47176686,0.3757839,0.65866494,0.8612084,0.58873117,0.3757839,0.15083402622127667,1,"{""type"":""MultiPoint"",""coordinates"":[]}"
674_0,0.761241,0.7730737,0.57861495,0.24536301,0.32854778,0.72981364,0.7350546,0.7563989,0.59233683,0.69165486,0.3951576,0.6700317,0.7730737,0.60477406,0.24536301,0.17570497196807933,1,"{""type"":""MultiPoint"",""coordinates"":[]}"
675_0,0.6628233,0.7962523,0.62248117,0.2629287,0.44675392,0.3739438,0.697733,0.7085308,0.64144236,0.33173653,0.49036402,0.20222634,0.7962523,0.519768,0.20222634,0.18690043916080198,1,"{""type"":""MultiPoint"",""coordinates"":[]}"
676_0,0.73275864,0.66322637,0.41319796,0.3545568,0.7103312,0.8508632,0.7110862,0.35909823,0.25575757,0.38407612,0.6985271,0.6781751,0.8508632,0.56763786,0.25575757,0.18943251914083595,1,"{""type"":""MultiPoint"",""coordinates"":[]}"
677_0,0.73986095,0.6881543,0.43514583,0.14326854,0.73170733,0.8596258,0.75829786,0.22669284,0.20559114,0.36908516,0.74001455,0.71117824,0.8596258,0.55071855,0.14326854,0.24562545464344288,1,"{""type"":""MultiPoint"",""coordinates"":[]}"
678_0,0.37908733,0.29888552,0.23105022,0.28444237,0.49820468,0.44876325,0.45581803,0.55311906,0.5233931,0.718507,0.46626002,0.4034775,0.718507,0.43841735,0.23105022,0.12731409215884634,1,"{""type"":""MultiPoint"",""coordinates"":[]}"
679_0,0.42686892,0.44057554,0.37806875,0.48190376,0.6204563,0.56928355,0.6042564,0.523615,0.7915743,0.8223597,0.6706621,0.7294617,0.8223597,0.5882572,0.37806875,0.13905897224581124,1,"{""type"":""MultiPoint"",""coordinates"":[]}"
680_0,0.431632,0.43485394,0.3347853,0.43259913,0.57347274,0.5516049,0.54153687,0.5143875,0.6588771,0.67649686,0.6466816,0.537476,0.67649686,0.527867,0.3347853,0.10030984221621839,1,"{""type"":""MultiPoint"",""coordinates"":[]}"
681_0,0.55370474,0.57013845,0.4288314,0.5492639,0.7063811,0.68027073,0.6361045,0.5130978,0.7611798,0.66077095,0.68337977,0.6432681,0.7611798,0.61553264,0.4288314,0.08996521288256601,1,"{""type"":""MultiPoint"",""coordinates"":[]}"
682_0,0.69967294,0.76295173,0.4181903,0.25350422,0.35524407,0.37815812,0.33317387,0.33729088,0.6300439,0.6049618,0.528436,0.41068,0.76295173,0.47602564,0.25350422,0.15715933561395315,1,"{""type"":""MultiPoint"",""coordinates"":[]}"
683_0,0.4049871,0.31474966,0.33197945,0.2644135,0.26234633,0.61096305,0.5140713,0.17771588,0.3630643,0.576324,0.4069472,0.34045324,0.61096305,0.38066792,0.17771588,0.1250810230273089,1,"{""type"":""MultiPoint"",""coordinates"":[]}"
684_0,0.6144852,0.7161416,0.4730632,0.3204197,0.79695433,0.89098424,0.83894056,0.2173913,0.5492145,0.7942617,0.60661566,0.2202729,0.89098424,0.5865621,0.2173913,0.22680901094792483,1,"{""type"":""MultiPoint"",""coordinates"":[]}"
685_0,0.6698225,0.70584375,0.51379764,0.41257143,0.76432174,0.87309235,0.842463,0.57969433,0.57062423,0.7915007,0.69244087,0.44175044,0.87309235,0.65482694,0.41257143,0.14562277139274024,1,"{""type"":""MultiPoint"",""coordinates"":[]}"
686_0,0.51363564,0.71057516,0.49985445,0.32745036,0.8179348,0.8677376,0.844284,0.22876628,0.5448734,0.79091245,0.661992,0.31334233,0.8677376,0.59344655,0.22876628,0.2132395004211289,1,"{""type"":""MultiPoint"",""coordinates"":[]}"
687_0,0.27779058,0.28983808,0.26641473,0.15154867,0.31836292,0.83865756,0.82350165,0.7345622,0.15930572,0.81846154,0.8039009,0.43732846,0.83865756,0.49330607,0.15154867,0.27235321886590225,1,"{""type"":""MultiPoint"",""coordinates"":[]}"
688_0,0.27003753,0.26994488,0.23144509,0.1308615,0.27348992,0.83916545,0.8311358,0.7358316,0.2777778,0.8297746,0.8307935,0.43440235,0.83916545,0.49622166,0.1308615,0.27650958765617234,1,"{""type"":""MultiPoint"",""coordinates"":[]}"
689_0,0.27413127,0.2783455,0.25302923,0.13706666,0.22847836,0.81212974,0.82270014,0.72117203,0.24953096,0.80598366,0.82575345,0.41121054,0.82575345,0.48496097,0.13706666,0.27152494184605647,1,"{""type"":""MultiPoint"",""coordinates"":[]}"
690_0,0.62280214,0.7678256,0.53394896,0.17222223,0.7789642,0.9132693,0.80580986,0.16441515,0.1529668,0.76415354,0.7064925,0.49345893,0.9132693,0.57302743,0.1529668,0.2612543666589672,1,"{""type"":""MultiPoint"",""coordinates"":[]}"
691_0,0.59088004,0.7893726,0.5271521,0.17885917,0.8039003,0.9318121,0.8030285,0.20892747,0.17789474,0.7768263,0.7652909,0.56268805,0.9318121,0.5930527,0.17789474,0.25852449492102453,1,"{""type"":""MultiPoint"",""coordinates"":[]}"
692_0,0.5913351,0.7900124,0.5347826,0.1757769,0.80396193,0.8981649,0.8112616,0.20188902,0.19199179,0.72350484,0.754621,0.5294118,0.8981649,0.5838928,0.1757769,0.25191370287059844,1,"{""type"":""MultiPoint"",""coordinates"":[]}"
693_0,0.43717727,0.44162437,0.27329192,0.3864486,0.4642127,0.4980315,0.49717805,0.35185665,0.6978852,0.76507604,0.6216924,0.3961219,0.76507604,0.48588306,0.27329192,0.13769410746548252,1,"{""type"":""MultiPoint"",""coordinates"":[]}"
694_0,0.67427886,0.7878465,0.47777644,0.36510098,0.29618034,0.6824898,0.7354409,0.21314742,0.5388683,0.6622964,0.5849985,0.39186442,0.7878465,0.5341907,0.21314742,0.17729988671964517,1,"{""type"":""MultiPoint"",""coordinates"":[]}"
695_0,0.6621917,0.77996624,0.44238836,0.40865043,0.31275335,0.6840739,0.74741673,0.20689656,0.6028103,0.6887495,0.5884521,0.37370956,0.77996624,0.5415049,0.20689656,0.17835306668383863,1,"{""type"":""MultiPoint"",""coordinates"":[]}"
696_0,0.34293658,0.29617384,0.34513682,0.24786325,0.7963732,0.7491208,0.77463543,0.70260835,0.20601504,0.6803327,0.6258212,0.77591974,0.7963732,0.54524475,0.20601504,0.2248123727498005,1,"{""type"":""MultiPoint"",""coordinates"":[]}"
697_0,0.19078948,0.16843346,0.17511077,0.17620677,0.28486097,0.33231357,0.32811213,0.22705314,0.2689655,0.20924985,0.21361554,0.433671,0.433671,0.2506985,0.16843346,0.0779449468928456,1,"{""type"":""MultiPoint"",""coordinates"":[]}"
698_0,0.18388341,0.17973462,0.15675455,0.15769543,0.6136799,0.69411767,0.71009773,0.47242695,0.05775076,0.04202586,0.48188654,0.6749606,0.71009773,0.36875117,0.04202586,0.25208208295465384,1,"{""type"":""MultiPoint"",""coordinates"":[]}"
699_0,0.2158889,0.22198473,0.22867668,0.43899798,0.87427837,0.92407364,0.8042977,0.1529745,0.18233235,0.8232977,0.71766067,0.15188898,0.92407364,0.47802934,0.15188898,0.30774648933312626,1,"{""type"":""MultiPoint"",""coordinates"":[]}"
700_0,0.22155882,0.21980676,0.24083915,0.39482564,0.82557344,0.8744287,0.79156625,0.1755618,0.16799022,0.7895772,0.6672713,0.15657946,0.8744287,0.4604649,0.15657946,0.28751466411293897,1,"{""type"":""MultiPoint"",""coordinates"":[]}"
701_0,0.28757337,0.24766356,0.27946284,0.38137692,0.67216724,0.7244518,0.6710483,0.2522068,0.30443254,0.81583697,0.48559263,0.3561295,0.81583697,0.4564952,0.24766356,0.19966219179106115,1,"{""type"":""MultiPoint"",""coordinates"":[]}"
702_0,0.21659635,0.24699937,0.2034963,0.27072927,0.5792477,0.6355015,0.58093303,0.2109589,0.49880368,0.16008772,0.12880562,0.27477688,0.6355015,0.33391136,0.12880562,0.17620289372788328,1,"{""type"":""MultiPoint"",""coordinates"":[]}"
703_0,0.66247517,0.7075969,0.5022235,0.1635514,0.3658724,0.6384795,0.78835976,0.61044735,0.23715416,-0.0831758,-0.12165264,-0.29598507,0.78835976,0.34794554,-0.29598507,0.34964190309086907,1,"{""type"":""MultiPoint"",""coordinates"":[]}"
704_0,0.18867925,0.20056497,0.21556516,0.618887,0.76865464,0.27242035,0.19030817,0.20213434,0.5077966,-0.14105596,-0.2546917,-0.25483304,0.76865464,0.20953582,-0.25483304,0.30661223381154595,1,"{""type"":""MultiPoint"",""coordinates"":[]}"
705_0,0.321317,0.25958437,0.32156563,0.49766654,0.4003177,0.3249851,0.60293734,0.7614571,0.3572216,0.52285194,0.83210605,0.7714631,0.83210605,0.49778944,0.25958437,0.1927714857320939,1,"{""type"":""MultiPoint"",""coordinates"":[]}"
706_0,0.3414606,0.24164328,0.25114816,0.3954276,0.29681838,0.31651124,0.57122946,0.76860005,0.33526346,0.5508021,0.802723,0.77034307,0.802723,0.4701642,0.24164328,0.20426280995756066,1,"{""type"":""MultiPoint"",""coordinates"":[]}"
707_0,0.21401753,0.2219888,0.23029746,0.32525253,0.4227769,0.43268666,0.47834456,0.5263937,0.33776093,0.41194254,0.42481565,0.4015748,0.5263937,0.36898768,0.21401753,0.09893495252610296,1,"{""type"":""MultiPoint"",""coordinates"":[]}"
708_0,0.36134455,0.42715466,0.388666,0.60516936,0.4241573,0.34586057,0.6729417,0.29964748,0.62363094,0.8084903,0.6099291,0.28041932,0.8084903,0.48728427,0.28041932,0.16236772310076591,1,"{""type"":""MultiPoint"",""coordinates"":[]}"
709_0,0.5062004,0.5445026,0.49210343,0.6540834,0.6930878,0.7502784,0.74834436,0.49451786,0.7285115,0.7924945,0.6257521,0.47954392,0.7924945,0.62578505,0.47954392,0.11239449202798321,1,"{""type"":""MultiPoint"",""coordinates"":[]}"
710_0,0.37156704,0.49484673,0.45805207,0.53142256,0.49113083,0.37365133,0.6168224,0.25208467,0.65271103,0.6990542,0.5626302,0.19467293,0.6990542,0.47488716,0.19467293,0.1480268148929419,1,"{""type"":""MultiPoint"",""coordinates"":[]}"
711_0,0.44050768,0.4805663,0.42556247,0.21550256,0.5678255,0.7159472,0.38067162,0.505618,0.4536817,0.7243402,0.57876796,0.30327603,0.7243402,0.48268893,0.21550256,0.14424620211092976,1,"{""type"":""MultiPoint"",""coordinates"":[]}"
712_0,0.6370351,0.62539023,0.48019156,0.27492332,0.7382353,0.7094907,0.816,0.5626963,0.24810126,0.7522182,0.21214099,0.39991978,0.816,0.53802854,0.21214099,0.20260270227492647,1,"{""type"":""MultiPoint"",""coordinates"":[]}"
713_0,0.12502104,0.112379596,0.15309906,0.087961964,0.055737704,0.08200103,-0.07991202,-0.031942878,-0.0879758,-0.11988304,-0.065993346,-0.048070412,0.15309906,0.015201908,-0.11988304,0.092501169766494,1,"{""type"":""MultiPoint"",""coordinates"":[]}"
714_0,0.56430733,0.5790345,0.47027028,0.5438957,0.6844252,0.69104284,0.58533627,0.76746505,0.70366746,0.7532995,0.66401416,0.71346706,0.76746505,0.6433521,0.47027028,0.08852230774094125,1,"{""type"":""MultiPoint"",""coordinates"":[]}"
715_0,0.621845,0.6549652,0.46117923,0.5984106,0.63623,0.6429469,0.64603925,0.6664808,0.8004446,0.80027664,0.7597705,0.78190184,0.8004446,0.6725409,0.46117923,0.09496753440303533,1,"{""type"":""MultiPoint"",""coordinates"":[]}"
716_0,0.34227404,0.09801137,0.1535039,0.16888046,0.20464264,0.31810632,0.25508198,0.44725737,0.5504979,0.5627689,0.53017366,0.40101522,0.5627689,0.33601782,0.09801137,0.15646523839697818,1,"{""type"":""MultiPoint"",""coordinates"":[]}"
717_0,0.29004616,0.3843395,0.2979728,0.15213114,0.85707945,0.9211599,0.8647253,0.10096977,0.81232953,0.8927111,0.5333184,0.1481185,0.9211599,0.5212418,0.10096977,0.31460354586634076,1,"{""type"":""MultiPoint"",""coordinates"":[]}"
718_0,0.31572798,0.30110824,0.30848137,0.2285811,0.80093676,0.9213066,0.7514361,0.4650967,0.6793778,0.74855125,0.24799047,0.6685083,0.9213066,0.53642523,0.2285811,0.2391475656455238,1,"{""type"":""MultiPoint"",""coordinates"":[]}"
719_0,0.22222222,0.1878708,0.18474239,0.17479452,0.15092024,0.38829407,0.8074656,0.25223213,-0.019463087,-0.30421218,0.21525215,-0.041412912,0.8074656,0.18489216,-0.30421218,0.2531934424167077,1,"{""type"":""MultiPoint"",""coordinates"":[]}"
720_0,0.6487592,0.38551033,0.2473952,0.25537682,0.39130434,0.57325464,0.7410455,0.6851511,0.29566005,0.2574359,0.7330082,0.6590563,0.7410455,0.48941314,0.2473952,0.193065330107667,1,"{""type"":""MultiPoint"",""coordinates"":[]}"
721_0,0.627041,0.33888346,0.22294654,0.12664549,0.37187722,0.60078275,0.7631984,0.6900612,0.26642144,0.17384988,0.17573696,0.57458234,0.7631984,0.41100222,0.12664549,0.2173350059515986,1,"{""type"":""MultiPoint"",""coordinates"":[]}"
722_0,0.59172565,0.36331835,0.2513465,0.17344174,0.39242315,0.6098622,0.70607555,0.66291034,0.33673468,0.15555556,0.2107892,0.36558774,0.70607555,0.40164757,0.15555556,0.1868917584710322,1,"{""type"":""MultiPoint"",""coordinates"":[]}"
723_0,0.29868647,0.3091015,0.31488448,0.3206064,0.28489882,0.32740214,0.30409637,0.4673675,0.12180674,0.35453475,0.43466374,0.29851708,0.4673675,0.31971383,0.12180674,0.08059057908418384,1,"{""type"":""MultiPoint"",""coordinates"":[]}"
724_0,0.25686663,0.3130471,0.37090987,0.5539503,0.36240426,0.31340685,0.22885247,0.8188567,0.2872873,0.8009839,0.47044793,0.22868526,0.8188567,0.41714156,0.22868526,0.19801453260030846,1,"{""type"":""MultiPoint"",""coordinates"":[]}"
725_0,0.22292419,0.22786027,0.2226863,0.19436139,0.33091897,0.29058403,0.19653179,0.769075,0.11369606,0.8359698,0.49381444,0.25365853,0.8359698,0.34600672,0.11369606,0.22292530756473086,1,"{""type"":""MultiPoint"",""coordinates"":[]}"
726_0,0.80368096,0.76547843,0.2973472,0.35135135,0.5134911,0.1439305,0.9024273,0.17467922,0.14076625,-0.19354838,-0.04105572,0.4132581,0.9024273,0.35598385,-0.19354838,0.3268600959572362,1,"{""type"":""MultiPoint"",""coordinates"":[]}"
727_0,0.697798,0.6391669,0.3015873,0.39924365,0.50496453,0.15512465,0.7441971,0.22571628,0.49367088,0.48731884,0.18981259,0.35894844,0.7441971,0.4331291,0.15512465,0.18808029503732343,1,"{""type"":""MultiPoint"",""coordinates"":[]}"
728_0,0.59676194,0.5906788,0.30625737,0.39401436,0.38513896,0.14547957,0.6380113,0.30414012,0.49592122,0.44806516,0.34769687,0.35156772,0.6380113,0.4169778,0.14547957,0.13780138655722327,1,"{""type"":""MultiPoint"",""coordinates"":[]}"
729_0,0.66675085,0.71378607,0.52191895,0.6188188,0.78139406,0.81832296,0.74757284,0.8226404,0.78355706,0.74772036,0.8607912,0.7442786,0.8607912,0.7356293,0.52191895,0.09099816593599931,1,"{""type"":""MultiPoint"",""coordinates"":[]}"
730_0,0.19214876,0.3080063,0.11940298,0.02084053,0.17441078,0.25731283,0.2659554,0.19350913,0.18601896,0.43958333,0.54811716,0.38965517,0.54811716,0.25791344,0.02084053,0.13939018607576187,1,"{""type"":""MultiPoint"",""coordinates"":[]}"
731_0,0.33978415,0.4757888,0.26824704,0.06586311,0.44495943,0.32703215,0.510274,0.28215066,0.5422762,0.50894123,0.42150038,0.5156662,0.5422762,0.3918736,0.06586311,0.1344525539923952,1,"{""type"":""MultiPoint"",""coordinates"":[]}"
732_0,0.2768416,0.35214213,0.2733813,0.320467,0.3598131,0.42040816,0.39491177,0.2979021,0.46026987,0.5978391,0.37534407,0.3903054,0.5978391,0.37663546,0.2733813,0.08622711276923359,1,"{""type"":""MultiPoint"",""coordinates"":[]}"
733_0,0.70508057,0.71355957,0.28985506,0.28968254,0.16732752,0.104993,0.6564911,0.57977206,0.4298588,-0.03560831,0.16380952,0.23856503,0.71355957,0.35861555,-0.03560831,0.2427117901628569,1,"{""type"":""MultiPoint"",""coordinates"":[]}"
734_0,0.5525857,0.48882174,0.2563966,0.31284115,0.17814371,0.1710442,0.61820483,0.6184834,0.35463825,0.31882203,0.28602812,0.28347406,0.6184834,0.36995697,0.1710442,0.15296079430903659,1,"{""type"":""MultiPoint"",""coordinates"":[]}"
735_0,0.5078404,0.53212523,0.4529231,0.6018708,0.76748496,0.76599634,0.7922201,0.6948971,0.54780465,0.693479,0.71261716,0.65439886,0.7922201,0.64363813,0.4529231,0.10822377307508897,1,"{""type"":""MultiPoint"",""coordinates"":[]}"
736_0,0.46451,0.5025295,0.40718243,0.5677939,0.5670322,0.7109743,0.7308201,0.63795257,0.48798522,0.66536963,0.6561662,0.51785713,0.7308201,0.57634777,0.40718243,0.09917989353139343,1,"{""type"":""MultiPoint"",""coordinates"":[]}"
737_0,0.5126384,0.52862453,0.41309404,0.5254453,0.6490994,0.7131394,0.744388,0.61100566,0.54590684,0.6558074,0.6549436,0.56979406,0.744388,0.5936572,0.41309404,0.09077812329395593,1,"{""type"":""MultiPoint"",""coordinates"":[]}"
738_0,0.22665517,0.22722423,0.21442454,0.3297929,0.20221607,0.56480753,0.77206254,0.45233265,0.12044347,0.77555436,0.81734586,0.15917376,0.81734586,0.40516943,0.12044347,0.25129059225729405,1,"{""type"":""MultiPoint"",""coordinates"":[]}"
739_0,0.29379183,0.27677524,0.28289774,0.37354988,0.28954422,0.6608921,0.7781979,0.47660953,0.12246235,0.6982699,0.7683475,0.3621814,0.7781979,0.44862664,0.12246235,0.21306737364467906,1,"{""type"":""MultiPoint"",""coordinates"":[]}"
740_0,0.35884693,0.4450034,0.3986367,0.47108254,0.36894163,0.62237763,0.7423173,0.41009742,0.10890137,0.6381289,0.75857145,0.4664697,0.75857145,0.48244792,0.10890137,0.17543673305584842,1,"{""type"":""MultiPoint"",""coordinates"":[]}"
741_0,0.41089177,0.47795856,0.42147437,0.50244856,0.56234956,0.47211897,0.6030224,0.7551129,0.7275962,0.58517754,0.4630485,0.4950189,0.7551129,0.53968483,0.41089177,0.10665607666863598,1,"{""type"":""MultiPoint"",""coordinates"":[]}"
742_0,0.26804122,0.3868844,0.34520477,0.4445575,0.46185997,0.44971538,0.35726857,0.74440897,0.7372855,0.5570217,0.14312977,0.38599348,0.74440897,0.44011426,0.14312977,0.16698321980369263,1,"{""type"":""MultiPoint"",""coordinates"":[]}"
743_0,0.26996896,0.27454242,0.21782178,0.20754717,0.21621622,0.27115718,0.3461794,0.68731266,0.28727886,0.37582418,0.45820433,0.32848164,0.68731266,0.3283779,0.20754717,0.1287547108156344,1,"{""type"":""MultiPoint"",""coordinates"":[]}"
744_0,0.61569786,0.8293582,0.6164214,0.15537359,0.74135584,0.8928011,0.82591975,0.13043478,0.40233037,0.7695978,0.7250238,0.22140762,0.8928011,0.5771435,0.13043478,0.2659244756420601,1,"{""type"":""MultiPoint"",""coordinates"":[]}"
745_0,0.36155865,0.650935,0.53673023,0.19392774,0.64174014,0.7472102,0.8802096,0.10012063,0.40696812,0.68681717,0.6955388,0.22891566,0.8802096,0.51088935,0.10012063,0.23743377319831205,1,"{""type"":""MultiPoint"",""coordinates"":[]}"
746_0,0.6374675,0.8277394,0.6037331,0.19832902,0.5523466,0.84897864,0.88143337,0.18461539,0.43564355,0.78438663,0.74167365,0.2425346,0.88143337,0.5782401,0.18461539,0.24728785234734635,1,"{""type"":""MultiPoint"",""coordinates"":[]}"
747_0,0.44428363,0.38985738,0.29461998,0.4380702,0.43269908,0.25265822,0.56299216,0.30681053,0.6394469,0.667426,0.54015404,0.5045932,0.667426,0.45613426,0.25265822,0.1272364662700124,1,"{""type"":""MultiPoint"",""coordinates"":[]}"
748_0,0.5153076,0.55878323,0.39847836,0.5434007,0.63191074,0.29132175,0.6418431,0.5338964,0.6626737,0.65832424,0.52453655,0.5050125,0.6626737,0.53879076,0.29132175,0.10495846336823103,1,"{""type"":""MultiPoint"",""coordinates"":[]}"
749_0,0.28454426,0.26908636,0.25337464,0.28698656,0.6556434,0.27933425,0.8428117,0.026129726,0.40561405,0.7922078,0.12956335,0.22099039,0.8428117,0.37052387,0.026129726,0.24649665630405337,1,"{""type"":""MultiPoint"",""coordinates"":[]}"
750_0,0.55909693,0.7938144,0.53900707,0.17974366,0.5714286,0.76532066,0.69341934,0.15273999,0.11326124,0.31281033,0.31525698,0.523507,0.7938144,0.45995054,0.11326124,0.22866361222834328,1,"{""type"":""MultiPoint"",""coordinates"":[]}"
751_0,0.7580466,0.8629419,0.43077555,0.25210422,0.2236842,0.8142922,0.8421427,0.47349733,0.23529412,0.17327766,0.26296633,0.16420846,0.8629419,0.45776927,0.16420846,0.2710795834726603,1,"{""type"":""MultiPoint"",""coordinates"":[]}"
752_0,0.67411166,0.7967122,0.4627464,0.27860263,0.251497,0.77342796,0.83030874,0.5238569,0.20967741,0.1440501,0.39204174,0.12565997,0.83030874,0.4552244,0.12565997,0.2506095791056246,1,"{""type"":""MultiPoint"",""coordinates"":[]}"
753_0,0.51210713,0.54668075,0.44373116,0.47095087,0.6349966,0.6468667,0.58612925,0.53974706,0.77029467,0.70462817,0.58010244,0.5299974,0.77029467,0.5805194,0.44373116,0.09109310116193578,1,"{""type"":""MultiPoint"",""coordinates"":[]}"
754_0,0.7139066,0.5551402,0.30066752,0.21784413,0.30056837,0.766914,0.8205689,0.64301854,-0.51269037,-0.28104576,-0.02522376,0.16713881,0.8205689,0.30556726,-0.51269037,0.40527340332145245,1,"{""type"":""MultiPoint"",""coordinates"":[]}"
755_0,0.7164103,0.5728357,0.3235066,0.18687329,0.17751105,0.7087174,0.68797815,0.5612145,0.06804317,-0.19504644,-0.060989644,0.17883933,0.7164103,0.32715777,-0.19504644,0.30235442362833037,1,"{""type"":""MultiPoint"",""coordinates"":[]}"
756_0,0.49258542,0.44650865,0.4136725,0.2133829,0.63983524,0.8687338,0.8266522,0.6363213,0.021505376,-0.026184835,0.26783115,0.27385378,0.8687338,0.42289147,-0.026184835,0.27580868762411975,1,"{""type"":""MultiPoint"",""coordinates"":[]}"
757_0,0.30780348,0.2899073,0.27981997,0.19036144,0.6244628,0.8138766,0.6285351,0.6435891,0.12454655,-0.012778468,0.3220202,0.23848684,0.8138766,0.3708859,-0.012778468,0.23813686670570175,1,"{""type"":""MultiPoint"",""coordinates"":[]}"
758_0,0.30173966,0.28021488,0.26872683,0.17353044,0.5356337,0.74027395,0.6498536,0.6121113,0.26688525,-0.0024213076,0.2986689,0.33732364,0.74027395,0.3718784,-0.0024213076,0.20786502507857843,1,"{""type"":""MultiPoint"",""coordinates"":[]}"
759_0,0.53587925,0.58479047,0.471519,0.3074979,0.6305018,0.461662,0.6888206,0.29247066,0.21681416,0.022313565,0.08695652,0.024108004,0.6888206,0.36027783,0.022313565,0.22633978313424796,1,"{""type"":""MultiPoint"",""coordinates"":[]}"
760_0,0.69998306,0.8272577,0.568777,0.23454459,0.4875498,0.4493347,0.85209453,0.6136364,0.11643836,0.026767878,0.18169583,0.047037262,0.85209453,0.42542642,0.026767878,0.2847103533835797,1,"{""type"":""MultiPoint"",""coordinates"":[]}"
761_0,0.55700076,0.8188299,0.52698773,0.2992112,0.44186047,0.4845815,0.8371983,0.6048155,0.09064327,0.048354328,0.15107296,0.08382527,0.8371983,0.41203177,0.048354328,0.26581639692196235,1,"{""type"":""MultiPoint"",""coordinates"":[]}"
762_0,0.34809768,0.3298611,0.3061761,0.267101,0.34209085,0.13566814,0.44209722,0.29826733,0.4453317,0.51158065,0.17279822,0.29008403,0.51158065,0.32409617,0.13566814,0.10347929740050311,1,"{""type"":""MultiPoint"",""coordinates"":[]}"
763_0,0.6453282,0.71413857,0.5096405,0.27170005,0.442029,0.1326773,0.82740384,0.53413236,0.3070707,0.34649912,0.1701847,0.27415553,0.82740384,0.43124667,0.1326773,0.21009485058320163,1,"{""type"":""MultiPoint"",""coordinates"":[]}"
764_0,0.50036705,0.6027099,0.413371,0.2263335,0.37703016,0.14911366,0.8188733,0.48724833,0.30691326,0.44087705,0.3950829,0.351585,0.8188733,0.42245877,0.14911366,0.167006456980208,1,"{""type"":""MultiPoint"",""coordinates"":[]}"
765_0,0.49715215,0.7927171,0.64387053,0.16427784,0.67933404,0.84215784,0.7955534,0.13815318,0.083484575,-0.03958692,0.14432548,0.15568222,0.84215784,0.40809345,-0.03958692,0.31556214706725466,1,"{""type"":""MultiPoint"",""coordinates"":[]}"
766_0,0.20898877,0.20141065,0.19129574,0.057933044,0.7727575,0.92420053,0.86034596,0.14005691,0.73826784,0.8351921,0.5915311,0.15473442,0.92420053,0.47305954,0.057933044,0.32484838935284327,1,"{""type"":""MultiPoint"",""coordinates"":[]}"
767_0,0.7592191,0.80887556,0.34457833,0.12613595,0.8257616,0.90020365,0.66809976,0.67436135,0.84340465,0.44557402,0.04724919,0.28893805,0.90020365,0.5610334,0.04724919,0.2853638499356375,1,"{""type"":""MultiPoint"",""coordinates"":[]}"
768_0,0.22838244,0.20671563,0.18267247,0.376,0.25101066,0.8028813,0.81208056,0.7373939,0.09561105,0.83366686,0.7324162,0.19005102,0.83366686,0.45407352,0.09561105,0.28620888030594155,1,"{""type"":""MultiPoint"",""coordinates"":[]}"
769_0,0.35020632,0.3371901,0.29292417,0.55130434,0.5080645,0.54220355,0.68886995,0.637883,0.11748042,0.5592167,0.71347916,0.47823384,0.71347916,0.48142135,0.11748042,0.16899716135695425,1,"{""type"":""MultiPoint"",""coordinates"":[]}"
770_0,0.38708967,0.34995064,0.34107965,0.1922865,0.30093154,0.89236224,0.8400312,0.7312869,0.20126183,0.8101266,0.82812876,0.43216985,0.89236224,0.52555877,0.1922865,0.2594467599040685,1,"{""type"":""MultiPoint"",""coordinates"":[]}"
771_0,0.46878365,0.48621768,0.38165286,0.45376956,0.44352618,0.54649264,0.68471956,0.5404687,-0.13482428,0.7833153,0.65553296,0.34146342,0.7833153,0.47092652,-0.13482428,0.22001290780930371,1,"{""type"":""MultiPoint"",""coordinates"":[]}"
772_0,0.26495233,0.237691,0.21130481,0.21464998,0.21530731,0.75992966,0.8274732,0.5107368,0.057646748,0.87272274,0.7058965,0.14865963,0.87272274,0.41891423,0.057646748,0.28377273403189057,1,"{""type"":""MultiPoint"",""coordinates"":[]}"
773_0,0.27670172,0.2746757,0.23200831,0.3418093,0.34134007,0.63698125,0.7249762,0.43707713,0.059599157,0.7950279,0.65538305,0.37240455,0.7950279,0.42899868,0.059599157,0.2154282625480584,1,"{""type"":""MultiPoint"",""coordinates"":[]}"
774_0,0.24043511,0.24431373,0.2560795,0.3216897,0.46063852,0.28208497,0.2604263,0.7840676,0.46946868,0.666997,0.17538461,0.664,0.7840676,0.40213215,0.17538461,0.19521810439961484,1,"{""type"":""MultiPoint"",""coordinates"":[]}"
775_0,0.35072345,0.38076362,0.3965557,0.43939394,0.58398527,0.28395063,0.2811736,0.71709603,0.44615385,0.7381003,0.25561798,0.69633883,0.7381003,0.46415442,0.25561798,0.16883546312124983,1,"{""type"":""MultiPoint"",""coordinates"":[]}"
776_0,0.34022322,0.43162954,0.47690052,0.5389718,0.48958334,0.31900138,0.38848615,0.8036997,0.4222747,0.7320068,0.1600928,0.702725,0.8036997,0.48379958,0.1600928,0.17868655440984565,1,"{""type"":""MultiPoint"",""coordinates"":[]}"
777_0,0.53736657,0.6113894,0.5022924,0.6106002,0.76696163,0.62885046,0.7103728,0.658812,0.7506516,0.7718911,0.6823821,0.5395232,0.7718911,0.6475911,0.5022924,0.08830302178597654,1,"{""type"":""MultiPoint"",""coordinates"":[]}"
778_0,0.7221113,0.80698836,0.32185936,0.45064965,0.76627135,0.33617023,0.21663313,0.8570136,0.75024295,0.65619224,0.18932039,0.25735295,0.8570136,0.5275671,0.18932039,0.24435945484798674,1,"{""type"":""MultiPoint"",""coordinates"":[]}"
779_0,0.73095626,0.7913003,0.37969232,0.6617546,0.74538094,0.24541129,0.13844173,0.80785817,0.80483735,0.34035087,0.20909886,0.2971098,0.80785817,0.51268274,0.13844173,0.2535801545356768,1,"{""type"":""MultiPoint"",""coordinates"":[]}"
780_0,0.47771093,0.4666215,0.4144169,0.566931,0.63076055,0.7712042,0.7949293,0.7548648,0.02318675,0.7702857,0.80015737,0.6927304,0.80015737,0.5969833,0.02318675,0.21809404657073264,1,"{""type"":""MultiPoint"",""coordinates"":[]}"
781_0,0.36694214,0.32210875,0.314142,0.24034749,0.41573033,0.57619476,0.73868835,0.671029,0.020871144,0.6828859,0.69512784,0.55700797,0.73868835,0.4667563,0.020871144,0.21242982555297021,1,"{""type"":""MultiPoint"",""coordinates"":[]}"
782_0,0.14042197,0.17990808,0.16260658,0.21242484,0.2611732,0.52920693,0.7001812,0.5972495,0.093887836,0.49167144,0.6694892,0.5181009,0.7001812,0.37969348,0.093887836,0.21526669382428146,1,"{""type"":""MultiPoint"",""coordinates"":[]}"
783_0,0.3104484,0.31196108,0.32721987,0.5,0.34664246,0.2642669,0.22379604,0.48318294,0.5276731,0.87019044,0.41666666,0.23367615,0.87019044,0.40131035,0.22379604,0.17214463428867194,1,"{""type"":""MultiPoint"",""coordinates"":[]}"
784_0,0.22983114,0.24233983,0.23124042,0.19489361,0.27053943,0.27089536,0.21750322,0.31284085,0.30987605,0.8572469,0.45814648,0.30197164,0.8572469,0.32477707,0.19489361,0.1734402421020982,1,"{""type"":""MultiPoint"",""coordinates"":[]}"
785_0,0.25553662,0.2595326,0.23969339,0.23794341,0.31928954,0.26171428,0.2782956,0.33848533,0.32391047,0.84460783,0.34024304,0.20192887,0.84460783,0.32509843,0.20192887,0.16220878741683764,1,"{""type"":""MultiPoint"",""coordinates"":[]}"
786_0,0.30181667,0.32164243,0.31472656,0.46072924,0.15529132,0.15869565,0.29672897,0.7,0.20257479,0.6475845,0.54488987,0.50607944,0.7,0.38422996,0.15529132,0.1767886891659681,1,"{""type"":""MultiPoint"",""coordinates"":[]}"
787_0,0.2685967,0.29291275,0.29127693,0.3888945,0.16233447,0.15635546,0.24653348,0.6691697,0.17766881,0.6480736,0.5232722,0.48470208,0.6691697,0.35914922,0.15635546,0.17460601863259848,1,"{""type"":""MultiPoint"",""coordinates"":[]}"
788_0,0.29598507,0.34006265,0.28638205,0.32879132,0.37604758,0.31196338,0.43788344,0.4726127,0.14581026,0.24919441,0.3374741,0.31164488,0.4726127,0.32448766,0.14581026,0.08065808534926593,1,"{""type"":""MultiPoint"",""coordinates"":[]}"
789_0,0.46549913,0.5115962,0.4476678,0.48458275,0.44311687,0.08264463,0.804333,0.44891354,0.4551206,0.68945223,0.17162761,0.47287616,0.804333,0.45645255,0.08264463,0.18272578814155416,1,"{""type"":""MultiPoint"",""coordinates"":[]}"
790_0,0.5478375,0.61442786,0.5266144,0.43903774,0.34660423,0.08288686,0.7501964,0.483752,0.44697633,0.52965236,0.06589891,0.3533957,0.7501964,0.43227336,0.06589891,0.19121700675777592,1,"{""type"":""MultiPoint"",""coordinates"":[]}"
791_0,0.65670264,0.688389,0.56054056,0.2187637,0.39661017,0.08839601,0.70357394,0.52297074,0.2196923,-0.07526882,0.23004694,0.44754422,0.70357394,0.38816345,-0.07526882,0.24151023829992083,1,"{""type"":""MultiPoint"",""coordinates"":[]}"
792_0,0.49400923,0.5064935,0.417238,0.6803804,0.78078014,0.71099216,0.69048643,0.64768684,0.7036895,0.7998111,0.34070796,0.6216492,0.7998111,0.6161604,0.34070796,0.13860801509281737,1,"{""type"":""MultiPoint"",""coordinates"":[]}"
793_0,0.69290763,0.7647374,0.46678704,0.30442363,0.38789546,0.39748654,0.73483425,0.6890718,0.41377208,0.55938697,0.33094263,0.493199,0.7647374,0.51962036,0.30442363,0.15694834336004648,1,"{""type"":""MultiPoint"",""coordinates"":[]}"
794_0,0.74048096,0.8244546,0.503299,0.15826887,0.16666667,0.23709902,0.7537338,0.6315789,0.30462185,0.4237856,0.050480768,0.40655988,0.8244546,0.43341917,0.050480768,0.24889733383963394,1,"{""type"":""MultiPoint"",""coordinates"":[]}"
795_0,0.75996333,0.7951264,0.5317318,0.5113033,0.70567715,0.40761477,0.1911171,0.53342956,0.81425613,0.3383948,0.28804347,0.40037245,0.81425613,0.52308583,0.1911171,0.199271251356251,1,"{""type"":""MultiPoint"",""coordinates"":[]}"
796_0,0.6685777,0.71323913,0.5448513,0.18711095,0.22170542,0.43304348,0.61491525,0.8099647,0.69653237,-0.040963855,0.12605043,0.33823097,0.8099647,0.4427715,-0.040963855,0.2618823521683866,1,"{""type"":""MultiPoint"",""coordinates"":[]}"
797_0,0.6840883,0.70596796,0.50830126,0.19293728,0.28844622,0.39476767,0.5137294,0.8289413,0.4233495,0.011080332,0.051150896,0.16055757,0.8289413,0.39694312,0.011080332,0.2531539806353413,1,"{""type"":""MultiPoint"",""coordinates"":[]}"
798_0,0.5992112,0.38103548,0.2737112,0.6489041,0.8129136,0.09354505,0.6806925,0.47129762,0.72975737,0.30925176,0.263504,0.40669855,0.8129136,0.47254354,0.09354505,0.21188266992739402,1,"{""type"":""MultiPoint"",""coordinates"":[]}"
799_0,0.34953463,0.37949544,0.2649988,0.52014244,0.7102023,0.097788125,0.75771326,0.33268294,0.4806338,0.7297861,0.38238052,0.4150636,0.75771326,0.45170182,0.097788125,0.19135387516085853,1,"{""type"":""MultiPoint"",""coordinates"":[]}"
800_0,0.55853176,0.42375645,0.35300317,0.5676513,0.74016947,0.10009183,0.6319392,0.35110435,0.5884751,0.5010526,0.35405406,0.43537098,0.74016947,0.46710002,0.10009183,0.16148445899329705,1,"{""type"":""MultiPoint"",""coordinates"":[]}"
801_0,0.6747232,0.8277548,0.5880049,0.3483902,0.4859512,0.28976342,0.28715536,0.46023858,0.21349274,0.71428573,0.5868518,0.42793792,0.8277548,0.49204582,0.21349274,0.18256143587993143,1,"{""type"":""MultiPoint"",""coordinates"":[]}"
802_0,0.26240435,0.2590996,0.21861118,0.18587835,0.22279793,0.23346473,0.29228592,0.69965327,0.3183786,0.04014273,0.21441124,0.76809776,0.76809776,0.30960214,0.04014273,0.20126715448183247,1,"{""type"":""MultiPoint"",""coordinates"":[]}"
803_0,0.3761511,0.43541124,0.36583012,0.32100523,0.34255672,0.54477817,0.36616507,0.6735659,0.27252167,0.21671526,0.27388534,0.82972664,0.82972664,0.4181927,0.21671526,0.1722198884792278,1,"{""type"":""MultiPoint"",""coordinates"":[]}"
804_0,0.26853055,0.22943185,0.14361545,0.19822814,0.15661375,0.20109439,0.25446898,0.1507177,0.08421053,0.5526235,0.41446924,0.42516896,0.5526235,0.25659776,0.08421053,0.13292641862227392,1,"{""type"":""MultiPoint"",""coordinates"":[]}"
805_0,0.26312083,0.21606426,0.12530266,0.1439435,0.1953514,0.18585622,0.2259887,0.17619604,0.06002106,0.455411,0.43377274,0.47204968,0.47204968,0.24608985,0.06002106,0.1298801828428311,1,"{""type"":""MultiPoint"",""coordinates"":[]}"
806_0,0.260121,0.19476981,0.1818766,0.14827202,0.20331459,0.22570533,0.2701882,0.21143538,0.1706721,0.51108336,0.48698226,0.4434021,0.51108336,0.2756519,0.14827202,0.12346825028190599,1,"{""type"":""MultiPoint"",""coordinates"":[]}"
807_0,0.4997581,0.45645934,0.3833079,0.5130161,0.6817421,0.59562844,0.77844447,0.77239114,0.7276233,0.8414179,0.7322624,0.70437086,0.8414179,0.6405352,0.3833079,0.14043852919588096,1,"{""type"":""MultiPoint"",""coordinates"":[]}"
808_0,0.70838916,0.714128,0.32092062,0.6582604,0.779748,0.21832883,0.5984791,0.7868421,0.0042337,-0.21279556,0.021671826,0.24244554,0.7868421,0.40338764,-0.21279556,0.3332858231313226,1,"{""type"":""MultiPoint"",""coordinates"":[]}"
809_0,0.41838235,0.5223555,0.4904014,0.68058527,0.7403585,0.70950186,0.788956,0.6628571,0.7740659,0.7841286,0.7116935,0.54760593,0.788956,0.65257436,0.41838235,0.12080292804909033,1,"{""type"":""MultiPoint"",""coordinates"":[]}"
810_0,0.2808933,0.28470588,0.2851337,0.3882956,0.23924895,0.77549917,0.80561453,0.5216073,0.13855627,0.72718835,0.7783796,0.2437673,0.80561453,0.45574084,0.13855627,0.24025381800096077,1,"{""type"":""MultiPoint"",""coordinates"":[]}"
811_0,0.29527104,0.3010336,0.26339412,0.38639957,0.37535492,0.55417776,0.6494312,0.52880126,0.36658528,0.72536755,0.69757396,0.29319686,0.72536755,0.4530489,0.26339412,0.16226520861662205,1,"{""type"":""MultiPoint"",""coordinates"":[]}"
812_0,0.2964882,0.3192124,0.23885089,0.42621258,0.39789474,0.5968486,0.75317603,0.6788524,0.50446576,0.79332614,0.7705083,0.5482718,0.79332614,0.527009,0.23885089,0.18628994592706213,1,"{""type"":""MultiPoint"",""coordinates"":[]}"
813_0,0.5377129,0.5415987,0.41592002,0.6445872,0.7444151,0.73748523,0.6914774,0.7306733,0.6794227,0.73328614,0.60822344,0.5028601,0.7444151,0.63063854,0.41592002,0.10435425021182856,1,"{""type"":""MultiPoint"",""coordinates"":[]}"
814_0,0.42159522,0.48749012,0.40192112,0.6184505,0.70493233,0.6842918,0.592053,0.709606,0.66428006,0.70951587,0.658606,0.46476966,0.709606,0.593126,0.40192112,0.11237417325619088,1,"{""type"":""MultiPoint"",""coordinates"":[]}"
815_0,0.4947479,0.39689833,0.33594278,0.18434604,0.35811764,0.8560592,0.82341224,0.5046424,-0.0018903592,-0.24375,-0.0556391,-0.17557251,0.8560592,0.2897762,-0.24375,0.345035999742221,1,"{""type"":""MultiPoint"",""coordinates"":[]}"
816_0,0.7457592,0.75792766,0.6356389,0.6671907,0.836454,0.5029576,0.8193884,0.7607725,0.8420207,0.83941054,0.2,0.7404547,0.8420207,0.6956646,0.2,0.17726552666691078,1,"{""type"":""MultiPoint"",""coordinates"":[]}"
817_0,0.76595193,0.79983795,0.3791913,0.19686274,0.44139966,0.3941071,0.80626005,0.24048816,-0.49344376,-0.36220473,-0.20689656,0.12284938,0.80626005,0.25703362,-0.49344376,0.4190057533764711,1,"{""type"":""MultiPoint"",""coordinates"":[]}"
818_0,0.574758,0.77042985,0.5315024,0.20808384,0.7293331,0.070594214,0.80355275,0.15410273,-0.42601627,-0.455278,-0.1383577,0.055122204,0.80355275,0.23981893,-0.455278,0.42591562530065435,1,"{""type"":""MultiPoint"",""coordinates"":[]}"
819_0,0.2301778,0.2238365,0.2034573,0.2377223,0.3035113,0.2867679,0.16344756,0.23697479,0.37433863,0.44132233,0.22519685,0.27121463,0.44132233,0.2664973,0.16344756,0.07367404079094274,1,"{""type"":""MultiPoint"",""coordinates"":[]}"
820_0,0.22400676,0.23054208,0.20543501,0.13452739,0.24302302,0.2620846,0.14813419,0.21298802,0.3534073,0.43009844,0.21149722,0.36320755,0.43009844,0.25157928,0.13452739,0.0845145311941378,1,"{""type"":""MultiPoint"",""coordinates"":[]}"
821_0,0.2305308,0.18933539,0.19207376,0.09973423,0.17760885,0.18424657,0.13500263,0.20998532,0.21377711,0.19118206,0.15440555,0.22363189,0.2305308,0.18345952,0.09973423,0.036352035828420406,1,"{""type"":""MultiPoint"",""coordinates"":[]}"
822_0,0.5666754,0.6992862,0.49130148,0.5229602,0.57603127,0.21992631,0.49233052,0.46776155,0.5167377,0.640045,0.53417313,0.5815188,0.6992862,0.52572894,0.21992631,0.11174588467492932,1,"{""type"":""MultiPoint"",""coordinates"":[]}"
823_0,0.3363524,0.70074815,0.5356867,0.45563653,0.33635375,0.17053033,0.6320422,0.75661373,0.21630695,0.2083013,0.41568,0.50159305,0.75661373,0.43882042,0.17053033,0.18634759985963684,1,"{""type"":""MultiPoint"",""coordinates"":[]}"
824_0,0.6816183,0.8512397,0.49851337,0.14485514,0.7437914,0.348643,0.7893843,0.22906575,0.58116543,0.7016816,0.10969504,0.48003715,0.8512397,0.5133075,0.10969504,0.2449236449430872,1,"{""type"":""MultiPoint"",""coordinates"":[]}"
825_0,0.2849315,0.5315904,0.42850146,0.2892704,0.4031918,0.60279894,0.61112326,0.3109415,0.34943473,0.7605893,0.62377286,0.3171875,0.7605893,0.45944446,0.2849315,0.15394322440738506,1,"{""type"":""MultiPoint"",""coordinates"":[]}"
826_0,0.3199833,0.53425807,0.4771727,0.44021124,0.53654647,0.6461608,0.66793025,0.5170399,0.580593,0.71156895,0.6707741,0.56058586,0.71156895,0.5552354,0.3199833,0.10659293768204509,1,"{""type"":""MultiPoint"",""coordinates"":[]}"
827_0,0.31544423,0.37670016,0.3468102,0.41793314,0.43638274,0.37137035,0.4546397,0.3130016,0.61266637,0.45057344,0.46986607,0.46453807,0.61266637,0.41916052,0.3130016,0.07956468857598575,1,"{""type"":""MultiPoint"",""coordinates"":[]}"
828_0,0.13413654,0.13001728,0.15789473,0.08286377,0.08610506,0.13065693,0.15414461,0.25632843,0.36383578,0.4431113,0.44089013,0.36085695,0.4431113,0.22840346,0.08286377,0.1316411306595275,1,"{""type"":""MultiPoint"",""coordinates"":[]}"
829_0,0.36985162,0.38180843,0.30505878,0.2268449,0.29100528,0.5786217,0.5576564,0.35569155,0.09399076,0.022429906,0.15578866,0.24159257,0.5786217,0.29836172,0.022429906,0.16015865147710937,1,"{""type"":""MultiPoint"",""coordinates"":[]}"
830_0,0.32640693,0.5440313,0.48576593,0.5378088,0.18833727,0.32543105,0.1678023,0.6062745,0.28942487,0.113874346,0.27033898,0.27054107,0.6062745,0.34383646,0.113874346,0.15522800195741462,1,"{""type"":""MultiPoint"",""coordinates"":[]}"
831_0,0.79971325,0.7579404,0.2888209,0.18983482,0.6508043,0.2566068,0.7361244,0.29088786,-0.14619164,0.025889968,-0.029119056,0.22071636,0.79971325,0.33683568,-0.14619164,0.310840841234296,1,"{""type"":""MultiPoint"",""coordinates"":[]}"
832_0,0.48373556,0.32699168,0.34299248,0.31104922,0.24001682,0.08078157,0.809571,0.19553073,-0.035426732,-0.53424656,-0.08190476,0.18116684,0.809571,0.19335482,-0.53424656,0.3149949209953847,1,"{""type"":""MultiPoint"",""coordinates"":[]}"
833_0,0.7422712,0.65260273,0.20657568,0.01954998,0.66157204,0.11358735,0.8022956,0.1588388,0.17319036,-0.27235773,-0.19185424,0.18028168,0.8022956,0.27054614,-0.27235773,0.34575291788606877,1,"{""type"":""MultiPoint"",""coordinates"":[]}"
834_0,0.26550078,0.32506737,0.2589164,0.41084513,0.25526315,0.494101,0.45091695,0.1755901,0.17002141,0.63914025,0.58152956,0.24824506,0.63914025,0.35626143,0.17002141,0.14988530202486938,1,"{""type"":""MultiPoint"",""coordinates"":[]}"
835_0,0.2293578,0.2132103,0.19479905,0.18015718,0.38150582,0.7325114,0.7698541,0.16574147,-0.08781362,0.84489316,0.81916994,0.2615944,0.84489316,0.39208177,-0.08781362,0.30097365431138445,1,"{""type"":""MultiPoint"",""coordinates"":[]}"
836_0,0.74823195,0.8289294,0.4793733,0.10588762,0.78353184,0.84331024,0.77988994,0.13937753,0.05263158,-0.649635,-0.4116095,0.0,0.84331024,0.30832657,-0.649635,0.4911016164535976,1,"{""type"":""MultiPoint"",""coordinates"":[]}"
837_0,0.12922002,0.079867505,0.1428047,0.097613886,0.06425822,0.23261859,0.045454547,0.06584235,0.13056661,0.059667673,0.25087413,0.10659459,0.25087413,0.11711524,0.045454547,0.06321689416479231,1,"{""type"":""MultiPoint"",""coordinates"":[]}"
838_0,0.25537634,0.55632824,0.6022169,0.6091892,0.16911295,0.47167757,0.7436213,0.6538005,0.02373247,0.7126185,0.7862892,0.6037838,0.7862892,0.51564556,0.02373247,0.23103229502290726,1,"{""type"":""MultiPoint"",""coordinates"":[]}"
839_0,0.27377826,0.35556695,0.33268005,0.46594006,0.70080554,0.46807534,0.53979594,0.667063,0.47771174,0.7948579,0.69104016,0.65380377,0.7948579,0.53509325,0.27377826,0.15938436836256065,1,"{""type"":""MultiPoint"",""coordinates"":[]}"
840_0,0.46394557,0.3061416,0.316464,0.6753728,0.40512466,0.4255639,0.6085369,0.6337778,0.32862842,0.11904762,0.31334022,0.22231337,0.6753728,0.4015214,0.11904762,0.16268813842714977,1,"{""type"":""MultiPoint"",""coordinates"":[]}"
841_0,0.25829482,0.4893617,0.5145516,0.7352054,0.22019334,0.82198465,0.8847027,0.5473126,0.22976288,0.050925925,0.20718098,0.38076922,0.8847027,0.4450205,0.050925925,0.25570980275233063,1,"{""type"":""MultiPoint"",""coordinates"":[]}"
842_0,0.31449407,0.5402692,0.54517657,0.7096705,0.24406047,0.7719133,0.8488613,0.5480018,0.18490566,-0.2616408,0.26454446,0.36870602,0.8488613,0.4232469,-0.2616408,0.2925253558926649,1,"{""type"":""MultiPoint"",""coordinates"":[]}"
843_0,0.63101983,0.7671254,0.56942004,0.20178372,0.21706587,0.63458157,0.7477407,0.5945162,0.028795812,-0.25261217,-0.21974522,0.04895105,0.7671254,0.33072025,-0.25261217,0.3555296639612664,1,"{""type"":""MultiPoint"",""coordinates"":[]}"
844_0,0.49687222,0.774242,0.64696676,0.23473985,0.3296741,0.76122135,0.8183648,0.18732315,0.025811823,-0.12655367,-0.15938303,0.09023354,0.8183648,0.3399594,-0.15938303,0.33866325686590504,1,"{""type"":""MultiPoint"",""coordinates"":[]}"
845_0,0.35739437,0.7398654,0.65705174,0.24114604,0.28778955,0.8367404,0.77334166,0.14954954,0.32340625,-0.16247582,-0.13309352,0.16083036,0.8367404,0.35262883,-0.16247582,0.3228499133314689,1,"{""type"":""MultiPoint"",""coordinates"":[]}"
846_0,0.26287264,0.28332537,0.22716105,0.19774832,0.20167014,0.70090634,0.8043478,0.5766842,0.15525115,-0.11111111,0.1405378,0.2526263,0.8043478,0.30766833,-0.11111111,0.24759919344621034,1,"{""type"":""MultiPoint"",""coordinates"":[]}"
847_0,0.35115495,0.21449894,0.43280932,0.6851734,0.43056065,0.30555555,0.1752121,0.84278566,0.1943876,0.49530008,0.28315055,0.2832182,0.84278566,0.3911506,0.1752121,0.19436860532606906,1,"{""type"":""MultiPoint"",""coordinates"":[]}"
848_0,0.30299762,0.28421053,0.23334712,0.16587202,0.6738947,0.8047656,0.7541133,0.1552795,-0.013664597,0.5414451,0.45166576,0.26490408,0.8047656,0.38490257,-0.013664597,0.24813534153757907,1,"{""type"":""MultiPoint"",""coordinates"":[]}"
849_0,0.2682927,0.31709477,0.42637852,0.13546307,0.06859756,0.1042065,0.025053687,0.104687065,0.02420701,0.08511941,0.2116923,0.12357891,0.42637852,0.15786429,0.02420701,0.11856562399580749,1,"{""type"":""MultiPoint"",""coordinates"":[]}"
850_0,0.35462186,0.36231884,0.35979676,0.23706897,0.0678337,0.187244,0.075054,0.19648293,0.05425032,0.13074204,0.14494957,0.10697675,0.36231884,0.18977831,0.05425032,0.11063779856166567,1,"{""type"":""MultiPoint"",""coordinates"":[]}"
851_0,0.24208567,0.21862349,0.2487694,0.12510906,0.04141461,0.113230616,0.0330251,0.075686164,0.022617124,0.02520012,0.06904017,0.08715863,0.2487694,0.10849668,0.022617124,0.0803881126906568,1,"{""type"":""MultiPoint"",""coordinates"":[]}"
852_0,0.7190035,0.38299087,0.27468285,0.2948244,0.33179012,0.3012794,0.33830228,0.3018463,0.35701907,0.47734687,0.7418868,0.7760853,0.7760853,0.44142148,0.27468285,0.18308142435389527,1,"{""type"":""MultiPoint"",""coordinates"":[]}"
853_0,0.70141643,0.3441795,0.25813332,0.23966943,0.42102987,0.42478302,0.2628475,0.16169155,0.35173726,0.32434255,0.6947909,0.732347,0.732347,0.40974736,0.16169155,0.18724481114968017,1,"{""type"":""MultiPoint"",""coordinates"":[]}"
854_0,0.68823135,0.3312119,0.26869807,0.27168733,0.5337257,0.48574474,0.2899958,0.18549052,0.22174422,0.25581396,0.77048093,0.77071357,0.77071357,0.42279482,0.18549052,0.2093397474631578,1,"{""type"":""MultiPoint"",""coordinates"":[]}"
855_0,0.30093208,0.33935714,0.3622085,0.28448275,0.47055757,0.55510414,0.6390882,0.5657829,0.5802016,0.686762,0.74315244,0.76592165,0.76592165,0.5244626,0.28448275,0.16391393947046942,1,"{""type"":""MultiPoint"",""coordinates"":[]}"
856_0,0.27759963,0.36865646,0.37140182,0.29496402,0.58386296,0.5972892,0.6823368,0.5691998,0.46341464,0.5884586,0.6843809,0.75879395,0.75879395,0.5200299,0.27759963,0.15414914034497398,1,"{""type"":""MultiPoint"",""coordinates"":[]}"
857_0,0.26731774,0.33395696,0.40195072,0.27353534,0.5734549,0.49354517,0.6564581,0.61249113,0.62214285,0.69239974,0.72555846,0.76221585,0.76221585,0.5345856,0.26731774,0.16891769325216566,1,"{""type"":""MultiPoint"",""coordinates"":[]}"
858_0,0.5108452,0.4368071,0.39266533,0.57504416,0.7144314,0.72677094,0.7303267,0.6519145,0.38532817,0.673147,0.72509176,0.654113,0.7303267,0.59804046,0.38532817,0.1281278995278343,1,"{""type"":""MultiPoint"",""coordinates"":[]}"
859_0,0.5253299,0.3393637,0.31132075,0.4153622,0.3683834,0.73537564,0.74277455,0.7220235,0.35126746,0.63150287,0.824993,0.6159601,0.824993,0.5486381,0.31132075,0.17801245205200095,1,"{""type"":""MultiPoint"",""coordinates"":[]}"
860_0,0.5836891,0.31088084,0.26550078,0.25672594,0.24875125,0.83154976,0.83515745,0.7497098,0.24753325,0.69513947,0.86512524,0.54076684,0.86512524,0.53587747,0.24753325,0.2459725093063361,1,"{""type"":""MultiPoint"",""coordinates"":[]}"
861_0,0.32798612,0.41786742,0.40058944,0.6175976,0.43106267,0.54169405,0.50699043,0.4497272,0.4860543,0.53573346,0.4940417,0.5348947,0.6175976,0.4786866,0.32798612,0.07437882999012099,1,"{""type"":""MultiPoint"",""coordinates"":[]}"
862_0,0.35957065,0.4838424,0.39911154,0.7542388,0.44797802,0.6223494,0.615942,0.42650193,0.5110932,0.8278788,0.53241897,0.55738604,0.8278788,0.5448593,0.35957065,0.13513601552726806,1,"{""type"":""MultiPoint"",""coordinates"":[]}"
863_0,0.55463576,0.5464093,0.45013624,0.6711236,0.7879706,0.71260995,0.6846632,0.6239193,0.10766381,0.7995029,0.7741098,0.6978489,0.7995029,0.6175494,0.10766381,0.184072151553319,1,"{""type"":""MultiPoint"",""coordinates"":[]}"
864_0,0.5087071,0.43564096,0.34750482,0.5317673,0.52775645,0.6365159,0.5619048,0.52249944,0.51256573,0.67688936,0.6977667,0.47271046,0.6977667,0.5360191,0.34750482,0.094852048540388,1,"{""type"":""MultiPoint"",""coordinates"":[]}"
865_0,0.49849603,0.44827586,0.32733533,0.5191049,0.5520317,0.6445118,0.58353513,0.6245013,0.54435927,0.73052526,0.70460296,0.46497995,0.73052526,0.55352163,0.32733533,0.10906764503881966,1,"{""type"":""MultiPoint"",""coordinates"":[]}"
866_0,0.27584517,0.2356445,0.21160042,0.2827761,0.30095237,0.80974674,0.82990116,0.36881652,0.4868735,0.796487,0.7663044,0.1837074,0.82990116,0.46238795,0.1837074,0.25069178907168255,1,"{""type"":""MultiPoint"",""coordinates"":[]}"
867_0,0.3860241,0.3706086,0.32460734,0.43162757,0.49118268,0.19715258,0.45343438,0.36770833,0.49751243,0.4202693,0.45280236,0.37435055,0.49751243,0.39727336,0.19715258,0.07872905387932982,1,"{""type"":""MultiPoint"",""coordinates"":[]}"
868_0,0.73369443,0.67055464,0.34668073,0.44054642,0.55274755,0.3057251,0.74948096,0.12630014,0.31658956,0.71532845,0.75461173,0.2872164,0.75461173,0.49995634,0.12630014,0.2127734718522381,1,"{""type"":""MultiPoint"",""coordinates"":[]}"
869_0,0.5402072,0.52132463,0.3909717,0.5891452,0.61100745,0.21329837,0.6463527,0.34533185,0.4782123,0.1452514,0.49782136,0.4895484,0.6463527,0.45570603,0.1452514,0.14850899126772607,1,"{""type"":""MultiPoint"",""coordinates"":[]}"
870_0,0.19373913,0.1816976,0.21172023,0.22130898,0.69245285,0.90084386,0.44252765,0.23076923,0.44022346,0.83870965,0.6461414,0.14457831,0.90084386,0.42872605,0.14457831,0.2636929826682807,1,"{""type"":""MultiPoint"",""coordinates"":[]}"
871_0,0.15769169,0.17265762,0.21359491,0.17331709,0.689019,0.86829865,0.4247592,0.1704394,0.42826262,0.85397965,0.6731686,0.18623233,0.86829865,0.4176184,0.15769169,0.27021067293638584,1,"{""type"":""MultiPoint"",""coordinates"":[]}"
872_0,0.18064119,0.16386798,0.19662921,0.1819558,0.6533487,0.80373585,0.4388465,0.18689321,0.4678798,0.8325703,0.6082858,0.18611026,0.8325703,0.40839705,0.16386798,0.24948308727746907,1,"{""type"":""MultiPoint"",""coordinates"":[]}"
873_0,0.19529629,0.17963935,0.19149888,0.18566494,0.20647773,0.48983365,0.5813713,0.48560274,0.27687627,0.6030806,0.5649402,0.3592437,0.6030806,0.35996047,0.17963935,0.166244934896298,1,"{""type"":""MultiPoint"",""coordinates"":[]}"
874_0,0.22876349,0.22998042,0.21976401,0.18995634,0.19638826,0.7932841,0.81232977,0.67741936,0.23622324,0.6978888,0.7368022,0.369863,0.81232977,0.44905525,0.18995634,0.2547820892038561,1,"{""type"":""MultiPoint"",""coordinates"":[]}"
875_0,0.21223883,0.21007259,0.21062915,0.19968492,0.2150245,0.5899861,0.72448254,0.6361452,0.25203988,0.40657276,0.6961451,0.29062086,0.72448254,0.3869702,0.19968492,0.20376498464846587,1,"{""type"":""MultiPoint"",""coordinates"":[]}"
876_0,0.7156943,0.7101524,0.31411964,0.39664477,0.19629498,0.62238836,0.8543046,0.7118131,0.21613328,-0.19000892,0.13765182,0.11824324,0.8543046,0.40028596,-0.19000892,0.30658692117677505,1,"{""type"":""MultiPoint"",""coordinates"":[]}"
877_0,0.6982379,0.6720124,0.3157569,0.2363397,0.16786917,0.5342155,0.8145072,0.68601334,0.20572312,-0.26271185,0.06506365,0.15257958,0.8145072,0.3571339,-0.26271185,0.3096525254646398,1,"{""type"":""MultiPoint"",""coordinates"":[]}"
878_0,0.45396537,0.4296506,0.29284164,0.47216964,0.543325,0.57857144,0.6646303,0.5645659,0.45807424,0.28969258,0.31769547,0.43611404,0.6646303,0.45844135,0.28969258,0.11278948863294336,1,"{""type"":""MultiPoint"",""coordinates"":[]}"
879_0,0.6420696,0.55398804,0.35129312,0.37315038,0.59630203,0.80989045,0.81549907,0.5056245,0.2714005,0.35458937,0.49788606,0.3835039,0.81549907,0.5129331,0.2714005,0.17106311784654232,1,"{""type"":""MultiPoint"",""coordinates"":[]}"
880_0,0.79212147,0.63155586,0.2937717,0.22426471,0.35633552,0.7050971,0.839562,0.30966952,0.1827957,-0.08319739,0.2246351,0.20643431,0.839562,0.3902538,-0.08319739,0.2728931415301437,1,"{""type"":""MultiPoint"",""coordinates"":[]}"
881_0,0.4110818,0.34141922,0.22213875,0.2879503,0.1510864,0.3413793,0.30829158,0.63457763,0.4352211,0.7283545,0.29786152,0.45845696,0.7283545,0.38481826,0.1510864,0.1572462537244413,1,"{""type"":""MultiPoint"",""coordinates"":[]}"
882_0,0.552822,0.6111508,0.48339,0.46717927,0.60471463,0.34293097,0.79110605,0.4774775,0.40630916,0.06003937,0.40498945,0.516513,0.79110605,0.47655186,0.06003937,0.16892523366402645,1,"{""type"":""MultiPoint"",""coordinates"":[]}"
883_0,0.6796451,0.8080378,0.55417883,0.22606775,0.7273849,0.45376858,0.85676134,0.62681496,0.20144404,0.05189341,0.40201062,0.28125733,0.85676134,0.4891054,0.05189341,0.24971600495524068,1,"{""type"":""MultiPoint"",""coordinates"":[]}"
884_0,0.20371805,0.2371134,0.24918473,0.19027527,0.7721434,0.39464158,0.8183738,0.07606085,0.262697,0.38432553,0.5938576,0.18547009,0.8183738,0.36398846,0.07606085,0.2304742734755237,1,"{""type"":""MultiPoint"",""coordinates"":[]}"
885_0,0.7198017,0.7839871,0.39785895,0.21697357,0.4204947,0.8078727,0.7221074,0.6556962,0.35387248,-0.3426396,-0.25151885,0.13973548,0.8078727,0.3853535,-0.3426396,0.3722026691817236,1,"{""type"":""MultiPoint"",""coordinates"":[]}"
886_0,0.6725363,0.7932515,0.49050874,0.09383648,0.79977936,0.7995807,0.7598843,0.17665516,-0.33680373,-0.3324905,-0.24907975,0.13731343,0.79977936,0.317081,-0.33680373,0.43940895850144496,1,"{""type"":""MultiPoint"",""coordinates"":[]}"
887_0,0.71119523,0.7790986,0.54853386,0.07814096,0.50125045,0.75406504,0.7552826,0.4679576,0.8132482,0.83266014,0.36624417,0.5180159,0.83266014,0.5938077,0.07814096,0.2150523698797954,1,"{""type"":""MultiPoint"",""coordinates"":[]}"
888_0,0.73547524,0.738379,0.320467,0.12800226,0.33655393,0.18570183,0.8216282,0.66921693,-0.19529837,-0.52112675,-0.3190184,0.12972085,0.8216282,0.25247514,-0.52112675,0.422224209538639,1,"{""type"":""MultiPoint"",""coordinates"":[]}"
889_0,0.7577788,0.8593676,0.53027344,0.17284769,0.3458116,0.3104213,0.89589304,0.56124777,0.118353345,-0.5748792,-0.22091782,0.21826965,0.89589304,0.3312056,-0.5748792,0.41652854122604693,1,"{""type"":""MultiPoint"",""coordinates"":[]}"
890_0,0.76239103,0.8354463,0.5436292,0.19850653,0.40703812,0.29954442,0.88463557,0.5796371,0.106175035,-0.5613208,-0.21483096,0.20052083,0.88463557,0.33678102,-0.5613208,0.4122875022749297,1,"{""type"":""MultiPoint"",""coordinates"":[]}"
891_0,0.64069575,0.33251333,0.32237673,0.4456773,0.23481308,0.49112427,0.6356711,0.60622436,0.017407497,-0.19534282,0.31474409,0.23165232,0.64069575,0.33979642,-0.19534282,0.24103704740876475,1,"{""type"":""MultiPoint"",""coordinates"":[]}"
892_0,0.43223965,0.4667268,0.41597414,0.6422921,0.5931313,0.57794523,0.46525425,0.6104651,0.7472055,0.79434925,0.22915207,0.6275384,0.79434925,0.5501895,0.22915207,0.14953080268094043,1,"{""type"":""MultiPoint"",""coordinates"":[]}"
893_0,0.3651613,0.21829733,0.27349526,0.3831232,0.2756254,0.30208817,0.36509433,0.7133349,0.79859257,0.5771144,0.5664439,0.35590777,0.79859257,0.43285656,0.21829733,0.178397835391367,1,"{""type"":""MultiPoint"",""coordinates"":[]}"
894_0,0.67456895,0.74418604,0.48775893,0.5617637,0.6521947,0.65900946,0.7172298,0.75450796,0.5720424,0.8014706,0.7277734,0.5225335,0.8014706,0.6562533,0.48775893,0.09572446825519051,1,"{""type"":""MultiPoint"",""coordinates"":[]}"
895_0,0.5843342,0.7060614,0.39753583,0.55419326,0.6415929,0.66372424,0.76252425,0.6889709,0.4941811,0.7344439,0.6524741,0.5361978,0.76252425,0.6180195,0.39753583,0.10283716141994201,1,"{""type"":""MultiPoint"",""coordinates"":[]}"
896_0,0.76212406,0.7670636,0.39610732,0.23210037,0.20605434,0.61509436,0.8434693,0.720753,0.27985948,0.42783505,0.29855537,0.3174481,0.8434693,0.48887205,0.20605434,0.22639171766950728,1,"{""type"":""MultiPoint"",""coordinates"":[]}"
897_0,0.76993585,0.8094552,0.5014453,0.28360215,0.6055227,0.6325947,0.8298003,0.18037625,0.2991632,0.071428575,0.31806615,0.27555987,0.8298003,0.46474585,0.071428575,0.24961135351046143,1,"{""type"":""MultiPoint"",""coordinates"":[]}"
898_0,0.71323144,0.79507136,0.5253691,0.2664268,0.35092348,0.6551376,0.77832973,0.17774567,0.25630254,0.14285715,0.32841328,0.26889953,0.79507136,0.43822563,0.14285715,0.23082055970229215,1,"{""type"":""MultiPoint"",""coordinates"":[]}"
899_0,0.49858803,0.5517756,0.47172377,0.4301049,0.45270467,0.5286021,0.6031746,0.3308619,0.50444865,0.5486904,0.6177948,0.54124534,0.6177948,0.5066429,0.3308619,0.07533978507797746,1,"{""type"":""MultiPoint"",""coordinates"":[]}"
900_0,0.48033878,0.4061557,0.3107064,0.51305765,0.62534946,0.25892857,0.5903493,0.46508563,0.59082216,0.08684611,0.27227724,0.7411765,0.7411765,0.44509113,0.08684611,0.1782307898623255,1,"{""type"":""MultiPoint"",""coordinates"":[]}"
901_0,0.4306263,0.32112193,0.2881799,0.4426584,0.5430069,0.24089806,0.49899396,0.43246073,0.62818,0.077543706,0.4410419,0.63372093,0.63372093,0.4148694,0.077543706,0.15486607525409035,1,"{""type"":""MultiPoint"",""coordinates"":[]}"
902_0,0.5612278,0.44742268,0.3322843,0.63682866,0.68911415,0.27925116,0.7414347,0.55329686,0.6710335,0.06891952,0.45225465,0.7839212,0.7839212,0.51808244,0.06891952,0.20269832616505662,1,"{""type"":""MultiPoint"",""coordinates"":[]}"
903_0,0.28191766,0.34636053,0.2959751,0.5635368,0.7841484,0.44407532,0.2750533,0.70320255,0.85139453,0.8522406,0.74041694,0.30749354,0.8522406,0.5371513,0.2750533,0.22701619592217256,1,"{""type"":""MultiPoint"",""coordinates"":[]}"
904_0,0.4160097,0.51061743,0.5421102,0.6622102,0.7459605,0.5370787,0.45379415,0.65287185,0.8043478,0.82807606,0.65645456,0.5765494,0.82807606,0.6155067,0.4160097,0.12686161837536353,1,"{""type"":""MultiPoint"",""coordinates"":[]}"
905_0,0.58330333,0.7911796,0.49004668,0.18412162,0.59576344,0.6389111,0.75397444,0.064935066,0.40142518,0.8800273,0.7426615,0.13838342,0.8800273,0.52206105,0.064935066,0.2600966584568108,1,"{""type"":""MultiPoint"",""coordinates"":[]}"
906_0,0.29661644,0.2905484,0.27164605,0.302964,0.44116458,0.07338519,0.31586206,0.38720104,0.5207861,0.12795699,0.4576585,0.35135135,0.5207861,0.31976172,0.07338519,0.12288307334010992,1,"{""type"":""MultiPoint"",""coordinates"":[]}"
907_0,0.61269367,0.6267894,0.49065727,0.61993515,0.79226685,0.067467324,0.717356,0.5673077,0.7764925,0.1296247,0.5519481,0.57503986,0.79226685,0.54396486,0.067467324,0.21723377399603483,1,"{""type"":""MultiPoint"",""coordinates"":[]}"
908_0,0.5659459,0.51828927,0.43323228,0.5246208,0.8115223,0.11638796,0.7351412,0.51348877,0.7991429,0.12775879,0.5726323,0.35375637,0.8115223,0.50599325,0.11638796,0.216738475879552,1,"{""type"":""MultiPoint"",""coordinates"":[]}"
909_0,0.55984944,0.6037296,0.45636624,0.6772772,0.7690932,0.7178527,0.73128897,0.7352332,0.8776807,0.8630573,0.8208136,0.75703776,0.8776807,0.7141067,0.45636624,0.11892443447996308,1,"{""type"":""MultiPoint"",""coordinates"":[]}"
910_0,0.6062718,0.4974811,0.4094763,0.65484416,0.6504136,0.77364343,0.7497326,0.69656104,0.8541839,0.80451894,0.73259056,0.6939239,0.8541839,0.6769701,0.4094763,0.12112001804726615,1,"{""type"":""MultiPoint"",""coordinates"":[]}"
911_0,0.48661512,0.5260997,0.3895131,0.53807104,0.6239413,0.6817902,0.7672995,0.71440697,0.7655269,0.84474885,0.6996997,0.6554495,0.84474885,0.64109683,0.3895131,0.12742534884456339,1,"{""type"":""MultiPoint"",""coordinates"":[]}"
912_0,0.45712227,0.3587456,0.20120573,0.25984436,0.51457196,0.113300495,0.2036395,0.49204797,0.115033835,-0.012026458,0.50557375,0.76165193,0.76165193,0.33089256,-0.012026458,0.2125403239342956,1,"{""type"":""MultiPoint"",""coordinates"":[]}"
913_0,0.3926499,0.3003096,0.2373142,0.3130615,0.41893157,0.12539515,0.277726,0.4880045,0.33963636,0.001535155,0.44990328,0.7613967,0.7613967,0.34215534,0.001535155,0.18208124816963334,1,"{""type"":""MultiPoint"",""coordinates"":[]}"
914_0,0.38545653,0.27501428,0.23080912,0.29033026,0.45442268,0.13655172,0.39617226,0.5012373,0.5731343,-0.0014947683,0.48967665,0.7828086,0.7828086,0.3761766,-0.0014947683,0.1995961834759085,1,"{""type"":""MultiPoint"",""coordinates"":[]}"
915_0,0.43807763,0.8186768,0.5689458,0.046848174,0.24554294,0.11048478,0.26122448,0.673445,0.26675096,0.35064936,0.74172384,0.64595544,0.8186768,0.43069378,0.046848174,0.24458480262100993,1,"{""type"":""MultiPoint"",""coordinates"":[]}"
916_0,0.46486485,0.8106509,0.59971994,0.066734076,0.2087494,0.1566795,0.42178217,0.6995127,0.055306427,0.17000872,0.7910448,0.7038051,0.8106509,0.42907155,0.055306427,0.27636647770430145,1,"{""type"":""MultiPoint"",""coordinates"":[]}"
917_0,0.7451779,0.6476998,0.20490368,0.22730924,0.7580825,0.7257785,0.2569283,0.22373697,0.031563845,-0.27065527,0.00841424,-0.058583107,0.7580825,0.2916964,-0.27065527,0.3345003800784533,1,"{""type"":""MultiPoint"",""coordinates"":[]}"
918_0,0.7825243,0.62954855,0.22062914,0.13469921,0.3424959,0.84841925,0.82029647,0.07035176,0.14491594,-0.57831323,-0.4709518,0.08617234,0.84841925,0.25256565,-0.57831323,0.44811142990750596,1,"{""type"":""MultiPoint"",""coordinates"":[]}"
919_0,0.7554334,0.6258823,0.21500921,0.13414344,0.43996158,0.867815,0.85312706,0.14977692,-0.11319575,-0.55728155,-0.44990176,0.17906865,0.867815,0.25831988,-0.55728155,0.45466681629805944,1,"{""type"":""MultiPoint"",""coordinates"":[]}"
920_0,0.5743556,0.60821116,0.41203704,0.2091726,0.34025973,0.72744906,0.7265584,0.51619434,0.31126437,-0.2741021,-0.125,0.23242188,0.72744906,0.35490185,-0.2741021,0.3003933498370101,1,"{""type"":""MultiPoint"",""coordinates"":[]}"
921_0,0.24046524,0.17807287,0.28832355,0.099754296,0.12725545,0.3198953,0.58826613,0.5192308,0.28478804,0.38575798,0.515625,0.40896013,0.58826613,0.32969955,0.099754296,0.1514949917656641,1,"{""type"":""MultiPoint"",""coordinates"":[]}"
922_0,0.32258976,0.32063848,0.36387512,0.3781421,0.2521994,0.5103797,0.7402838,0.4926004,0.37273258,0.52890587,0.6636333,0.3013013,0.7402838,0.43727347,0.2521994,0.14502941598525532,1,"{""type"":""MultiPoint"",""coordinates"":[]}"
923_0,0.30708215,0.29697654,0.2797282,0.37097624,0.22217853,0.61407137,0.7587131,0.22691415,0.32243785,0.2050673,0.39296362,0.17503393,0.7587131,0.3476786,0.17503393,0.16644809822237577,1,"{""type"":""MultiPoint"",""coordinates"":[]}"
924_0,0.5762561,0.580756,0.29459396,0.29153925,0.51891893,0.73748976,0.69170934,0.46390712,0.20052253,0.3873563,0.61124,0.65819633,0.73748976,0.50104046,0.20052253,0.16647354520040758,1,"{""type"":""MultiPoint"",""coordinates"":[]}"
925_0,0.42825547,0.46741414,0.40301612,0.42815813,0.6409051,0.8155961,0.7761628,0.4932341,0.24710017,0.70813954,0.6496097,0.4842532,0.8155961,0.54515374,0.24710017,0.16380582320754225,1,"{""type"":""MultiPoint"",""coordinates"":[]}"
926_0,0.3046252,0.40387315,0.36672917,0.18636364,0.6766382,0.77539265,0.72204566,0.10204082,0.22307912,0.5705522,0.63764703,0.25009263,0.77539265,0.4349233,0.10204082,0.2218298822632984,1,"{""type"":""MultiPoint"",""coordinates"":[]}"
927_0,0.7052719,0.2949286,0.2662407,0.42602947,0.28471163,0.46355075,0.83845913,0.8129676,0.2836272,0.003215434,0.26437482,0.2651413,0.83845913,0.40904322,0.003215434,0.24315617281674973,1,"{""type"":""MultiPoint"",""coordinates"":[]}"
928_0,0.75,0.36290726,0.28042868,0.2546808,0.2594086,0.47776365,0.82220507,0.82463056,0.20313442,-0.18476728,0.16419253,0.6141079,0.82463056,0.40239102,-0.18476728,0.2923695942776012,1,"{""type"":""MultiPoint"",""coordinates"":[]}"
929_0,0.7549255,0.6499275,0.33417022,0.3793434,0.16037735,0.287,0.5567062,0.7923434,0.3916462,0.07569721,0.19032815,0.32133332,0.7923434,0.40781653,0.07569721,0.22296000125434232,1,"{""type"":""MultiPoint"",""coordinates"":[]}"
930_0,0.7389903,0.6561211,0.20772037,0.21353365,0.09672929,0.50088495,0.6136364,0.6474802,0.047553413,0.30131003,0.18455972,-0.06133829,0.7389903,0.34559843,-0.06133829,0.2612442784554831,1,"{""type"":""MultiPoint"",""coordinates"":[]}"
931_0,0.20300752,0.2889266,0.14556755,0.11121673,0.19755244,0.17699777,0.16459017,0.6326802,0.87818384,0.33622935,0.39364773,0.1366539,0.87818384,0.3054378,0.11121673,0.2225536939757145,1,"{""type"":""MultiPoint"",""coordinates"":[]}"
932_0,0.630654,0.7739046,0.48211667,0.14653324,0.64940476,0.7642125,0.7378815,0.23906799,0.39679548,0.8047559,0.6679646,0.5747454,0.8047559,0.5723364,0.14653324,0.20589067183078727,1,"{""type"":""MultiPoint"",""coordinates"":[]}"
933_0,0.68821293,0.57870895,0.4459345,0.7140995,0.6743674,0.8059483,0.87858117,0.78693515,0.03437581,0.49489322,0.45829338,0.44675323,0.87858117,0.5839253,0.03437581,0.21926579854879755,1,"{""type"":""MultiPoint"",""coordinates"":[]}"
934_0,0.69144684,0.34033805,0.29681528,0.33350378,0.13760304,0.633311,0.8134982,0.73963076,0.37616917,0.38664323,0.34874165,0.6086956,0.8134982,0.47553307,0.13760304,0.20241260073279754,1,"{""type"":""MultiPoint"",""coordinates"":[]}"
935_0,0.41630617,0.3266583,0.2771333,0.34963197,0.3165888,0.45731708,0.44922447,0.5912065,0.5663381,0.4860831,0.44339928,0.4616201,0.5912065,0.42845893,0.2771333,0.09289061219328597,1,"{""type"":""MultiPoint"",""coordinates"":[]}"
936_0,0.27626458,0.7284203,0.51717556,0.37131172,0.21475706,0.3778409,0.8552737,0.73400134,0.1396648,0.23656408,0.18549512,0.1903687,0.8552737,0.4022615,0.1396648,0.23730123228939914,1,"{""type"":""MultiPoint"",""coordinates"":[]}"
937_0,0.57349193,0.35032725,0.3353612,0.25044787,0.23960881,0.36003393,0.8943839,0.69281405,0.27254307,0.07052441,0.1619965,0.3376535,0.8943839,0.37826553,0.07052441,0.22290740279405802,1,"{""type"":""MultiPoint"",""coordinates"":[]}"
938_0,0.53374594,0.38498595,0.32343316,0.3117775,0.3009307,0.28411198,0.7897614,0.7256523,0.4554782,0.39819005,0.16083916,0.3004547,0.7897614,0.41411343,0.16083916,0.1781303922656131,1,"{""type"":""MultiPoint"",""coordinates"":[]}"
939_0,0.40289855,0.26031435,0.24029331,0.28806263,0.31719127,0.3836253,0.27988747,0.37373337,0.4419983,0.4089788,0.3459649,0.3551859,0.4419983,0.3415112,0.24029331,0.06159026131689618,1,"{""type"":""MultiPoint"",""coordinates"":[]}"
940_0,0.31414267,0.16134998,0.1594377,0.15506144,0.17689243,0.36623377,0.13839918,0.2195329,0.443538,0.264986,0.22571428,0.24265072,0.443538,0.23899493,0.13839918,0.09050688931872312,1,"{""type"":""MultiPoint"",""coordinates"":[]}"
941_0,0.30292794,0.13474576,0.15163194,0.13295954,0.13828477,0.3382987,0.10433862,0.23293903,0.43975642,0.29291552,0.26629716,0.25169045,0.43975642,0.23223215,0.10433862,0.09813861531219652,1,"{""type"":""MultiPoint"",""coordinates"":[]}"
942_0,0.6511415,0.59721345,0.21974096,0.18228734,0.50052685,0.71799535,0.6923533,0.1630137,0.05781058,-0.42570952,0.008241759,0.14187866,0.71799535,0.29220784,-0.42570952,0.3309428570101008,1,"{""type"":""MultiPoint"",""coordinates"":[]}"
943_0,0.6705245,0.6511111,0.2152249,0.19148937,0.44549355,0.65011287,0.6712412,0.14955431,0.08695652,-0.3447738,0.22686322,0.22767295,0.6712412,0.32012257,-0.3447738,0.29588456222768394,1,"{""type"":""MultiPoint"",""coordinates"":[]}"
944_0,0.4751396,0.4258953,0.30105147,0.5077738,0.5562669,0.57516193,0.38603747,0.1992008,0.2989418,0.4684466,0.5480641,0.38097796,0.57516193,0.42691314,0.1992008,0.11248316913277502,1,"{""type"":""MultiPoint"",""coordinates"":[]}"
945_0,0.7003367,0.55116695,0.34015852,0.43323594,0.21891059,0.5736062,0.75352675,0.58731663,0.02430243,-0.056603774,0.68784314,0.79587466,0.79587466,0.46747288,-0.056603774,0.2700795172416698,1,"{""type"":""MultiPoint"",""coordinates"":[]}"
946_0,0.6969523,0.52067614,0.31221122,0.3952245,0.16374269,0.55204,0.7606699,0.57989997,-0.02169982,-0.077568136,0.6580699,0.8102894,0.8102894,0.44587567,-0.077568136,0.283936332672889,1,"{""type"":""MultiPoint"",""coordinates"":[]}"
947_0,0.66934764,0.4721591,0.27563754,0.1994228,0.089018844,0.6656752,0.7165063,0.45058447,-0.059982095,0.36915717,0.38704818,0.8148645,0.8148645,0.42078665,-0.059982095,0.25545874207338326,1,"{""type"":""MultiPoint"",""coordinates"":[]}"
948_0,0.29017603,0.21531631,0.1839512,0.24441932,0.3495737,0.36592448,0.26132405,0.23967801,0.37855113,0.83431584,0.62361383,0.15480557,0.83431584,0.34513745,0.15480557,0.18902929618154438,1,"{""type"":""MultiPoint"",""coordinates"":[]}"
949_0,0.27110735,0.80277854,0.5516999,0.15516108,0.8608095,0.5205738,0.76262933,0.09308886,0.65182185,0.7784152,0.6867863,0.32035685,0.8608095,0.53793573,0.09308886,0.255158010403821,1,"{""type"":""MultiPoint"",""coordinates"":[]}"
950_0,0.4823924,0.5076419,0.48097375,0.5920081,0.2151608,0.29109862,0.12905844,0.048790164,0.28202045,0.3969313,0.26568758,0.3068783,0.5920081,0.33322015,0.048790164,0.15591326771446185,1,"{""type"":""MultiPoint"",""coordinates"":[]}"
951_0,0.6339286,0.4399591,0.36558396,0.55331117,0.38946494,0.73630404,0.8471455,0.6890595,0.121407494,0.68390805,0.7661338,0.5775701,0.8471455,0.5669814,0.121407494,0.19725688900411617,1,"{""type"":""MultiPoint"",""coordinates"":[]}"
952_0,0.43681803,0.4545977,0.3585491,0.43730584,0.33864543,0.74555874,0.85336477,0.1885626,0.06139154,0.7218088,0.7489014,0.37864077,0.85336477,0.47701207,0.06139154,0.23275554517483413,1,"{""type"":""MultiPoint"",""coordinates"":[]}"
953_0,0.44624352,0.41257775,0.33333334,0.40499792,0.46832374,0.49672002,0.45663342,0.3557883,0.158071,0.34648955,0.34239414,0.42484558,0.49672002,0.38720152,0.158071,0.08627192261108148,1,"{""type"":""MultiPoint"",""coordinates"":[]}"
954_0,0.6984502,0.69973475,0.33067897,0.5282187,0.6828143,0.7163513,0.77940136,0.67707855,0.23260437,0.43017808,0.6635945,0.7647374,0.77940136,0.6003202,0.23260437,0.17098930197539297,1,"{""type"":""MultiPoint"",""coordinates"":[]}"
955_0,0.6873449,0.65837663,0.45867392,0.6062015,0.705359,0.6759463,0.79581034,0.6269735,0.19194312,0.5860528,0.47986853,0.6830601,0.79581034,0.5963009,0.19194312,0.15134326219016966,1,"{""type"":""MultiPoint"",""coordinates"":[]}"
956_0,0.75901943,0.77065766,0.38505983,0.46808085,0.6886675,0.768351,0.82857144,0.6499212,0.17034498,0.4316992,0.4915989,0.80184084,0.82857144,0.60115105,0.17034498,0.19882097797625237,1,"{""type"":""MultiPoint"",""coordinates"":[]}"
957_0,0.27142859,0.25894633,0.3352798,0.5562515,0.46755406,0.46727803,0.8084247,0.7804933,0.08773065,0.38903672,0.22426966,0.24631268,0.8084247,0.40775052,0.08773065,0.21156524076028854,1,"{""type"":""MultiPoint"",""coordinates"":[]}"
958_0,0.4284227,0.41372812,0.35400787,0.4865688,0.48347107,0.59986997,0.7807174,0.73349,0.10329245,0.5518617,0.5928263,0.6326988,0.7807174,0.51341295,0.10329245,0.17362810181168534,1,"{""type"":""MultiPoint"",""coordinates"":[]}"
959_0,0.25628388,0.29293993,0.33594158,0.62518215,0.423674,0.47179946,0.77103776,0.7484306,0.08876404,0.31421122,0.27262568,0.35279804,0.77103776,0.41280738,0.08876404,0.19841593953782738,1,"{""type"":""MultiPoint"",""coordinates"":[]}"
960_0,0.26632428,0.5590551,0.35135135,0.06860371,0.1570248,0.24741544,0.626192,0.41154057,0.0020088388,-0.08958838,0.23361145,0.17982747,0.626192,0.2511139,-0.08958838,0.20355647310841762,1,"{""type"":""MultiPoint"",""coordinates"":[]}"
961_0,0.16926631,0.32330826,0.24359989,0.126094,0.18850194,0.23187701,0.33810574,0.294709,0.05715208,0.06013986,0.2440367,0.13878563,0.33810574,0.20129803,0.05715208,0.09052461368491882,1,"{""type"":""MultiPoint"",""coordinates"":[]}"
962_0,0.10219572,0.2543305,0.16486381,0.07712165,0.10828729,0.2070202,0.18271334,0.23622477,0.063700095,0.118620686,0.16195063,0.10483871,0.2543305,0.14848895,0.063700095,0.05971160503948069,1,"{""type"":""MultiPoint"",""coordinates"":[]}"
963_0,0.25458825,0.20386267,0.18382536,0.12803932,0.33745584,0.21605667,0.14687242,0.34881374,0.8039696,0.74986464,0.12850082,0.40471512,0.8039696,0.32554704,0.12803932,0.21938567362791875,1,"{""type"":""MultiPoint"",""coordinates"":[]}"
964_0,0.25521076,0.1531151,0.14521,0.14573024,0.23292181,0.16628176,0.11079343,0.18845701,0.7688938,0.69849247,0.20233813,0.26715,0.7688938,0.27788287,0.11079343,0.20923788797042844,1,"{""type"":""MultiPoint"",""coordinates"":[]}"
965_0,0.2638701,0.2093784,0.16832764,0.07076923,0.20309478,0.16,0.11690608,0.3005811,0.74358976,0.681886,0.1860658,0.33532634,0.74358976,0.2866496,0.07076923,0.2034320686614393,1,"{""type"":""MultiPoint"",""coordinates"":[]}"
966_0,0.50387245,0.52019,0.36990678,0.58666825,0.40681174,0.27533785,0.5893163,0.28890765,0.47548902,0.76004434,0.20206825,0.270073,0.76004434,0.43739048,0.20206825,0.15794696781895817,1,"{""type"":""MultiPoint"",""coordinates"":[]}"
967_0,0.18518518,0.18365288,0.14682648,0.14864376,0.5169738,0.81750697,0.85068166,0.12173484,0.06183806,0.80937976,0.796475,0.5209693,0.85068166,0.42998898,0.06183806,0.30710310983593603,1,"{""type"":""MultiPoint"",""coordinates"":[]}"
968_0,0.25846812,0.2506329,0.23884198,0.18920742,0.4739764,0.7711995,0.8022094,0.32055023,0.060795266,0.7501546,0.68454343,0.6451282,0.8022094,0.45380896,0.060795266,0.25299365872610596,1,"{""type"":""MultiPoint"",""coordinates"":[]}"
969_0,0.6344634,0.57245797,0.36793032,0.4475468,0.41954175,0.64991057,0.56164384,0.5830884,0.18705603,0.59311426,0.41189426,0.70652175,0.70652175,0.51126415,0.18705603,0.1410289971315463,1,"{""type"":""MultiPoint"",""coordinates"":[]}"
970_0,0.79758924,0.77189916,0.3586207,0.52777183,0.49324572,0.7817414,0.77497804,0.53373617,0.22306016,0.51165646,0.43267974,0.7144479,0.79758924,0.57678556,0.22306016,0.1816640726311097,1,"{""type"":""MultiPoint"",""coordinates"":[]}"
971_0,0.7717746,0.71826,0.3498111,0.47531855,0.46316153,0.70738775,0.75785005,0.55744475,0.21913953,0.5242778,0.36021507,0.7295933,0.7717746,0.5528528,0.21913953,0.17725261474176857,1,"{""type"":""MultiPoint"",""coordinates"":[]}"
972_0,0.21318276,0.24478178,0.16394849,0.1979735,0.519273,0.88053554,0.8875761,0.13541667,0.279818,0.68561065,0.73499566,0.24420677,0.8875761,0.43227658,0.13541667,0.27815059566668987,1,"{""type"":""MultiPoint"",""coordinates"":[]}"
973_0,0.2094843,0.18910585,0.20382968,0.33908874,0.23254324,0.7826717,0.78984684,0.57925224,0.24677187,0.42432895,0.73887426,0.512587,0.78984684,0.43736538,0.18910585,0.22663942580038246,1,"{""type"":""MultiPoint"",""coordinates"":[]}"
974_0,0.22166035,0.207417,0.1713773,0.29078743,0.18431832,0.3418735,0.7930262,0.7496546,0.10716002,0.35125318,0.30528313,0.51183814,0.7930262,0.35297078,0.10716002,0.21267811811950624,1,"{""type"":""MultiPoint"",""coordinates"":[]}"
975_0,0.77212715,0.7673034,0.34637362,0.47976628,0.51007324,0.7554888,0.8643006,0.4624146,0.028043775,0.7340171,0.675786,0.3109118,0.8643006,0.55888385,0.028043775,0.23656788827182154,1,"{""type"":""MultiPoint"",""coordinates"":[]}"
976_0,0.7040256,0.71400875,0.3658866,0.50382257,0.39409223,0.75860566,0.7957065,0.27883774,0.17821783,0.7202944,0.74286896,0.6564866,0.7957065,0.56773776,0.17821783,0.20419793167320155,1,"{""type"":""MultiPoint"",""coordinates"":[]}"
977_0,0.76425856,0.6945397,0.27391204,0.27289763,0.38016236,0.6678304,0.78551215,0.20823947,0.12258867,0.77116543,0.8024032,0.553719,0.8024032,0.52476907,0.12258867,0.24537053714846868,1,"{""type"":""MultiPoint"",""coordinates"":[]}"
978_0,0.54992175,0.4993758,0.44617826,0.2472532,0.7648087,0.7356566,0.7024756,0.70958084,0.82022977,0.8327431,-0.007808911,0.684555,0.8327431,0.5820808,-0.007808911,0.2422458986546897,1,"{""type"":""MultiPoint"",""coordinates"":[]}"
979_0,0.6014235,0.5595712,0.49398836,0.33791,0.80742955,0.7802291,0.7463784,0.7788602,0.9113898,0.9089727,-0.006117647,0.78664696,0.9113898,0.64222354,-0.006117647,0.25556193988454134,1,"{""type"":""MultiPoint"",""coordinates"":[]}"
980_0,0.37323943,0.36643025,0.4320604,0.3138171,0.32759446,0.71689963,0.7098446,0.78607565,0.46802875,0.38571873,-0.0100334445,0.80381006,0.80381006,0.47279048,-0.0100334445,0.22975799477426165,1,"{""type"":""MultiPoint"",""coordinates"":[]}"
981_0,0.6597245,0.36835995,0.22451182,0.2226051,0.3208292,0.66023874,0.77747405,0.23132314,0.27428222,-0.04122723,0.20457903,0.18257262,0.77747405,0.3404394,-0.04122723,0.22895315904314167,1,"{""type"":""MultiPoint"",""coordinates"":[]}"
982_0,0.71119136,0.38768718,0.22395948,0.22404371,0.31770116,0.63561267,0.7586718,0.23026623,0.29486367,0.078397214,0.26898095,0.16957432,0.7586718,0.35841247,0.078397214,0.2126565495960203,1,"{""type"":""MultiPoint"",""coordinates"":[]}"
983_0,0.44715944,0.45644283,0.33139065,0.17638037,0.7494627,0.6034795,0.8245614,0.507052,0.19131334,0.25770652,0.20543648,0.25235498,0.8245614,0.41689503,0.17638037,0.2112245377663274,1,"{""type"":""MultiPoint"",""coordinates"":[]}"
984_0,0.56822264,0.57777274,0.49110168,0.4641853,0.7661863,0.6144734,0.6797323,0.34388855,0.34753284,0.54464704,0.5854001,0.3970588,0.7661863,0.53168344,0.34388855,0.12375451137161399,1,"{""type"":""MultiPoint"",""coordinates"":[]}"
985_0,0.727003,0.5045382,0.26864767,0.20908538,0.84291357,0.750806,0.7954649,0.45561498,0.24663152,-0.3909224,0.25197145,0.48158255,0.84291357,0.4286114,-0.3909224,0.3314247896797308,1,"{""type"":""MultiPoint"",""coordinates"":[]}"
986_0,0.69668245,0.45685425,0.28358898,0.20008191,0.75308645,0.75656706,0.81822485,0.32608697,0.2768,0.2473573,0.40389562,0.5803303,0.81822485,0.48329633,0.20008191,0.21693120711347047,1,"{""type"":""MultiPoint"",""coordinates"":[]}"
987_0,0.28395396,0.30420536,0.24981613,0.39547038,0.3423313,0.8008658,0.8544839,0.72426856,0.10038968,0.7858921,0.7752746,0.44012606,0.8544839,0.5047565,0.10038968,0.25337339719873625,1,"{""type"":""MultiPoint"",""coordinates"":[]}"
988_0,0.25875232,0.2836288,0.19673313,0.26276463,0.2838428,0.66457576,0.8373909,0.74221456,0.101028,0.7664035,0.7613301,0.36764705,0.8373909,0.46052596,0.101028,0.25768840961280004,1,"{""type"":""MultiPoint"",""coordinates"":[]}"
989_0,0.24092583,0.2569576,0.19737175,0.17434135,0.20659341,0.67084575,0.82440907,0.69243115,0.09948754,0.82197183,0.7352472,0.40875134,0.82440907,0.44411114,0.09948754,0.2695109839207029,1,"{""type"":""MultiPoint"",""coordinates"":[]}"
990_0,0.55773956,0.67610836,0.5118503,0.5515945,0.6197015,0.49485353,0.6628196,0.69014084,0.46589977,0.40460527,0.5519481,0.43773586,0.69014084,0.5520831,0.40460527,0.0905795083639053,1,"{""type"":""MultiPoint"",""coordinates"":[]}"
991_0,0.7247224,0.67464113,0.3569834,0.08206687,0.5183824,0.53614944,0.84615386,0.54287153,0.1639164,-0.35564855,0.43342134,0.21782629,0.84615386,0.39512387,-0.35564855,0.3157768179580863,1,"{""type"":""MultiPoint"",""coordinates"":[]}"
992_0,0.26683876,0.3642738,0.18554921,0.17472258,0.6530083,0.65485,0.7430957,0.18721873,0.12515189,0.83663076,0.6706131,0.2674499,0.83663076,0.42745024,0.12515189,0.25093928496093754,1,"{""type"":""MultiPoint"",""coordinates"":[]}"
993_0,0.74093264,0.8200466,0.6426332,0.29169527,0.29843643,0.8371096,0.84167516,0.3672209,0.39296362,-0.33333334,0.075925924,0.21805145,0.84167516,0.4327798,-0.33333334,0.3444644175932266,1,"{""type"":""MultiPoint"",""coordinates"":[]}"
994_0,0.6001587,0.7186565,0.3483393,0.29446936,0.18390805,0.7666493,0.7748946,0.16206482,0.16557734,-0.21274175,0.0075,0.043420173,0.7748946,0.3210747,-0.21274175,0.31232447181609496,1,"{""type"":""MultiPoint"",""coordinates"":[]}"
995_0,0.27108273,0.26134253,0.26350424,0.23533891,0.37554112,0.570584,0.45268768,0.2457627,0.16621548,-0.048639737,0.2158528,0.2786675,0.570584,0.273995,-0.048639737,0.1448820348568017,1,"{""type"":""MultiPoint"",""coordinates"":[]}"
996_0,0.18343195,0.18136439,0.17554586,0.16828194,0.22654338,0.6801802,0.79564166,0.6793056,-0.08311461,0.52799666,0.032444123,0.5203664,0.79564166,0.34066564,-0.08311461,0.2737136109725086,1,"{""type"":""MultiPoint"",""coordinates"":[]}"
997_0,0.47492626,0.46688417,0.39328337,0.2818692,0.5506111,0.6112463,0.5340691,0.6072337,0.48677626,0.7051242,0.06263378,0.57910186,0.7051242,0.47947994,0.06263378,0.16407215034648104,1,"{""type"":""MultiPoint"",""coordinates"":[]}"
998_0,0.19280331,0.16622691,0.17118944,0.12139606,0.20387854,0.6461998,0.7859327,0.66268444,0.04607046,0.7996045,0.054117206,0.46383438,0.7996045,0.3594948,0.04607046,0.27891926401631767,1,"{""type"":""MultiPoint"",""coordinates"":[]}"
999_0,0.75076276,0.7999486,0.52633655,0.11903953,0.3983051,0.7626374,0.8115487,0.18606657,0.27272728,-0.90225565,-0.23822342,0.14773396,0.8115487,0.3028856,-0.90225565,0.48256282258103494,1,"{""type"":""MultiPoint"",""coordinates"":[]}"
1000_0,0.74879,0.81791556,0.53210664,0.103440695,0.3534861,0.7696057,0.78786534,0.16541126,0.1359404,-0.7276596,-0.3070326,0.1457346,0.81791556,0.29380035,-0.7276596,0.4579392217206193,1,"{""type"":""MultiPoint"",""coordinates"":[]}"
1001_0,0.7547083,0.81031156,0.5253826,0.14596656,0.4053785,0.82922375,0.85875285,0.1904762,-0.77862597,-0.8888889,-0.3400335,-0.08189158,0.85875285,0.20256336,-0.8888889,0.5898821713765187,1,"{""type"":""MultiPoint"",""coordinates"":[]}"
1002_0,0.6060919,0.40301612,0.20157908,0.33201444,0.54276246,0.23957168,0.5497799,0.43810117,0.31599686,0.66603774,0.11273258,0.589522,0.66603774,0.41643384,0.11273258,0.170663626811039,1,"{""type"":""MultiPoint"",""coordinates"":[]}"
1003_0,0.70268947,0.49461475,0.13873196,0.582793,0.7823912,0.18188795,0.2654949,0.36339068,0.26544467,-0.35078534,-0.056539364,0.69625604,0.7823912,0.33886415,-0.35078534,0.3225682612797233,1,"{""type"":""MultiPoint"",""coordinates"":[]}"
1004_0,0.74799544,0.5654194,0.14977404,0.64435947,0.80172825,0.19945106,0.27010587,0.5089431,-0.008314437,-0.40449437,0.21575153,0.68555635,0.80172825,0.36468965,-0.40449437,0.343462207809225,1,"{""type"":""MultiPoint"",""coordinates"":[]}"
1005_0,0.42332768,0.41238096,0.40534264,0.40130544,0.5613483,0.61808,0.58318096,0.6002158,0.5902245,0.8553032,0.68095016,0.5169082,0.8553032,0.55404735,0.40130544,0.1288673373678198,1,"{""type"":""MultiPoint"",""coordinates"":[]}"
1006_0,0.17791411,0.69290507,0.48475054,0.3210556,0.20935175,0.7635649,0.78083044,0.7274736,0.14177078,0.761745,0.6829402,0.24702267,0.78083044,0.49927706,0.14177078,0.25034229111215905,1,"{""type"":""MultiPoint"",""coordinates"":[]}"
1007_0,0.17837025,0.6310384,0.5751766,0.33216015,0.17997025,0.75637394,0.8056376,0.70827067,-0.02090423,-0.0246085,0.11940987,0.52824426,0.8056376,0.39742827,-0.0246085,0.292307844351592,1,"{""type"":""MultiPoint"",""coordinates"":[]}"
1008_0,0.4033708,0.37402016,0.30494753,0.16667907,0.40485683,0.6285632,0.5927995,0.49830508,0.32245478,0.6789025,0.60399246,0.5818667,0.6789025,0.46339655,0.16667907,0.15097433867986487,1,"{""type"":""MultiPoint"",""coordinates"":[]}"
1009_0,0.24887249,0.27675945,0.39493847,0.1793065,0.2264,0.7379596,0.7504626,0.5511442,0.16694772,0.8060837,0.76288897,0.6230237,0.8060837,0.47706562,0.16694772,0.2425828382917527,1,"{""type"":""MultiPoint"",""coordinates"":[]}"
1010_0,0.25772285,0.2859025,0.37358642,0.22155952,0.33876884,0.74853355,0.6605593,0.5615449,0.14993805,0.49316263,0.64979,0.52353406,0.74853355,0.4387169,0.14993805,0.1861653526682476,1,"{""type"":""MultiPoint"",""coordinates"":[]}"
1011_0,0.6933976,0.38907105,0.29816318,0.3127466,0.35307518,0.82135767,0.88028467,0.66896224,-0.2554622,0.82015365,0.86065745,0.7871179,0.88028467,0.55246043,-0.2554622,0.3261184472982577,1,"{""type"":""MultiPoint"",""coordinates"":[]}"
1012_0,0.69072163,0.39925966,0.27984345,0.34789732,0.31651956,0.8294397,0.89697206,0.7141567,-0.11857143,0.78825706,0.84401757,0.77093023,0.89697206,0.56328696,-0.11857143,0.29905185866131884,1,"{""type"":""MultiPoint"",""coordinates"":[]}"
1013_0,0.7001908,0.49310997,0.28765407,0.34560707,0.17401764,0.7416182,0.86177206,0.72043014,0.109266944,0.9150943,0.855913,0.7718194,0.9150943,0.58137447,0.109266944,0.27374531184249223,1,"{""type"":""MultiPoint"",""coordinates"":[]}"
1014_0,0.48740226,0.42458808,0.38595775,0.5154355,0.6716662,0.563728,0.58193696,0.5228277,0.69608736,0.76178235,0.21250328,0.6126943,0.76178235,0.53638417,0.21250328,0.1432665952779419,1,"{""type"":""MultiPoint"",""coordinates"":[]}"
1015_0,0.649,0.2828175,0.40967485,0.15560555,0.8367856,0.8492697,0.7911288,0.31276298,0.14340898,0.9098436,0.1979295,0.75600475,0.9098436,0.5245193,0.14340898,0.2881062583186691,1,"{""type"":""MultiPoint"",""coordinates"":[]}"
1016_0,0.46195793,0.23500612,0.3164557,0.30368638,0.45602322,0.5753365,0.5948136,0.26282236,0.3215455,0.629532,0.12009705,0.45650327,0.629532,0.39448163,0.12009705,0.1522011168189346,1,"{""type"":""MultiPoint"",""coordinates"":[]}"
1017_0,0.24087591,0.22909881,0.21672817,0.20244898,0.5887038,0.8405829,0.8323844,-0.119864464,0.4785036,0.9061033,0.71083754,0.2639571,0.9061033,0.44919667,-0.119864464,0.31124316591001544,1,"{""type"":""MultiPoint"",""coordinates"":[]}"
1018_0,0.3335421,0.28035814,0.2668248,0.27091932,0.6294314,0.7838765,0.8331053,0.16450727,0.4753363,0.90606755,0.68130547,0.31875,0.90606755,0.49533537,0.16450727,0.24742230594290657,1,"{""type"":""MultiPoint"",""coordinates"":[]}"
1019_0,0.2779953,0.49546167,0.42158917,0.33333334,0.3118122,0.60598505,0.5388833,0.21523291,0.611555,0.63105464,0.59491575,0.4856504,0.63105464,0.46028906,0.21523291,0.13916286716673373,1,"{""type"":""MultiPoint"",""coordinates"":[]}"
1020_0,0.55697656,0.57352024,0.4604544,0.49757868,0.58214575,0.5747889,0.69519013,0.75816673,0.246161,0.75807077,0.63362265,0.655527,0.75816673,0.58268356,0.246161,0.13489235984083425,1,"{""type"":""MultiPoint"",""coordinates"":[]}"
1021_0,0.4503492,0.46224678,0.36751613,0.4571165,0.6179517,0.5752993,0.65704584,0.64681077,0.3041409,0.7514828,0.7571147,0.60267556,0.7571147,0.5541459,0.3041409,0.13909056025230315,1,"{""type"":""MultiPoint"",""coordinates"":[]}"
1022_0,0.39886093,0.40056473,0.31433597,0.42455244,0.60303116,0.59527886,0.66225684,0.72393537,0.16895874,0.46781117,0.59023356,0.46629214,0.72393537,0.484676,0.16895874,0.1509780942766841,1,"{""type"":""MultiPoint"",""coordinates"":[]}"
1023_0,0.20134793,0.5975359,0.5155,0.48816362,0.30769232,0.59339434,0.81127924,0.7417389,0.24133116,0.009009009,0.15892673,0.68188304,0.81127924,0.4456502,0.009009009,0.24530103655194288,1,"{""type"":""MultiPoint"",""coordinates"":[]}"
1024_0,0.3278867,0.29528826,0.3395987,0.44931042,0.52403283,0.5052427,0.5401817,0.600268,0.41261914,0.44561017,0.50958747,0.40807715,0.600268,0.44647527,0.29528826,0.08984144626181484,1,"{""type"":""MultiPoint"",""coordinates"":[]}"
1025_0,0.16149732,0.5500186,0.50870806,0.53359246,0.23688155,0.528584,0.75457877,0.7038242,0.40320593,0.4310559,0.30348623,0.60754716,0.75457877,0.47691503,0.16149732,0.17141680860406686,1,"{""type"":""MultiPoint"",""coordinates"":[]}"
1026_0,0.33417404,0.3875969,0.39081386,0.47046357,0.57567185,0.61081976,0.50995576,0.57836336,0.5789811,0.7204559,0.24105754,0.4763304,0.7204559,0.489557,0.24105754,0.12855462689031347,1,"{""type"":""MultiPoint"",""coordinates"":[]}"
1027_0,0.2893773,0.7950276,0.57166106,0.23891734,0.085383505,0.55900085,0.73625606,0.6518668,0.08506616,0.6045412,0.6762428,0.792314,0.7950276,0.5071379,0.08506616,0.251324431219081,1,"{""type"":""MultiPoint"",""coordinates"":[]}"
1028_0,0.30575308,0.3957254,0.34646776,0.45391545,0.4847397,0.56005704,0.44809982,0.5212922,0.58687645,0.70171976,0.16724566,0.46225506,0.70171976,0.4528456,0.16724566,0.13385122197108218,1,"{""type"":""MultiPoint"",""coordinates"":[]}"
1029_0,0.6846824,0.42216474,0.3606949,0.27082047,0.80695355,0.17442127,0.83220977,0.40520984,0.5739556,0.87085515,-0.017155929,0.49000487,0.87085515,0.48956805,-0.017155929,0.2647188447372065,1,"{""type"":""MultiPoint"",""coordinates"":[]}"
1030_0,0.64993566,0.42340714,0.36025265,0.29418814,0.7777778,0.18761726,0.8081923,0.45181313,0.60378635,0.86278194,0.0029850747,0.47893462,0.86278194,0.491806,0.0029850747,0.2502210997905329,1,"{""type"":""MultiPoint"",""coordinates"":[]}"
1031_0,0.67860746,0.3823781,0.27940208,0.28136882,0.78093404,0.25892138,0.82297003,0.31779054,0.49850747,0.8247191,0.0068662455,0.36075792,0.8247191,0.4577686,0.0068662455,0.2522174013172135,1,"{""type"":""MultiPoint"",""coordinates"":[]}"
1032_0,0.27832168,0.3043891,0.2684234,0.2586677,0.24333152,0.5611413,0.6697905,0.6211144,0.18563789,0.69799876,0.8510591,0.4656032,0.8510591,0.45045656,0.18563789,0.2131874005690898,1,"{""type"":""MultiPoint"",""coordinates"":[]}"
1033_0,0.25333333,0.29297596,0.27484593,0.2824906,0.20217918,0.5895722,0.7149465,0.6584728,0.06585859,0.77585673,0.8782232,0.48166877,0.8782232,0.45586866,0.06585859,0.2507219163624891,1,"{""type"":""MultiPoint"",""coordinates"":[]}"
1034_0,0.37163815,0.40144607,0.2774463,0.5076614,0.4526871,0.69808346,0.6125683,0.4745232,0.64326686,0.61756957,0.5722161,0.5048544,0.69808346,0.5111634,0.2774463,0.11855590012516509,1,"{""type"":""MultiPoint"",""coordinates"":[]}"
1035_0,0.46748143,0.6197036,0.47283703,0.2604052,0.8195056,0.784692,0.76293576,0.6984127,0.8381791,0.7902579,0.75869334,0.5523466,0.8381791,0.6521208,0.2604052,0.17218066550161026,1,"{""type"":""MultiPoint"",""coordinates"":[]}"
1036_0,0.32591715,0.31790394,0.30717123,0.17753439,0.609633,0.47964752,0.4321343,0.3646139,0.6045714,0.57686454,0.50747037,0.472,0.609633,0.43128848,0.17753439,0.12943063554398174,1,"{""type"":""MultiPoint"",""coordinates"":[]}"
1037_0,0.60662526,0.45857906,0.32855618,0.1177432,0.84350187,0.76615834,0.7119304,0.6337014,0.83975345,0.84498096,0.624295,0.5706462,0.84498096,0.6122059,0.1177432,0.21292105876408038,1,"{""type"":""MultiPoint"",""coordinates"":[]}"
1038_0,0.25847265,0.22344323,0.19873418,0.20445505,0.24510638,0.19824524,0.687885,0.52662355,0.06278027,-0.33044234,-0.09763618,0.2498957,0.687885,0.2022969,-0.33044234,0.24865544693823208,1,"{""type"":""MultiPoint"",""coordinates"":[]}"
1039_0,0.2316611,0.22498927,0.19405633,0.17226712,0.2609929,0.52501625,0.6833721,0.56681514,0.108940646,-0.29110512,-0.08411215,0.19079436,0.6833721,0.23197399,-0.29110512,0.25787616300422855,1,"{""type"":""MultiPoint"",""coordinates"":[]}"
1040_0,0.29345796,0.3903134,0.28853756,0.33996683,0.38666666,0.7384879,0.76744187,0.21205357,0.1460084,-0.061124694,-0.07198228,0.2079772,0.76744187,0.30315036,-0.07198228,0.24778883046232925,1,"{""type"":""MultiPoint"",""coordinates"":[]}"
1041_0,0.26779252,0.51804423,0.5479204,0.6704209,0.2632933,0.2800142,0.700579,0.65611815,0.21052632,0.16296296,0.036701404,0.7448091,0.7448091,0.42159855,0.036701404,0.2332414285801942,1,"{""type"":""MultiPoint"",""coordinates"":[]}"
1042_0,0.66022587,0.62185794,0.4418964,0.6354254,0.7577885,0.32110643,0.67291474,0.6262158,0.35967302,0.7623948,-0.037528977,0.7079129,0.7623948,0.5441569,-0.037528977,0.22432033784572333,1,"{""type"":""MultiPoint"",""coordinates"":[]}"
1043_0,0.39362395,0.3447481,0.3121987,0.395,0.67622346,0.12795031,0.36507937,0.4057816,0.5524543,0.43189755,-0.023690572,0.49686924,0.67622346,0.373178,-0.023690572,0.17486062678776473,1,"{""type"":""MultiPoint"",""coordinates"":[]}"
1044_0,0.37791044,0.5472452,0.35093242,0.3630055,0.38563642,0.4565465,0.6386431,0.39909735,0.5443529,0.6911392,0.5917278,0.43280047,0.6911392,0.48158646,0.35093242,0.11175103775786233,1,"{""type"":""MultiPoint"",""coordinates"":[]}"
1045_0,0.4425532,0.69019365,0.49201742,0.32302773,0.5069082,0.5017065,0.8169491,0.48980048,0.49373433,0.47602132,0.6208943,0.3362776,0.8169491,0.51584035,0.32302773,0.13244237863309233,1,"{""type"":""MultiPoint"",""coordinates"":[]}"
1046_0,0.3579454,0.74807805,0.4830906,0.25352517,0.32778198,0.53166986,0.7890871,0.40633485,0.3129771,0.54380167,0.45644236,0.36129254,0.7890871,0.46433556,0.25352517,0.16034709092701807,1,"{""type"":""MultiPoint"",""coordinates"":[]}"
1047_0,0.2629521,0.28889766,0.30026644,0.31709298,0.27113062,0.64735204,0.8118235,0.66829497,0.18019257,0.6266472,0.798426,0.25080946,0.8118235,0.45199046,0.18019257,0.22648887968700385,1,"{""type"":""MultiPoint"",""coordinates"":[]}"
1048_0,0.25935373,0.28561038,0.26040533,0.31650805,0.3223796,0.7075356,0.8212121,0.618677,0.13285884,0.5775143,0.74972796,0.16861945,0.8212121,0.43503353,0.13285884,0.23258698447675716,1,"{""type"":""MultiPoint"",""coordinates"":[]}"
1049_0,0.24122448,0.26345158,0.25668663,0.31654677,0.29089952,0.6988417,0.82396233,0.5643863,0.07911548,0.5765657,0.7269994,0.2002256,0.82396233,0.4199088,0.07911548,0.23373041613027398,1,"{""type"":""MultiPoint"",""coordinates"":[]}"
1050_0,0.25272068,0.20466557,0.16609783,0.06187493,0.11935628,0.7011163,0.7646752,0.5832141,0.12395543,0.5718475,0.8160338,0.5897821,0.8160338,0.41294497,0.06187493,0.2704464665486207,1,"{""type"":""MultiPoint"",""coordinates"":[]}"
1051_0,0.23742895,0.22009878,0.1912088,0.13693099,0.79795396,0.85789144,0.7482456,0.09756097,0.7426382,0.75887394,0.4353623,0.18911803,0.85789144,0.45110932,0.09756097,0.29053632959474907,1,"{""type"":""MultiPoint"",""coordinates"":[]}"
1052_0,0.40684023,0.39144558,0.3357825,0.47459894,0.6020885,0.6999778,0.5762009,0.7224124,0.44077238,0.45897204,0.64916617,0.64897466,0.7224124,0.533936,0.3357825,0.12569070121319775,1,"{""type"":""MultiPoint"",""coordinates"":[]}"
1053_0,0.5898952,0.2712051,0.25097346,0.201091,0.20984279,0.6321559,0.76299375,0.6610346,0.22444525,0.5754409,0.37404147,0.30486357,0.76299375,0.42149857,0.201091,0.19793920565193424,1,"{""type"":""MultiPoint"",""coordinates"":[]}"
1054_0,0.32833186,0.4620985,0.48341662,0.6385284,0.69433963,0.5492958,0.6770943,0.5062907,0.69912416,0.9046754,0.70664567,0.41055718,0.9046754,0.5883665,0.32833186,0.1534011421207011,1,"{""type"":""MultiPoint"",""coordinates"":[]}"
1055_0,0.332385,0.3561583,0.24407375,0.3517018,0.3503937,0.30339622,0.42546973,0.29052764,0.65667164,0.5740875,0.23216015,0.609036,0.65667164,0.39383847,0.23216015,0.13698024916764043,1,"{""type"":""MultiPoint"",""coordinates"":[]}"
1056_0,0.35096154,0.4403618,0.40204677,0.41347066,0.4486712,0.58693403,0.39963832,0.69959265,0.46375304,0.59357625,0.4711073,0.46233925,0.69959265,0.4777044,0.35096154,0.09544264104285302,1,"{""type"":""MultiPoint"",""coordinates"":[]}"
1057_0,0.7711682,0.7347243,0.23068494,0.20998372,0.1366569,0.35583413,0.628882,0.5747407,-0.43057504,-0.4942768,-0.1717297,-0.11341464,0.7711682,0.20272322,-0.4942768,0.4165172251984141,1,"{""type"":""MultiPoint"",""coordinates"":[]}"
1058_0,0.22254974,0.23060189,0.18181819,0.15220834,-0.009708738,0.78514427,0.8190983,0.4603396,0.06037736,-0.42975205,-0.25239617,0.15783603,0.8190983,0.1981764,-0.42975205,0.3492817498020519,1,"{""type"":""MultiPoint"",""coordinates"":[]}"
1059_0,0.788008,0.7179553,0.21639109,0.13850063,0.4907344,0.82637507,0.8553846,0.22559474,-0.0023148148,-0.123755336,0.040224507,6.644518E-4,0.8553846,0.34781355,-0.123755336,0.3504715539003403,1,"{""type"":""MultiPoint"",""coordinates"":[]}"
1060_0,0.24423076,0.2534806,0.24976392,0.20761728,0.21303259,0.5532097,0.7284096,0.6079456,-0.006968641,-0.09659677,-0.037770897,0.16702509,0.7284096,0.25694823,-0.09659677,0.2462087646268804,1,"{""type"":""MultiPoint"",""coordinates"":[]}"
1061_0,0.47793907,0.21554576,0.21265462,0.13430852,0.18106394,0.33670774,0.79096043,0.6515344,-0.33130237,-0.689759,-0.009887005,0.2409894,0.79096043,0.18422963,-0.689759,0.3841477586403846,1,"{""type"":""MultiPoint"",""coordinates"":[]}"
1062_0,0.28401828,0.29338843,0.2726415,0.19193155,0.8636485,0.8733261,0.78228706,0.27503973,0.13706666,-0.05636743,0.47339848,0.24266666,0.8733261,0.38608712,-0.05636743,0.28727453036731043,1,"{""type"":""MultiPoint"",""coordinates"":[]}"
1063_0,0.39427987,0.3385306,0.32314628,0.19331066,0.8964949,0.87614757,0.738166,0.43824703,0.377209,-0.2870036,0.3568167,0.26549962,0.8964949,0.40923706,-0.2870036,0.3072601533807305,1,"{""type"":""MultiPoint"",""coordinates"":[]}"
1064_0,0.27180433,0.26804352,0.24827124,0.14064436,0.78657717,0.84122866,0.8196299,0.21040724,0.112399645,0.3402418,0.65719205,0.20681265,0.84122866,0.40860438,0.112399645,0.269128003523201,1,"{""type"":""MultiPoint"",""coordinates"":[]}"
1065_0,0.24147934,0.23252413,0.20596702,0.1367657,0.8020154,0.8418681,0.8258272,0.1347918,0.5171583,0.86776334,0.638353,0.15646258,0.86776334,0.466748,0.1347918,0.29774622467100514,1,"{""type"":""MultiPoint"",""coordinates"":[]}"
1066_0,0.21589607,0.20675105,0.17970401,0.09899837,0.7945084,0.8145407,0.8081928,0.12463768,0.46896994,0.87026674,0.60938454,0.16701725,0.87026674,0.4465723,0.09899837,0.2997639457019225,1,"{""type"":""MultiPoint"",""coordinates"":[]}"
1067_0,0.22062169,0.21563682,0.17937815,0.07477477,0.79324895,0.82432145,0.8051331,0.11624441,0.5193405,0.8687207,0.6271598,0.18080264,0.8687207,0.45211524,0.07477477,0.3028962370611024,1,"{""type"":""MultiPoint"",""coordinates"":[]}"
1068_0,0.23570621,0.23332605,0.22886233,0.26913157,0.12700596,0.14051841,0.29266056,0.21612091,0.0323993,0.8543336,0.719374,0.19401042,0.8543336,0.29528743,0.0323993,0.23144133568203815,1,"{""type"":""MultiPoint"",""coordinates"":[]}"
1069_0,0.5079839,0.46364135,0.41196105,0.49654806,0.6763082,0.649785,0.5769962,0.56386,0.008,0.71392,0.7417747,0.63378775,0.7417747,0.5370472,0.008,0.18716862196995707,1,"{""type"":""MultiPoint"",""coordinates"":[]}"
1070_0,0.24008864,0.21316615,0.21623772,0.33333334,0.521859,0.44446787,0.34110335,0.33484572,0.027288733,0.8191644,0.68637073,0.59810877,0.8191644,0.39800286,0.027288733,0.21584183139426924,1,"{""type"":""MultiPoint"",""coordinates"":[]}"
1071_0,0.3101129,0.30438885,0.25185102,0.31501514,0.4010067,0.79564804,0.7824418,0.83296895,0.26989335,0.628671,0.17891194,0.675571,0.83296895,0.4788734,0.17891194,0.23381604049399773,1,"{""type"":""MultiPoint"",""coordinates"":[]}"
1072_0,0.62470025,0.5131451,0.44016713,0.4249845,0.35032967,0.07928642,0.53492916,0.7832891,0.7888945,0.06423777,0.23604396,0.7310427,0.7888945,0.46425417,0.06423777,0.23924763039711192,1,"{""type"":""MultiPoint"",""coordinates"":[]}"
1073_0,0.75637937,0.7890477,0.39585933,0.15734062,0.6684533,0.79039085,0.78667367,0.1326245,0.62348557,0.89983225,0.597193,0.212828,0.89983225,0.567509,0.1326245,0.2613632189272776,1,"{""type"":""MultiPoint"",""coordinates"":[]}"
1074_0,0.3163192,0.29736674,0.24181184,0.071961984,0.48353097,0.82724583,0.824123,0.16363636,0.4004193,0.9023973,0.8088829,0.14865461,0.9023973,0.45719582,0.071961984,0.2913960025146189,1,"{""type"":""MultiPoint"",""coordinates"":[]}"
1075_0,0.3292683,0.32989025,0.24447514,0.12121599,0.447132,0.8168259,0.7066467,0.27218556,0.58578986,0.79023993,0.7357798,0.32932693,0.8168259,0.47573137,0.12121599,0.22983432946955157,1,"{""type"":""MultiPoint"",""coordinates"":[]}"
1076_0,0.20472714,0.22191098,0.19695482,0.09042717,0.5121763,0.86497706,0.8314949,0.17087892,0.28927535,0.85965896,0.7688766,0.20837298,0.86497706,0.4349776,0.09042717,0.2966531891632563,1,"{""type"":""MultiPoint"",""coordinates"":[]}"
1077_0,0.58856,0.5779238,0.47589988,0.7037568,0.84425944,0.7932987,0.81461287,0.6801948,0.8094869,0.8209862,0.75729924,0.7572472,0.84425944,0.71862715,0.47589988,0.1116624818857231,1,"{""type"":""MultiPoint"",""coordinates"":[]}"
1078_0,0.54219407,0.4884626,0.4087883,0.60861236,0.7780916,0.7686341,0.7706009,0.67406785,0.7749689,0.79289025,0.77726,0.78347325,0.79289025,0.6806703,0.4087883,0.12973525870017355,1,"{""type"":""MultiPoint"",""coordinates"":[]}"
1079_0,0.5770235,0.54191136,0.44213334,0.66799915,0.8038997,0.79261637,0.80572045,0.68095917,0.7769769,0.81641406,0.74808216,0.696816,0.81641406,0.69587934,0.44213334,0.11552156016341977,1,"{""type"":""MultiPoint"",""coordinates"":[]}"
1080_0,0.23066607,0.23237714,0.2260184,0.18340611,0.31735536,0.32728142,0.487228,0.21448468,0.5445545,0.82554334,0.51048064,0.20488721,0.82554334,0.35869023,0.18340611,0.18705543044472747,1,"{""type"":""MultiPoint"",""coordinates"":[]}"
1081_0,0.36885345,0.3231156,0.31786427,0.31581658,0.7496095,0.7985128,0.7483381,0.40120968,0.45074224,0.57388085,0.53712237,0.3283489,0.7985128,0.49278453,0.31581658,0.1771375905931153,1,"{""type"":""MultiPoint"",""coordinates"":[]}"
1082_0,0.2962298,0.28264925,0.24536178,0.29778582,0.20208877,0.1466031,0.19655856,0.82460976,0.6260274,0.12068965,0.17402597,0.17162472,0.82460976,0.29868788,0.12068965,0.20271352795650802,1,"{""type"":""MultiPoint"",""coordinates"":[]}"
1083_0,0.30100334,0.25019485,0.22440256,0.21593367,0.1739587,0.655214,0.83111113,0.6314731,0.13865998,0.28635952,0.40193292,0.42917848,0.83111113,0.3782852,0.13865998,0.2099666068390556,1,"{""type"":""MultiPoint"",""coordinates"":[]}"
1084_0,0.48450086,0.23986958,0.22712359,0.27935222,0.1559633,0.5321367,0.7110754,0.6920086,0.5445652,0.64194757,0.43715486,0.3022862,0.7110754,0.437332,0.1559633,0.18482363494959111,1,"{""type"":""MultiPoint"",""coordinates"":[]}"
1085_0,0.2691784,0.27360776,0.16000946,0.19711885,0.42891663,0.7460564,0.7782897,0.3634223,0.35915235,0.8045262,0.53870314,0.25094146,0.8045262,0.43082687,0.16000946,0.22215631941960726,1,"{""type"":""MultiPoint"",""coordinates"":[]}"
1086_0,0.33514002,0.48754448,0.45958686,0.60853267,0.5902965,0.51939166,0.8665724,0.27178824,0.49373764,0.85965896,0.70846903,0.40752864,0.8665724,0.55068725,0.27178824,0.1794216641398587,1,"{""type"":""MultiPoint"",""coordinates"":[]}"
1087_0,0.6594427,0.67276764,0.5420744,0.5216279,0.74159753,0.4895458,0.8006993,0.7637924,0.76278895,0.8192699,0.64136577,0.6583376,0.8192699,0.6727758,0.4895458,0.10560239321227945,1,"{""type"":""MultiPoint"",""coordinates"":[]}"
1088_0,0.6015757,0.65975106,0.5118299,0.45551652,0.70291775,0.49761993,0.8037808,0.7544454,0.7768908,0.8014815,0.5037594,0.5907112,0.8037808,0.6383567,0.45551652,0.12323918196203199,1,"{""type"":""MultiPoint"",""coordinates"":[]}"
1089_0,0.52480704,0.55262417,0.4681856,0.6893965,0.7617754,0.7302173,0.7501153,0.5567108,0.72515494,0.7848492,0.7935088,0.7237333,0.7935088,0.6717565,0.4681856,0.1086286372762591,1,"{""type"":""MultiPoint"",""coordinates"":[]}"
1090_0,0.49554896,0.519805,0.43691936,0.57784057,0.53173876,0.63106793,0.48062325,0.475891,0.68024135,0.74703085,0.7409714,0.62453985,0.74703085,0.5785182,0.43691936,0.10111896113030279,1,"{""type"":""MultiPoint"",""coordinates"":[]}"
1091_0,0.5964199,0.61621344,0.50493485,0.6413091,0.73348314,0.69446135,0.47376788,0.5547975,0.7628083,0.76989543,0.7277267,0.6,0.76989543,0.6396515,0.47376788,0.09511233871526673,1,"{""type"":""MultiPoint"",""coordinates"":[]}"
1092_0,0.6723593,0.8155794,0.5701198,0.2015504,0.27057275,0.26457125,0.22950819,0.23697795,0.022900764,-0.13513513,0.039233305,-0.05574913,0.8155794,0.26104075,-0.13513513,0.27997946535261864,1,"{""type"":""MultiPoint"",""coordinates"":[]}"
1093_0,0.40402195,0.45969373,0.40210286,0.51174873,0.68342644,0.25165373,0.66612035,0.4638569,0.8134168,0.8114156,0.11665721,0.704287,0.8134168,0.5240334,0.11665721,0.20851559727402075,1,"{""type"":""MultiPoint"",""coordinates"":[]}"
1094_0,0.50572467,0.6186179,0.5676981,0.59850687,0.76009995,0.22342493,0.7392067,0.6197381,0.7668586,0.7705116,0.1788424,0.57588655,0.7705116,0.577093,0.1788424,0.18842845828064161,1,"{""type"":""MultiPoint"",""coordinates"":[]}"
1095_0,0.33479452,0.3854333,0.38644785,0.31493348,0.14546514,0.12228968,0.25811437,0.8265487,0.10125261,0.8551169,0.76391983,0.10863239,0.8551169,0.38357905,0.10125261,0.26869260434424047,1,"{""type"":""MultiPoint"",""coordinates"":[]}"
1096_0,0.3059152,0.3209048,0.2804787,0.273815,0.09194467,0.10239453,0.18357083,0.5428322,0.23437248,0.58747447,0.34304208,0.14990328,0.58747447,0.2847207,0.09194467,0.1485837556335944,1,"{""type"":""MultiPoint"",""coordinates"":[]}"
1097_0,0.22925764,0.23710021,0.23233196,0.23539095,0.10519187,0.08144126,0.12818533,0.29045996,0.116231784,0.48568746,0.30809617,0.1743487,0.48568746,0.2186436,0.08144126,0.10712983609403523,1,"{""type"":""MultiPoint"",""coordinates"":[]}"
1098_0,0.3269389,0.2906846,0.28438157,0.25114802,0.47092125,0.60934395,0.4983436,0.5137255,0.66806257,0.5662133,0.39855942,0.35971588,0.66806257,0.4365032,0.25114802,0.13209575423719522,1,"{""type"":""MultiPoint"",""coordinates"":[]}"
1099_0,0.44955993,0.498998,0.38521025,0.060976345,0.47155964,0.5997979,0.5271955,0.3114754,0.59288096,0.8150738,0.594825,0.34964538,0.8150738,0.4714332,0.060976345,0.1791687244444144,1,"{""type"":""MultiPoint"",""coordinates"":[]}"
1100_0,0.2918206,0.37978226,0.36317852,0.07380608,0.25219744,0.75432986,0.71497583,0.60523796,0.7587339,0.70375687,0.27334467,0.45141453,0.7587339,0.4685482,0.07380608,0.22208379145245288,1,"{""type"":""MultiPoint"",""coordinates"":[]}"
1101_0,0.29024082,0.19684385,0.3395164,0.6707882,0.6432,0.33808726,0.38306063,0.13621795,0.68233985,0.8695777,0.51678175,0.23196784,0.8695777,0.44155186,0.13621795,0.2207042726273642,1,"{""type"":""MultiPoint"",""coordinates"":[]}"
1102_0,0.27257383,0.15655763,0.34751773,0.5875173,0.51595455,0.31031778,0.3165574,0.19202898,0.732585,0.8559347,0.33454034,0.37794432,0.8559347,0.41666913,0.15655763,0.20515198201188775,1,"{""type"":""MultiPoint"",""coordinates"":[]}"
1103_0,0.4831848,0.5056677,0.4292624,0.5787659,0.80251265,0.70133793,0.5508452,0.44146767,0.82111263,0.7535082,0.6001071,0.57024795,0.82111263,0.60316837,0.4292624,0.13044678204985594,1,"{""type"":""MultiPoint"",""coordinates"":[]}"
1104_0,0.74001193,0.43836886,0.21303,0.2938856,0.5088419,0.20622568,0.17556834,0.27666485,0.50959194,0.85437167,0.42561653,0.15337424,0.85437167,0.3996293,0.15337424,0.21568057223886744,1,"{""type"":""MultiPoint"",""coordinates"":[]}"
1105_0,0.731523,0.80010414,0.47592738,0.21900013,0.1719057,0.24634147,0.26893592,0.4512785,0.36014515,0.75581396,0.5230534,0.3330991,0.80010414,0.44476065,0.1719057,0.20970805116140712,1,"{""type"":""MultiPoint"",""coordinates"":[]}"
1106_0,0.7156461,0.77557296,0.5114348,0.19681144,0.202058,0.45221972,0.43659943,0.103515625,0.19035776,0.78814894,0.4476645,0.12243221,0.78814894,0.4118718,0.103515625,0.2411388261175086,1,"{""type"":""MultiPoint"",""coordinates"":[]}"
1107_0,0.2833935,0.2637813,0.2366615,0.27896467,0.5113904,0.56007946,0.6048013,0.26359338,0.30322582,0.8017478,0.65984404,0.23966943,0.8017478,0.4172627,0.2366615,0.18984216284728134,1,"{""type"":""MultiPoint"",""coordinates"":[]}"
1108_0,0.2538742,0.23551057,0.22236727,0.21082343,0.43327102,0.6085841,0.59149426,0.24502487,0.28329048,0.8972208,0.73600847,0.17262357,0.8972208,0.40750775,0.17262357,0.23198908323661238,1,"{""type"":""MultiPoint"",""coordinates"":[]}"
1109_0,0.27804878,0.25459558,0.22420092,0.18321513,0.40099198,0.4697802,0.55599624,0.18367347,0.30410653,0.8760563,0.7254616,0.21110299,0.8760563,0.38893583,0.18321513,0.2171561163586996,1,"{""type"":""MultiPoint"",""coordinates"":[]}"
1110_0,0.3558591,0.7220296,0.5865316,0.2788329,0.07875895,0.56748533,0.8045977,0.5291249,-0.2878553,0.5864979,0.31719214,0.6972187,0.8045977,0.43635613,-0.2878553,0.29636800697755544,1,"{""type"":""MultiPoint"",""coordinates"":[]}"
1111_0,0.3544396,0.7647697,0.6197028,0.23536018,0.19690806,0.46359864,0.7769538,0.4957147,-0.21047331,0.51657754,0.36825523,0.6121336,0.7769538,0.43282837,-0.21047331,0.26242440053021704,1,"{""type"":""MultiPoint"",""coordinates"":[]}"
1112_0,0.31247556,0.7827934,0.605287,0.25306576,0.092824884,0.51311827,0.7662948,0.56126916,-0.09836066,0.528914,0.10156853,0.69146186,0.7827934,0.4258927,-0.09836066,0.27631563493231504,1,"{""type"":""MultiPoint"",""coordinates"":[]}"
1113_0,0.25396827,0.3671421,0.24812448,0.40337893,0.5843507,0.5916627,0.59046537,0.33131436,0.6901763,0.7260197,0.34561,0.6037594,0.7260197,0.4779977,0.24812448,0.1630850199819544,1,"{""type"":""MultiPoint"",""coordinates"":[]}"
1114_0,0.27814865,0.47303227,0.3105102,0.4139968,0.72777617,0.7298494,0.640537,0.42877096,0.7259906,0.7185185,0.32412735,0.58184767,0.7298494,0.52942544,0.27814865,0.1705010319097675,1,"{""type"":""MultiPoint"",""coordinates"":[]}"
1115_0,0.32047105,0.5522885,0.3878943,0.39944685,0.8160665,0.7898662,0.66323745,0.36147758,0.67494047,0.6815511,0.23090827,0.6649087,0.8160665,0.54525477,0.23090827,0.18841289695679425,1,"{""type"":""MultiPoint"",""coordinates"":[]}"
1116_0,0.27687627,0.78953326,0.5386493,0.24615198,0.5351315,0.77633876,0.7733368,0.024463305,0.4272786,0.1042471,0.55270654,0.41745135,0.78953326,0.4551804,0.024463305,0.24586365386371575,1,"{""type"":""MultiPoint"",""coordinates"":[]}"
1117_0,0.24076433,0.79040754,0.59856886,0.084736705,0.6788991,0.8240067,0.8302723,0.25714287,-0.91150445,0.43057996,0.5647546,0.52866244,0.8302723,0.40977424,-0.91150445,0.4603652555632299,1,"{""type"":""MultiPoint"",""coordinates"":[]}"
1118_0,0.24204355,0.3298611,0.30614755,0.37014315,0.18104906,0.77842563,0.78554165,0.61358124,0.21772152,0.22181818,0.35974303,0.17953488,0.78554165,0.38213423,0.17953488,0.21141264353780284,1,"{""type"":""MultiPoint"",""coordinates"":[]}"
1119_0,0.6643929,0.6957579,0.5662824,0.64929974,0.8183293,0.8079422,0.8114952,0.77529347,0.82298446,0.8448037,0.6922321,0.7532808,0.8448037,0.7418412,0.5662824,0.08340396370863151,1,"{""type"":""MultiPoint"",""coordinates"":[]}"
1120_0,0.5549975,0.5290197,0.4797496,0.52630466,0.4678528,0.6913957,0.6713152,0.5086745,0.80004364,0.82946473,0.63160825,0.6755811,0.82946473,0.61383396,0.4678528,0.11664883451535871,1,"{""type"":""MultiPoint"",""coordinates"":[]}"
1121_0,0.45095828,0.33565217,0.26993275,0.28896308,0.12323613,0.21686183,0.26377597,0.67327935,0.8524483,0.8543112,0.76850885,0.6758558,0.8543112,0.48114863,0.12323613,0.2554966759972927,1,"{""type"":""MultiPoint"",""coordinates"":[]}"
1122_0,0.35824436,0.3178392,0.25669008,0.35386685,0.6575547,0.5998057,0.42857143,0.32098028,0.5717611,0.8127136,0.6548122,0.6187097,0.8127136,0.49596244,0.25669008,0.169943429318894,1,"{""type"":""MultiPoint"",""coordinates"":[]}"
1123_0,0.5718593,0.5344025,0.4146968,0.543483,0.79068387,0.7168313,0.5644864,0.62593734,0.6631579,0.74632096,0.513468,0.5687048,0.79068387,0.6045027,0.4146968,0.103357327259705,1,"{""type"":""MultiPoint"",""coordinates"":[]}"
1124_0,0.67193574,0.66370755,0.2986699,0.20360073,0.28159645,0.51699466,0.44787776,0.54016423,0.08717949,0.072916664,-0.0321065,0.18124436,0.67193574,0.3278151,-0.0321065,0.22709376089246042,1,"{""type"":""MultiPoint"",""coordinates"":[]}"
1125_0,0.29585537,0.34019235,0.24489357,0.27587664,0.2240672,0.29126862,0.25652716,0.26738563,0.15618013,0.42263532,0.21827412,0.41365674,0.42263532,0.28390107,0.15618013,0.0743064117477647,1,"{""type"":""MultiPoint"",""coordinates"":[]}"
1126_0,0.24775428,0.2470108,0.19748358,0.19832985,0.21418571,0.15357228,0.42673796,0.6579832,0.16834618,0.7653881,0.5745146,0.24068598,0.7653881,0.34099936,0.15357228,0.202490198385282,1,"{""type"":""MultiPoint"",""coordinates"":[]}"
1127_0,0.4449304,0.3653386,0.19038618,0.46950355,0.33587787,0.51972944,0.6816294,0.6017897,0.1563868,0.7355982,0.52230215,0.62110066,0.7355982,0.47038108,0.1563868,0.17484392857923717,1,"{""type"":""MultiPoint"",""coordinates"":[]}"
1128_0,0.29485983,0.27272728,0.20940854,0.18960375,0.17753623,0.50568634,0.64581263,0.56068325,0.16830538,-0.20334262,-0.033203125,0.16480793,0.64581263,0.24607378,-0.20334262,0.229331058101186,1,"{""type"":""MultiPoint"",""coordinates"":[]}"
1129_0,0.7497033,0.7545692,0.412509,0.27375707,0.5109983,0.86304206,0.7764977,0.13032886,0.47358492,-0.14051841,-0.17620137,0.19488817,0.86304206,0.4019299,-0.17620137,0.33873737999898773,1,"{""type"":""MultiPoint"",""coordinates"":[]}"
1130_0,0.17960526,0.17909063,0.14449213,0.13314763,0.33937398,0.78729916,0.8380865,0.07640298,0.5986923,-0.21722846,-0.2494759,0.20036681,0.8380865,0.25082108,-0.2494759,0.32904532850365825,1,"{""type"":""MultiPoint"",""coordinates"":[]}"
1131_0,0.3408933,0.25707603,0.26867387,0.4379085,0.6034999,0.21909015,0.3581662,0.78468627,0.031291317,0.27587664,0.7780314,0.8456731,0.8456731,0.43340555,0.031291317,0.24932782508135184,1,"{""type"":""MultiPoint"",""coordinates"":[]}"
1132_0,0.36930457,0.29336187,0.24781342,0.3793399,0.5172715,0.24686192,0.39799038,0.8294243,0.04095238,0.43377483,0.79513514,0.8423478,0.8423478,0.44946483,0.04095238,0.24324416685120212,1,"{""type"":""MultiPoint"",""coordinates"":[]}"
1133_0,0.45080915,0.48018804,0.43676314,0.4444983,0.656113,0.3529954,0.59219205,0.773913,0.05611972,0.58539766,0.6226285,0.5741642,0.773913,0.5021485,0.05611972,0.17421397117698711,1,"{""type"":""MultiPoint"",""coordinates"":[]}"
1134_0,0.5814408,0.26634383,0.26221055,0.25415847,0.1384404,0.7628459,0.78139204,0.7458812,0.25418326,0.6967688,0.8038857,0.5168571,0.8038857,0.50536734,0.1384404,0.24308620473894002,1,"{""type"":""MultiPoint"",""coordinates"":[]}"
1135_0,0.38686627,0.40581718,0.28236368,0.3523031,0.4813111,0.4978261,0.5678392,0.40597308,0.5665618,0.677159,0.42615747,0.3114636,0.677159,0.44680348,0.28236368,0.11086885380696507,1,"{""type"":""MultiPoint"",""coordinates"":[]}"
1136_0,0.5794595,0.4752702,0.31947652,0.50989974,0.19399667,0.84615386,0.8439376,0.71796006,0.41999176,0.7674068,0.70677334,0.6028556,0.84615386,0.5819318,0.19399667,0.19781318377842522,1,"{""type"":""MultiPoint"",""coordinates"":[]}"
1137_0,0.15843023,0.27714932,0.500376,0.6151533,0.2173913,0.5811373,0.82762045,0.66214263,-0.13989638,0.8602029,0.061340246,0.7239857,0.8602029,0.44541943,-0.13989638,0.3089938114378219,1,"{""type"":""MultiPoint"",""coordinates"":[]}"
1138_0,0.24913494,0.2371533,0.17915188,0.14395316,0.71291864,0.81583893,0.77677387,0.11702128,0.73314476,0.85103524,0.03272324,0.5948233,0.85103524,0.4536394,0.03272324,0.3040324983140866,1,"{""type"":""MultiPoint"",""coordinates"":[]}"
1139_0,0.7359379,0.82600194,0.40499306,0.1610404,0.8158236,0.7903543,0.6291999,0.7150484,0.8684211,0.01875,0.21409535,0.79962194,0.8684211,0.58160734,0.01875,0.2874870774946534,1,"{""type"":""MultiPoint"",""coordinates"":[]}"
1140_0,0.53289473,0.42600897,0.32215467,0.30992368,0.53125924,0.75422037,0.7461105,0.70985323,0.12588766,0.8430518,0.037355088,0.43574765,0.8430518,0.48120564,0.037355088,0.24428519735271,1,"{""type"":""MultiPoint"",""coordinates"":[]}"
1141_0,0.6569889,0.22478686,0.19348107,0.20916773,0.119554535,0.55778366,0.71180844,0.6137931,0.1408776,-0.6313364,-0.05626851,0.15088576,0.71180844,0.24096023,-0.6313364,0.3558793758405895,1,"{""type"":""MultiPoint"",""coordinates"":[]}"
1142_0,0.73944205,0.64872825,0.27995095,0.18613334,0.29308325,0.7398148,0.7513838,0.10523222,0.30257595,0.84032166,0.5375692,0.16337924,0.84032166,0.46563455,0.10523222,0.25837566393868155,1,"{""type"":""MultiPoint"",""coordinates"":[]}"
1143_0,0.2026672,0.32802653,0.28776768,0.1721677,0.79182535,0.9220779,0.83205706,0.05773672,0.18567494,0.85210466,0.7013003,0.24690694,0.9220779,0.46502608,0.05773672,0.3098852577733542,1,"{""type"":""MultiPoint"",""coordinates"":[]}"
1144_0,0.3727452,0.4696643,0.33614457,0.42373878,0.64634144,0.69495225,0.62418103,0.48589846,0.36827958,0.55041075,0.4282687,0.41362202,0.69495225,0.48452058,0.33614457,0.11344716646214881,1,"{""type"":""MultiPoint"",""coordinates"":[]}"
1145_0,0.30791932,0.4164619,0.35930976,0.16951673,0.6309227,0.873666,0.8529335,0.20845921,0.23720516,-0.08571429,-0.0015151515,0.21513002,0.873666,0.34869125,-0.08571429,0.29001009514502746,1,"{""type"":""MultiPoint"",""coordinates"":[]}"
1146_0,0.2297794,0.21018593,0.19029695,0.123128116,0.17694156,0.81200105,0.78451,0.6962671,0.03271441,-0.44,0.16261525,0.7509434,0.81200105,0.31078193,-0.44,0.3611616696771538,1,"{""type"":""MultiPoint"",""coordinates"":[]}"
1147_0,0.28005558,0.16930455,0.1505102,0.1840796,0.36073825,0.8033206,0.7895515,0.13016845,0.45997745,0.874036,0.42987874,0.13205945,0.874036,0.39697337,0.13016845,0.2686578662516968,1,"{""type"":""MultiPoint"",""coordinates"":[]}"
1148_0,0.28676152,0.20256025,0.19802372,0.16343391,0.10719323,0.5363899,0.73951304,0.16655518,0.118994825,0.8698539,0.7122959,0.17406143,0.8698539,0.35630307,0.10719323,0.26584102901848705,1,"{""type"":""MultiPoint"",""coordinates"":[]}"
1149_0,0.2760045,0.2821229,0.28265107,0.37915102,0.26811594,0.22729108,0.27805826,0.3888889,0.2920354,0.43240455,0.38549134,0.38379267,0.43240455,0.32300064,0.22729108,0.06306288525889503,1,"{""type"":""MultiPoint"",""coordinates"":[]}"
1150_0,0.27667153,0.30134356,0.31565726,0.46865037,0.37431192,0.21547861,0.37526524,0.45391783,0.31365314,0.33333334,0.39420238,0.4112813,0.46865037,0.35281387,0.21547861,0.07091031666466595,1,"{""type"":""MultiPoint"",""coordinates"":[]}"
1151_0,0.240145,0.22686833,0.20284066,0.091521144,0.24489796,0.18423855,0.41710368,0.27012026,0.24412094,0.34331152,0.40791535,0.30004093,0.41710368,0.26442704,0.091521144,0.08866420507460473,1,"{""type"":""MultiPoint"",""coordinates"":[]}"
1152_0,0.24772163,0.20611335,0.20828973,0.17477539,0.11307973,0.5623176,0.7924965,0.6763006,0.37037036,0.7301927,0.4866469,0.8056638,0.8056638,0.4478307,0.11307973,0.24863764356998128,1,"{""type"":""MultiPoint"",""coordinates"":[]}"
1153_0,0.2730688,0.23418319,0.2141901,0.22806375,0.14032698,0.68917936,0.8234775,0.68256265,0.27897495,0.66575843,0.23193917,0.7552295,0.8234775,0.43474618,0.14032698,0.24885457469676195,1,"{""type"":""MultiPoint"",""coordinates"":[]}"
1154_0,0.2729742,0.28946158,0.2864494,0.37167642,0.17384014,0.56865466,0.7427479,0.7086796,0.51899755,0.46499103,0.32046783,0.65174454,0.7427479,0.44755706,0.17384014,0.18150918534973995,1,"{""type"":""MultiPoint"",""coordinates"":[]}"
1155_0,0.27780452,0.20495754,0.20266351,0.22423485,0.73435116,0.82073814,0.83183634,0.09829311,0.35769388,0.8631139,0.553719,0.288749,0.8631139,0.45484623,0.09829311,0.27466685495964505,1,"{""type"":""MultiPoint"",""coordinates"":[]}"
1156_0,0.3370945,0.31643102,0.27567568,0.2742836,0.8306878,0.77767104,0.7829763,0.10150963,0.36877897,0.8649722,0.56480604,0.3373722,0.8649722,0.48602158,0.10150963,0.25257959989314244,1,"{""type"":""MultiPoint"",""coordinates"":[]}"
1157_0,0.3482143,0.31850302,0.2606657,0.2689379,0.8374442,0.77481484,0.79060984,0.022367703,0.33378333,0.87824243,0.5500443,0.18157181,0.87824243,0.4637666,0.022367703,0.2780094559678184,1,"{""type"":""MultiPoint"",""coordinates"":[]}"
1158_0,0.38548636,0.30174673,0.23504634,0.093273036,0.75516903,0.8076075,0.71701115,0.18111053,0.24083394,0.85124785,0.7627684,0.28518173,0.85124785,0.4680402,0.093273036,0.27234200304338585,1,"{""type"":""MultiPoint"",""coordinates"":[]}"
1159_0,0.4661524,0.33741775,0.22936559,0.16338354,0.7447619,0.83533716,0.7286256,0.1929293,0.23747073,0.8780431,0.79126513,0.22681883,0.8780431,0.48596427,0.16338354,0.274164077047807,1,"{""type"":""MultiPoint"",""coordinates"":[]}"
1160_0,0.42395335,0.32516187,0.23544632,0.21078432,0.7522936,0.8408698,0.7160084,0.34063527,0.2336881,0.79819065,0.7543253,0.24696356,0.8408698,0.48986006,0.21078432,0.24650921192342956,1,"{""type"":""MultiPoint"",""coordinates"":[]}"
1161_0,0.7122567,0.6782415,0.24456389,0.09381616,0.40427387,0.79715466,0.80010355,0.04607046,0.04809287,0.76673687,0.79295033,0.43261945,0.80010355,0.48474002,0.04607046,0.29770911931963134,1,"{""type"":""MultiPoint"",""coordinates"":[]}"
1162_0,0.5992897,0.6002534,0.32180735,0.15941176,0.56213015,0.7251673,0.7653007,0.31387955,0.2958888,0.7382716,0.71780825,0.5745098,0.7653007,0.5311432,0.15941176,0.19728067539940342,1,"{""type"":""MultiPoint"",""coordinates"":[]}"
1163_0,0.63520676,0.67148644,0.2452381,0.11286319,0.42224115,0.85507244,0.8625162,0.0749354,0.116444446,0.675529,0.6993197,0.28166798,0.8625162,0.4710434,0.0749354,0.28312961244722074,1,"{""type"":""MultiPoint"",""coordinates"":[]}"
1164_0,0.35748792,0.29952607,0.23004921,0.39317477,0.7765958,0.5694076,0.45047566,0.21929824,0.038139533,0.7699115,0.62738854,0.5870221,0.7765958,0.4432064,0.038139533,0.21958581618228737,1,"{""type"":""MultiPoint"",""coordinates"":[]}"
1165_0,0.7096865,0.8092613,0.5992014,0.2646916,0.10371938,0.68216217,0.73154825,0.40328932,0.49306062,0.32853717,0.15628263,0.1503426,0.8092613,0.45264858,0.10371938,0.24168756883712825,1,"{""type"":""MultiPoint"",""coordinates"":[]}"
1166_0,0.41789356,0.5822378,0.4774359,0.58728373,0.64221555,0.81425107,0.7995444,0.29756796,0.2900575,0.81470084,0.5871073,0.17367303,0.81470084,0.5403307,0.17367303,0.20595050612885712,1,"{""type"":""MultiPoint"",""coordinates"":[]}"
1167_0,0.30005425,0.30957058,0.25910178,0.33149874,0.46387726,0.4795031,0.44697565,0.16793197,0.29848692,0.678066,0.5447201,0.25114155,0.678066,0.37757733,0.16793197,0.1396035335381408,1,"{""type"":""MultiPoint"",""coordinates"":[]}"
1168_0,0.29850745,0.24018475,0.17555267,0.11054149,0.5804376,0.8588473,0.84294033,-0.040621266,0.19721578,0.8970553,0.76592,0.18055002,0.8970553,0.4255943,-0.040621266,0.32478539504649345,1,"{""type"":""MultiPoint"",""coordinates"":[]}"
1169_0,0.2628784,0.19435737,0.18946254,0.14441417,0.56646526,0.79012895,0.8025675,0.031101739,0.17313842,0.8907317,0.74106914,0.18425196,0.8907317,0.41421393,0.031101739,0.30297605977541187,1,"{""type"":""MultiPoint"",""coordinates"":[]}"
1170_0,0.34181046,0.5001398,0.4730039,0.5321679,0.4603616,0.6428923,0.70930636,0.54323,0.4074074,0.6930764,0.66905785,0.65798527,0.70930636,0.5525366,0.34181046,0.1157315670852033,1,"{""type"":""MultiPoint"",""coordinates"":[]}"
1171_0,0.46214357,0.4982885,0.41828653,0.43235943,0.57263786,0.4034398,0.49109015,0.5489341,0.2884706,0.590958,0.6492674,0.5498242,0.6492674,0.49214166,0.2884706,0.09434098217423822,1,"{""type"":""MultiPoint"",""coordinates"":[]}"
1172_0,0.29295373,0.3833177,0.30362886,0.31872922,0.37062675,0.38948348,0.40158135,0.36363637,0.2510112,0.4806004,0.4346377,0.46698,0.4806004,0.37143221,0.2510112,0.0674008649530174,1,"{""type"":""MultiPoint"",""coordinates"":[]}"
1173_0,0.35902825,0.25942448,0.20960066,0.23350203,0.20902511,0.75062764,0.348752,0.25677603,0.70625234,0.90061474,0.72302735,0.10584958,0.90061474,0.42187336,0.10584958,0.2577950848987173,1,"{""type"":""MultiPoint"",""coordinates"":[]}"
1174_0,0.29821074,0.32544377,0.3301652,0.5392518,0.15876289,0.501006,0.4076966,0.60809374,0.37987244,0.20671141,0.479006,0.49351823,0.60809374,0.39397824,0.15876289,0.13046887095419618,1,"{""type"":""MultiPoint"",""coordinates"":[]}"
1175_0,0.24195682,0.21635434,0.20015918,0.11509063,0.20171367,0.730659,0.7511571,0.62899786,-0.013610888,-0.10988142,0.15060532,0.73406196,0.7511571,0.3206053,-0.10988142,0.2934597005383884,1,"{""type"":""MultiPoint"",""coordinates"":[]}"
1176_0,0.6764775,0.6694678,0.48456913,0.5928054,0.7061003,0.58064514,0.61822695,0.7116954,0.6723769,0.7096115,0.7469961,0.746063,0.7469961,0.65958625,0.48456913,0.07420672877950193,1,"{""type"":""MultiPoint"",""coordinates"":[]}"
1177_0,0.33244872,0.3048973,0.2895509,0.19397433,0.33476242,0.2647504,0.3239017,0.32806027,0.22147118,0.3640592,0.49935755,0.34919286,0.49935755,0.31720224,0.19397433,0.07366584798718744,1,"{""type"":""MultiPoint"",""coordinates"":[]}"
1178_0,0.3812541,0.38274816,0.32961437,0.25684795,0.43400532,0.338843,0.40786958,0.45102733,0.34186307,0.3400881,0.54609025,0.44537815,0.54609025,0.3879691,0.25684795,0.07204854792988256,1,"{""type"":""MultiPoint"",""coordinates"":[]}"
1179_0,0.4328002,0.43173078,0.43722305,0.61583185,0.74000436,0.52999616,0.4858273,0.4985942,0.22545531,0.70463216,0.35401973,0.4604966,0.74000436,0.49305096,0.22545531,0.13686354687821517,1,"{""type"":""MultiPoint"",""coordinates"":[]}"
1180_0,0.27085882,0.2735294,0.22342409,0.6088683,0.6831683,0.4390984,0.15662651,0.35401616,0.18648112,0.775103,0.3437648,0.34593573,0.775103,0.38840622,0.15662651,0.1917681562740709,1,"{""type"":""MultiPoint"",""coordinates"":[]}"
1181_0,0.31547105,0.3847974,0.24479459,0.5931196,0.65135384,0.44833475,0.26321137,0.40384614,0.37990725,0.57362354,0.31106472,0.32463902,0.65135384,0.40784696,0.24479459,0.1279322095128135,1,"{""type"":""MultiPoint"",""coordinates"":[]}"
1182_0,0.34582943,0.37478262,0.30294907,0.4993604,0.35843217,0.20953192,0.19868483,0.22580644,0.19373327,0.76793003,0.5178406,0.6433121,0.76793003,0.38651606,0.19373327,0.17808302792222497,1,"{""type"":""MultiPoint"",""coordinates"":[]}"
1183_0,0.28113553,0.30008245,0.27570093,0.5358498,0.3933162,0.22028635,0.238748,0.2303702,0.1963288,0.7976374,0.5722011,0.6375257,0.7976374,0.38993186,0.1963288,0.18920635909654915,1,"{""type"":""MultiPoint"",""coordinates"":[]}"
1184_0,0.2978174,0.3131822,0.27799684,0.5281929,0.3993644,0.22202674,0.27512977,0.23751178,0.23125494,0.74527526,0.5907853,0.62654614,0.74527526,0.39542365,0.22202674,0.17275403135866668,1,"{""type"":""MultiPoint"",""coordinates"":[]}"
1185_0,0.48170188,0.40900445,0.24670051,0.24320558,0.2763285,0.28989363,0.3657186,0.1776044,0.15327635,0.61771846,0.48881486,0.5842376,0.61771846,0.36118373,0.15327635,0.14858207050575695,1,"{""type"":""MultiPoint"",""coordinates"":[]}"
1186_0,0.7353215,0.34132934,0.22713359,0.6288978,0.82950646,0.7570769,0.17219788,0.08995633,0.2683087,0.5614525,0.745325,0.14423433,0.82950646,0.45839503,0.08995633,0.26541093543207483,1,"{""type"":""MultiPoint"",""coordinates"":[]}"
1187_0,0.7239844,0.78514284,0.37535146,0.040569957,0.69896317,0.78699255,0.8547777,0.16463415,0.09975006,-0.5936139,0.002366864,0.16243881,0.8547777,0.34177983,-0.5936139,0.4218759240333924,1,"{""type"":""MultiPoint"",""coordinates"":[]}"
1188_0,0.5347769,0.45496008,0.39302018,0.6041175,0.7597865,0.6663296,0.61615264,0.59325695,0.7848325,0.7617866,0.6589387,0.61116004,0.7848325,0.6199265,0.39302018,0.11458526888007767,1,"{""type"":""MultiPoint"",""coordinates"":[]}"
1189_0,0.44355097,0.4580559,0.33370817,0.51751435,0.67797065,0.49599573,0.2966921,0.39921233,0.7108765,0.7614785,0.5488045,0.50775784,0.7614785,0.5126348,0.2966921,0.13827920876275113,1,"{""type"":""MultiPoint"",""coordinates"":[]}"
1190_0,0.44355097,0.4580559,0.33370817,0.51751435,0.67797065,0.49599573,0.2966921,0.39921233,0.7108765,0.7614785,0.5488045,0.50775784,0.7614785,0.5126348,0.2966921,0.13827920876275113,1,"{""type"":""MultiPoint"",""coordinates"":[]}"
1191_0,0.36184856,0.34753057,0.26451612,0.36702955,0.3173689,0.28625822,0.27295676,0.39659092,0.27959412,0.82400745,0.5377081,0.3417067,0.82400745,0.383093,0.26451612,0.15077011990931108,1,"{""type"":""MultiPoint"",""coordinates"":[]}"
1192_0,0.3195021,0.40010116,0.3951512,0.38788718,0.2910551,0.27514008,0.2278481,0.2862423,0.14910765,0.74407136,0.41277406,0.3989922,0.74407136,0.35732272,0.14910765,0.14033480813135296,1,"{""type"":""MultiPoint"",""coordinates"":[]}"
1193_0,0.64297414,0.6018221,0.40865946,0.523615,0.7253569,0.2888617,0.723648,0.5335258,0.6435935,0.87118644,0.2755398,0.69102436,0.87118644,0.57748395,0.2755398,0.173071196791092,1,"{""type"":""MultiPoint"",""coordinates"":[]}"
1194_0,0.18831572,0.18018283,0.209686,0.19308221,0.21015067,0.47113997,0.860148,0.37246048,0.5809901,0.8298482,0.45848012,0.25083613,0.860148,0.40044338,0.18018283,0.23610675718189136,1,"{""type"":""MultiPoint"",""coordinates"":[]}"
1195_0,0.17321314,0.17212376,0.16177659,0.1609614,0.1887324,0.50071126,0.8943074,0.27116036,0.5536232,0.840441,0.49664804,0.23220974,0.8943074,0.38715902,0.1609614,0.2559410644355142,1,"{""type"":""MultiPoint"",""coordinates"":[]}"
1196_0,0.49619183,0.4884754,0.39941224,0.60879916,0.5558282,0.46110904,0.751634,0.61290324,0.7089136,0.5339703,0.17583212,0.7303813,0.751634,0.5436209,0.17583212,0.15354816180271222,1,"{""type"":""MultiPoint"",""coordinates"":[]}"
1197_0,0.34945056,0.39629006,0.37511915,0.40903142,0.46275604,0.4569597,0.42594215,0.5624538,0.59020853,0.5253248,0.47588894,0.45058286,0.59020853,0.45666733,0.34945056,0.07022921222930295,1,"{""type"":""MultiPoint"",""coordinates"":[]}"
1198_0,0.5162455,0.56488305,0.3781698,0.4199042,0.6765526,0.7274175,0.62323534,0.7169171,0.6184874,0.587385,0.7652051,0.5152292,0.7652051,0.59246933,0.3781698,0.11564866549114731,1,"{""type"":""MultiPoint"",""coordinates"":[]}"
1199_0,0.39038143,0.62771815,0.36242488,0.23056994,0.42713568,0.6773154,0.65975106,0.24108528,0.30543098,0.75103164,0.57686454,0.29239088,0.75103164,0.46184167,0.23056994,0.17831755654488493,1,"{""type"":""MultiPoint"",""coordinates"":[]}"
1200_0,0.43903774,0.4837963,0.34922066,0.30525804,0.4439933,0.38998738,0.4559863,0.34295532,0.5264944,0.66615146,0.22160393,0.4809537,0.66615146,0.42545322,0.22160393,0.11028987221891426,1,"{""type"":""MultiPoint"",""coordinates"":[]}"
1201_0,0.3507416,0.3813311,0.26822072,0.3486178,0.39731598,0.84275186,0.81747496,0.2598615,0.102062404,0.89870197,0.26297894,0.20843472,0.89870197,0.42820778,0.102062404,0.2575745337317334,1,"{""type"":""MultiPoint"",""coordinates"":[]}"
1202_0,0.38990426,0.414442,0.31898892,0.4848395,0.426844,0.8471363,0.8269626,0.2677275,0.2379714,0.9008662,0.29157394,0.17764471,0.9008662,0.46540844,0.17764471,0.24178067359838534,1,"{""type"":""MultiPoint"",""coordinates"":[]}"
1203_0,0.1598063,0.71153843,0.5714492,0.30133334,0.61402124,0.8232481,0.8310614,0.06576903,0.41234568,0.8157325,0.16992481,0.6937182,0.8310614,0.51416236,0.06576903,0.2695894842308026,1,"{""type"":""MultiPoint"",""coordinates"":[]}"
1204_0,0.1598063,0.71153843,0.5714492,0.30133334,0.61402124,0.8232481,0.8310614,0.06576903,0.41234568,0.8157325,0.16992481,0.6937182,0.8310614,0.51416236,0.06576903,0.2695894842308026,1,"{""type"":""MultiPoint"",""coordinates"":[]}"
1205_0,0.25553718,0.6345324,0.5726301,0.3577901,0.6328392,0.8360115,0.83756346,0.13270637,0.6296835,0.80667835,0.38756856,0.66858304,0.83756346,0.56267697,0.13270637,0.22127531197417474,1,"{""type"":""MultiPoint"",""coordinates"":[]}"
1206_0,0.4261954,0.43833017,0.36931887,0.66988534,0.49308026,0.52137434,0.64899683,0.48387095,0.5012185,0.7568775,0.566723,0.47599593,0.7568775,0.52932227,0.36931887,0.1075685669265133,1,"{""type"":""MultiPoint"",""coordinates"":[]}"
1207_0,0.47896525,0.47087255,0.40938273,0.69444716,0.58952147,0.6683087,0.69713795,0.59202385,0.6329165,0.78965604,0.6052986,0.5218536,0.78965604,0.59586537,0.40938273,0.10560796563010103,1,"{""type"":""MultiPoint"",""coordinates"":[]}"
1208_0,0.41990212,0.4598095,0.41346154,0.615215,0.6039894,0.67959374,0.7237091,0.40978593,0.5851908,0.6814276,0.49880922,0.49355432,0.7237091,0.548704,0.40978593,0.10870365982158155,1,"{""type"":""MultiPoint"",""coordinates"":[]}"
1209_0,0.3604278,0.33912155,0.28900623,0.46414864,0.24790874,0.34975737,0.78315264,0.6157068,0.10161021,-0.13430935,0.06352605,0.72288,0.78315264,0.35024473,-0.13430935,0.25867939483449914,1,"{""type"":""MultiPoint"",""coordinates"":[]}"
1210_0,0.3956386,0.3925187,0.30882,0.58783364,0.14881584,0.4006586,0.8486296,0.5782173,0.023794997,-0.12952732,0.07070707,0.7951165,0.8486296,0.3684353,-0.12952732,0.29073447349580844,1,"{""type"":""MultiPoint"",""coordinates"":[]}"
1211_0,0.44158992,0.36978132,0.3080326,0.57809985,0.23373838,0.34166053,0.82644844,0.57501984,0.15633883,-0.1164338,0.11963725,0.747154,0.82644844,0.3817556,-0.1164338,0.25941545935733296,1,"{""type"":""MultiPoint"",""coordinates"":[]}"
1212_0,0.7277982,0.5005816,0.43758044,0.48724106,0.35679373,0.8142767,0.8155127,0.47224835,0.41622883,0.7022274,0.46415094,0.42881003,0.8155127,0.55195415,0.35679373,0.15743345849037596,1,"{""type"":""MultiPoint"",""coordinates"":[]}"
1213_0,0.7163636,0.40028694,0.44941175,0.46251512,0.1476343,0.7750787,0.8516769,0.49162278,0.102713846,0.6083058,0.55526656,0.2442478,0.8516769,0.48376036,0.102713846,0.22714940539384842,1,"{""type"":""MultiPoint"",""coordinates"":[]}"
1214_0,0.7024501,0.46666667,0.37736195,0.37076536,0.16451614,0.8157701,0.80417496,0.4605364,0.1747927,0.70445526,0.47728965,0.36568695,0.8157701,0.49037218,0.16451614,0.21314782276623245,1,"{""type"":""MultiPoint"",""coordinates"":[]}"
1215_0,0.3233707,0.8136522,0.5456344,0.20164609,0.11418182,0.51496744,0.72141755,0.4664179,-0.032894738,0.8275279,0.7874348,0.49894044,0.8275279,0.48185804,-0.032894738,0.2723092634066398,1,"{""type"":""MultiPoint"",""coordinates"":[]}"
1216_0,0.26033235,0.7555054,0.57071924,0.25215784,0.1440088,0.48609272,0.68414634,0.49389568,0.06955871,0.8202039,0.7761114,0.5106638,0.8202039,0.48528302,0.06955871,0.2435130393518501,1,"{""type"":""MultiPoint"",""coordinates"":[]}"
1217_0,0.5136,0.60605127,0.47202337,0.36823934,0.39316493,0.51551795,0.47190645,0.51604784,0.57013845,0.59255564,0.5904301,0.402155,0.60605127,0.50098586,0.36823934,0.07826356958200888,1,"{""type"":""MultiPoint"",""coordinates"":[]}"
1218_0,0.80770826,0.7596879,0.4325149,0.3580402,0.8081412,0.8957983,0.8238342,0.47692308,0.5975379,0.7776333,0.4583489,0.70073247,0.8957983,0.65807503,0.3580402,0.17621175860000246,1,"{""type"":""MultiPoint"",""coordinates"":[]}"
1219_0,0.8225657,0.77199477,0.46377608,0.19532324,0.8218054,0.85893506,0.82628286,0.1477171,0.395043,0.7048721,0.17755572,0.6702041,0.85893506,0.5713396,0.1477171,0.26770364858516466,1,"{""type"":""MultiPoint"",""coordinates"":[]}"
1220_0,0.81335247,0.7718397,0.45680192,0.23642495,0.8447943,0.87834173,0.8250377,0.36940837,0.6099859,0.79922086,0.43872973,0.7110733,0.87834173,0.6462509,0.23642495,0.20845018646773364,1,"{""type"":""MultiPoint"",""coordinates"":[]}"
1221_0,0.63169295,0.42159814,0.4644013,0.6426316,0.66007906,0.5309697,0.7171346,0.559906,0.6407825,0.85954285,0.43334275,0.5794025,0.85954285,0.59512365,0.42159814,0.12030450495032682,1,"{""type"":""MultiPoint"",""coordinates"":[]}"
1222_0,0.7413303,0.8289115,0.536883,0.2377747,0.33299127,0.5929748,0.80574477,0.5567108,0.04204753,0.8218445,0.7797764,0.51118386,0.8289115,0.5656811,0.04204753,0.2431929743623604,1,"{""type"":""MultiPoint"",""coordinates"":[]}"
1223_0,0.7152639,0.8350368,0.5276013,0.21893732,0.23679727,0.5620667,0.79013115,0.59537846,0.041198503,0.8319483,0.7759131,0.4911338,0.8350368,0.55178386,0.041198503,0.2532231699378468,1,"{""type"":""MultiPoint"",""coordinates"":[]}"
1224_0,0.741078,0.69911027,0.27511147,0.22162722,0.2757475,0.7453432,0.8046775,0.7948835,0.12209517,0.64783084,0.7770626,0.7968793,0.8046775,0.57512057,0.12209517,0.25461518880903383,1,"{""type"":""MultiPoint"",""coordinates"":[]}"
1225_0,0.71460176,0.67932487,0.30641592,0.30130193,0.30301005,0.8127036,0.7002609,0.7333694,0.3211525,0.72579503,0.81360203,0.7929439,0.81360203,0.6003735,0.30130193,0.210664713984939,1,"{""type"":""MultiPoint"",""coordinates"":[]}"
1226_0,0.73972964,0.68421054,0.27989057,0.19123365,0.19826023,0.8045977,0.8198282,0.7437811,0.13819876,0.7087513,0.76309645,0.7849335,0.8198282,0.57137597,0.13819876,0.26528040617227294,1,"{""type"":""MultiPoint"",""coordinates"":[]}"
1227_0,0.6031028,0.7606887,0.50144595,0.19179837,0.16576965,0.6092333,0.75602734,0.7056428,0.22721268,0.052231718,0.45269743,0.7397303,0.7606887,0.48046508,0.052231718,0.24750389200065018,1,"{""type"":""MultiPoint"",""coordinates"":[]}"
1228_0,0.77722526,0.69682413,0.39422572,0.21509825,0.40574002,0.3593532,0.14931284,0.19521178,0.3050158,0.31627655,0.7156048,0.80547875,0.80547875,0.44461393,0.14931284,0.2286298025927402,1,"{""type"":""MultiPoint"",""coordinates"":[]}"
1229_0,0.7380551,0.76916337,0.6363636,0.5417957,0.6329086,0.7008197,0.5376623,0.6053139,0.31936508,0.30122593,0.74984896,0.7690483,0.76916337,0.6084642,0.30122593,0.1543107063827634,1,"{""type"":""MultiPoint"",""coordinates"":[]}"
1230_0,0.3065963,0.23406594,0.2713794,0.43687373,0.20585544,0.32297733,0.41127923,0.3555896,0.15841584,0.39727315,0.45549738,0.41780227,0.45549738,0.3311338,0.15841584,0.09342643438657991,1,"{""type"":""MultiPoint"",""coordinates"":[]}"
1231_0,0.30305532,0.24304268,0.2396,0.2127499,0.29983136,0.77536947,0.77416223,0.32477447,0.15625,0.724102,0.8315675,0.5537607,0.8315675,0.4531888,0.15625,0.24695096270459285,1,"{""type"":""MultiPoint"",""coordinates"":[]}"
1232_0,0.22644109,0.20334554,0.2135957,0.22929727,0.13835616,0.811748,0.82309127,0.28873572,0.12907268,0.7296137,0.7997275,0.46783325,0.82309127,0.42173815,0.12907268,0.274290184363851,1,"{""type"":""MultiPoint"",""coordinates"":[]}"
1233_0,0.774076,0.57150626,0.30516186,0.082004555,0.6922425,0.71927583,0.8243243,0.18285714,-0.1472754,-0.3372549,-0.12,0.43125293,0.8243243,0.33151427,-0.3372549,0.38211645620637946,1,"{""type"":""MultiPoint"",""coordinates"":[]}"
1234_0,0.7586981,0.7192009,0.23574145,0.28646955,0.70234007,0.75035065,0.80059594,0.27272728,0.10545999,0.51937985,0.3261767,0.1661157,0.80059594,0.47027135,0.10545999,0.2521828810579883,1,"{""type"":""MultiPoint"",""coordinates"":[]}"
1235_0,0.6110114,0.81040305,0.51046664,0.23539983,0.33216375,0.8037895,0.84519297,0.6905214,0.26092383,-0.44329897,0.10200669,0.23589955,0.84519297,0.41620663,-0.44329897,0.35888393728173656,1,"{""type"":""MultiPoint"",""coordinates"":[]}"
1236_0,0.55281603,0.59530795,0.49963567,0.63795364,0.5266327,0.32037777,0.60771704,0.5616638,0.3706401,0.8469235,0.79485804,0.5141593,0.8469235,0.5690571,0.32037777,0.1432620869179531,1,"{""type"":""MultiPoint"",""coordinates"":[]}"
1237_0,0.33049765,0.35237294,0.39361036,0.572744,0.23866113,0.24478042,0.3869969,0.6752556,0.24045321,0.875027,0.7782727,0.38277513,0.875027,0.45595393,0.23866113,0.20815879608106308,1,"{""type"":""MultiPoint"",""coordinates"":[]}"
1238_0,0.23997046,0.2853912,0.32697886,0.7538352,0.17101875,0.2835079,0.37669173,0.6434238,0.2486631,0.8858476,0.66003186,0.39329365,0.8858476,0.43905452,0.17101875,0.22423695802247326,1,"{""type"":""MultiPoint"",""coordinates"":[]}"
1239_0,0.5748484,0.6092026,0.42564103,0.7019527,0.42476925,0.6352509,0.73989457,0.39467418,0.79135686,0.86007804,0.62268996,0.7117117,0.86007804,0.62433916,0.39467418,0.142984247962022,1,"{""type"":""MultiPoint"",""coordinates"":[]}"
1240_0,0.48704103,0.41219008,0.4325466,0.6726533,0.29208517,0.38647747,0.47185546,0.28630707,0.6355775,0.87545127,0.6352313,0.264651,0.87545127,0.48767227,0.264651,0.177014192570068,1,"{""type"":""MultiPoint"",""coordinates"":[]}"
1241_0,0.47715443,0.3439262,0.34351873,0.6881157,0.27714562,0.47987616,0.5804227,0.25129265,0.7452859,0.896117,0.5355785,0.41021416,0.896117,0.5023873,0.25129265,0.1891824186085709,1,"{""type"":""MultiPoint"",""coordinates"":[]}"
1242_0,0.4967814,0.6452165,0.54624313,0.6652636,0.73651254,0.6915663,0.72913116,0.572807,0.37351993,0.54966885,0.72073203,0.7261346,0.73651254,0.6211314,0.37351993,0.10925363389606105,1,"{""type"":""MultiPoint"",""coordinates"":[]}"
1243_0,0.3458904,0.6130536,0.46792796,0.44663307,0.55494803,0.6891747,0.6884748,0.628208,0.4731554,0.26344827,0.45070422,0.6349163,0.6891747,0.5213779,0.26344827,0.13006394939978974,1,"{""type"":""MultiPoint"",""coordinates"":[]}"
1244_0,0.20727059,0.7038806,0.58744854,0.23772989,0.39714867,0.6923528,0.7592304,0.5467149,0.037873752,-0.09619238,0.14624506,0.8187809,0.8187809,0.41987363,-0.09619238,0.29430403024254914,1,"{""type"":""MultiPoint"",""coordinates"":[]}"
1245_0,0.28387877,0.28321677,0.24760176,0.34204274,0.5475323,0.86645037,0.74341506,0.20107238,0.19426472,0.67626613,0.2339693,0.53287613,0.86645037,0.4293822,0.19426472,0.22436336774738994,1,"{""type"":""MultiPoint"",""coordinates"":[]}"
1246_0,0.2416476,0.22894424,0.21302372,0.19162089,0.6665575,0.88428,0.7207579,0.17246485,0.29389554,0.66593164,0.20653987,0.5154004,0.88428,0.41675535,0.17246485,0.2453413370454695,1,"{""type"":""MultiPoint"",""coordinates"":[]}"
1247_0,0.41943482,0.433213,0.35638595,0.3014644,0.58833617,0.83363944,0.7528137,0.34425086,0.2779661,0.680402,0.3514592,0.55856204,0.83363944,0.49149397,0.2779661,0.17906082834232298,1,"{""type"":""MultiPoint"",""coordinates"":[]}"
1248_0,0.22714126,0.23739956,0.24228205,0.3157638,0.5232625,0.71155,0.71306896,0.551142,0.5726767,0.7102941,0.61437726,0.6414763,0.71306896,0.5050362,0.22714126,0.18694466021235548,1,"{""type"":""MultiPoint"",""coordinates"":[]}"
1249_0,0.37493905,0.49723756,0.3565845,0.49014622,0.6311386,0.8129273,0.7936321,0.18523878,0.3148206,0.57006973,0.6842681,0.122918315,0.8129273,0.48616007,0.122918315,0.21404364995853054,1,"{""type"":""MultiPoint"",""coordinates"":[]}"
1250_0,0.2430192,0.23666978,0.19089237,0.26416907,0.55233496,0.77447903,0.76232487,0.18739635,0.6173246,0.84213877,0.34113973,0.49461904,0.84213877,0.45887563,0.18739635,0.2357529980684096,1,"{""type"":""MultiPoint"",""coordinates"":[]}"
1251_0,0.78839284,0.7738318,0.34205776,0.25655377,0.39156368,0.78528225,0.79468775,0.20810896,0.28343558,0.5344578,0.8095238,0.7293696,0.8095238,0.55810547,0.20810896,0.23514882981458798,1,"{""type"":""MultiPoint"",""coordinates"":[]}"
1252_0,0.8034886,0.8157219,0.34724426,0.24488668,0.39401934,0.759543,0.80325246,0.17462273,0.20110701,0.68025655,0.8165665,0.690881,0.8165665,0.56096584,0.17462273,0.25339478933323123,1,"{""type"":""MultiPoint"",""coordinates"":[]}"
1253_0,0.71109873,0.75803185,0.3031609,0.12819402,0.6270903,0.7663786,0.78440243,0.10421639,0.14193387,0.6778656,0.42708334,0.5182898,0.78440243,0.4956455,0.10421639,0.25463023202670354,1,"{""type"":""MultiPoint"",""coordinates"":[]}"
1254_0,0.28410077,0.25296688,0.25599316,0.18705451,0.41657618,0.7344982,0.74634564,0.17998506,0.192,0.7878788,0.45962733,0.18123667,0.7878788,0.38985527,0.17998506,0.22831859822357883,1,"{""type"":""MultiPoint"",""coordinates"":[]}"
1255_0,0.45543584,0.543666,0.3769305,0.37821937,0.60267484,0.7844361,0.77030814,0.34230667,0.6480827,0.820507,0.41739896,0.5003183,0.820507,0.553357,0.34230667,0.16344253819518437,1,"{""type"":""MultiPoint"",""coordinates"":[]}"
1256_0,0.18285331,0.17501716,0.18466899,0.22407408,0.43437406,0.6008065,0.48385346,0.45772988,0.7728689,0.6931632,0.33277732,0.27000427,0.7728689,0.40101594,0.17501716,0.19860714059299298,1,"{""type"":""MultiPoint"",""coordinates"":[]}"
1257_0,0.3091386,0.24592973,0.21129099,0.19885018,0.11064935,0.31880492,0.10431325,0.22182254,0.56183743,0.78319865,0.07295374,0.75277233,0.78319865,0.3242968,0.07295374,0.23331462458992264,1,"{""type"":""MultiPoint"",""coordinates"":[]}"
1258_0,0.3602453,0.5185751,0.30428398,0.41941893,0.25070742,0.2821068,0.1133445,0.28016853,0.4537037,0.7983498,0.105390966,0.6868457,0.7983498,0.38109505,0.105390966,0.20088346134406632,1,"{""type"":""MultiPoint"",""coordinates"":[]}"
1259_0,0.31879544,0.5004897,0.35223407,0.49787235,0.28128588,0.21722415,0.23350254,0.46982908,0.7480168,0.8299595,0.56333333,0.36990765,0.8299595,0.44853753,0.21722415,0.185729192104738,1,"{""type"":""MultiPoint"",""coordinates"":[]}"
1260_0,0.33129856,0.38526914,0.34029347,0.33161953,0.39487725,0.47969544,0.4202756,0.4325782,0.4768595,0.41559792,0.38878387,0.31815386,0.47969544,0.39294186,0.31815386,0.052761376806025974,1,"{""type"":""MultiPoint"",""coordinates"":[]}"
1261_0,0.69404674,0.7521325,0.68638414,0.63465935,0.7760651,0.72555876,0.7592851,0.37622294,0.5676647,0.7400821,0.49325627,0.7194785,0.7760651,0.660403,0.37622294,0.11740954367662086,1,"{""type"":""MultiPoint"",""coordinates"":[]}"
1262_0,0.7450144,0.80160195,0.6903564,0.6887797,0.76072824,0.6818288,0.73493975,0.2007939,0.28096676,0.050847456,0.33497536,0.75707763,0.80160195,0.56065917,0.050847456,0.2529018502401486,1,"{""type"":""MultiPoint"",""coordinates"":[]}"
1263_0,0.3235999,0.44616607,0.43899852,0.36790526,0.26678023,0.7689441,0.7411141,0.7781706,0.25314182,0.099236645,0.33655173,0.6561151,0.7781706,0.45639366,0.099236645,0.21741700901541108,1,"{""type"":""MultiPoint"",""coordinates"":[]}"
1264_0,0.32966793,0.45725054,0.4369748,0.41200325,0.2552356,0.7433371,0.7236957,0.7499445,0.26725447,0.06828812,0.30080214,0.6489826,0.7499445,0.44945306,0.06828812,0.21329791101439838,1,"{""type"":""MultiPoint"",""coordinates"":[]}"
1265_0,0.24859002,0.3623431,0.4099128,0.3849355,0.19381045,0.6886369,0.65125,0.70742553,0.22167231,0.24105334,-0.08626506,0.4403101,0.70742553,0.37197292,-0.08626506,0.2224574561421768,1,"{""type"":""MultiPoint"",""coordinates"":[]}"
1266_0,0.4454563,0.6869221,0.51705885,0.23211169,0.7247397,0.78297,0.7718121,0.16966292,0.45586106,0.42608696,0.5291558,0.2386059,0.78297,0.49837026,0.16966292,0.2041467609619671,1,"{""type"":""MultiPoint"",""coordinates"":[]}"
1267_0,0.7663651,0.8178525,0.45479193,0.14446145,0.37346333,0.8121238,0.695959,0.10349854,0.19593221,0.50627613,0.75973153,0.47726026,0.8178525,0.50897634,0.10349854,0.25314445621090503,1,"{""type"":""MultiPoint"",""coordinates"":[]}"
1268_0,0.2848551,0.34282324,0.27206296,0.3001328,0.4935484,0.6819912,0.78611386,0.015235457,0.14561766,0.5586495,0.7733375,0.48152265,0.78611386,0.42799085,0.015235457,0.23359007520408506,1,"{""type"":""MultiPoint"",""coordinates"":[]}"
1269_0,0.25048262,0.24622545,0.22616407,0.17880794,0.23264065,0.81097156,0.7759237,0.47131148,0.20829016,-0.044025157,0.32615083,0.76797974,0.81097156,0.37091026,-0.044025157,0.2634825931129899,1,"{""type"":""MultiPoint"",""coordinates"":[]}"
1270_0,0.7583021,0.76264024,0.32026145,0.2722396,0.22103599,0.78265274,0.6824839,0.507262,0.18314177,-0.2337505,0.042301185,0.42976588,0.78265274,0.39402804,-0.2337505,0.3067839225936569,1,"{""type"":""MultiPoint"",""coordinates"":[]}"
1271_0,0.26066124,0.268099,0.27212277,0.4172615,0.70197225,0.85080314,0.8183603,0.3470226,0.77221745,0.7317732,0.28484848,0.73613054,0.85080314,0.5384394,0.26066124,0.23639369483767272,1,"{""type"":""MultiPoint"",""coordinates"":[]}"
1272_0,0.2507031,0.2487395,0.26364848,0.33271375,0.18640094,0.65821093,0.7505285,0.5932394,0.19736843,0.5535659,0.7723112,0.54464924,0.7723112,0.44600663,0.18640094,0.21204941637822375,1,"{""type"":""MultiPoint"",""coordinates"":[]}"
1273_0,0.40432304,0.4326052,0.40083763,0.59657085,0.51407486,0.7261333,0.8034111,0.48558247,0.395881,0.8158338,0.7343708,0.52975327,0.8158338,0.56994814,0.395881,0.15388025882239995,1,"{""type"":""MultiPoint"",""coordinates"":[]}"
1274_0,0.3902515,0.37780774,0.34200743,0.3680494,0.2479436,0.7617605,0.8420039,0.25406107,0.34137514,0.45521563,0.67927927,0.2929048,0.8420039,0.446055,0.2479436,0.19281426082042272,1,"{""type"":""MultiPoint"",""coordinates"":[]}"
1275_0,0.5091439,0.39352098,0.39858305,0.4619003,0.43862662,0.6261908,0.8525122,0.75250834,0.35844472,0.6865611,0.8015343,0.6789929,0.8525122,0.5798766,0.35844472,0.16636194522384012,1,"{""type"":""MultiPoint"",""coordinates"":[]}"
1276_0,0.36091453,0.3133501,0.25988838,0.3330325,0.21046373,0.43052515,0.6594949,0.61481845,0.20963542,0.39779875,0.6246787,0.4855524,0.6594949,0.4083461,0.20963542,0.15184956047166373,1,"{""type"":""MultiPoint"",""coordinates"":[]}"
1277_0,0.49214998,0.36792916,0.30985916,0.4059314,0.25773194,0.68544465,0.8766756,0.79027426,-0.018510157,0.74137044,0.84279895,0.65504587,0.8766756,0.5338918,-0.018510157,0.2640411782669054,1,"{""type"":""MultiPoint"",""coordinates"":[]}"
1278_0,0.7032874,0.7964805,0.33942804,0.27373612,0.6085627,0.7814064,0.83458316,0.101732284,0.11156445,0.3770723,0.7234694,0.48779804,0.83458316,0.5115934,0.101732284,0.2553121596819581,1,"{""type"":""MultiPoint"",""coordinates"":[]}"
1279_0,0.33212176,0.33738318,0.33517873,0.36792728,0.39148495,0.74081844,0.8143522,0.81626433,0.26404676,0.37414965,0.45084745,0.47931033,0.81626433,0.47532377,0.26404676,0.19037142437958376,1,"{""type"":""MultiPoint"",""coordinates"":[]}"
1280_0,0.2684792,0.23415378,0.21409921,0.30707112,0.20100084,0.7406028,0.78700745,0.7850575,0.23458591,0.039215688,0.23131673,0.58271605,0.78700745,0.3854422,0.039215688,0.2514086483508932,1,"{""type"":""MultiPoint"",""coordinates"":[]}"
1281_0,0.24447717,0.2536214,0.21761537,0.24042198,0.4533977,0.41954023,0.4008132,0.48142907,0.2564284,0.8785114,0.3860532,0.16224189,0.8785114,0.36621258,0.16224189,0.18412363520730038,1,"{""type"":""MultiPoint"",""coordinates"":[]}"
1282_0,0.3024144,0.2733686,0.2522864,0.26344505,0.53797966,0.5313464,0.46820387,0.40819764,0.5444984,0.89445436,0.5209604,0.26259235,0.89445436,0.4383123,0.2522864,0.17988363397416987,1,"{""type"":""MultiPoint"",""coordinates"":[]}"
1283_0,0.25428486,0.23667711,0.21529968,0.2741626,0.47323245,0.48708922,0.41722032,0.4611825,0.4688488,0.8976487,0.55813736,0.19668426,0.8976487,0.41170564,0.19668426,0.1897232003691821,1,"{""type"":""MultiPoint"",""coordinates"":[]}"
1284_0,0.5618513,0.5431771,0.44854093,0.64731795,0.776146,0.7416646,0.4809441,0.81754386,0.29137173,0.8230227,0.76255596,0.7238332,0.8230227,0.6348308,0.29137173,0.16192856931503344,1,"{""type"":""MultiPoint"",""coordinates"":[]}"
1285_0,0.48010075,0.51831645,0.39747635,0.41568258,0.67356324,0.6569162,0.43114755,0.7061821,0.27341452,0.75503355,0.7255102,0.60623586,0.75503355,0.5532983,0.27341452,0.1485446465529626,1,"{""type"":""MultiPoint"",""coordinates"":[]}"
1286_0,0.43056595,0.36066425,0.293726,0.38061088,0.49917004,0.46105146,0.40611947,0.67246723,0.30495524,0.7544296,0.64190865,0.6286428,0.7544296,0.4861926,0.293726,0.14671134601480046,1,"{""type"":""MultiPoint"",""coordinates"":[]}"
1287_0,0.20930232,0.20173442,0.1978022,0.33293977,0.6804798,0.8180962,0.8107912,0.61223006,0.065569416,0.7737705,0.83773404,0.71079034,0.83773404,0.52093667,0.065569416,0.2817448559362151,1,"{""type"":""MultiPoint"",""coordinates"":[]}"
1288_0,0.2069039,0.20648605,0.19666463,0.39496782,0.7327524,0.89086497,0.8286223,0.55973345,0.11338231,0.8472095,0.8356371,0.6937403,0.89086497,0.54224706,0.11338231,0.2875771148119994,1,"{""type"":""MultiPoint"",""coordinates"":[]}"
1289_0,0.20958845,0.20041408,0.19581404,0.3067973,0.7119078,0.8800676,0.8303985,0.57363635,0.17273432,0.8338915,0.8020913,0.646082,0.8800676,0.5302853,0.17273432,0.2780988767403054,1,"{""type"":""MultiPoint"",""coordinates"":[]}"
1290_0,0.6573939,0.7052349,0.459638,0.337751,0.39579746,0.6106513,0.6681343,0.7171618,0.22981367,0.097477846,0.22426265,0.24581224,0.7171618,0.44576076,0.097477846,0.21089941776380022,1,"{""type"":""MultiPoint"",""coordinates"":[]}"
1291_0,0.73431736,0.740458,0.4041027,0.19753821,0.09202454,0.6311213,0.7783964,0.7616823,0.20886075,-0.67942584,-0.13864307,0.15309446,0.7783964,0.32362726,-0.67942584,0.4256123715567208,1,"{""type"":""MultiPoint"",""coordinates"":[]}"
1292_0,0.7127815,0.71428573,0.28840438,0.21508588,0.49802545,0.8077462,0.8033816,0.1672269,0.107622534,0.2096436,0.54403025,0.16554055,0.8077462,0.43614787,0.107622534,0.2610518220267515,1,"{""type"":""MultiPoint"",""coordinates"":[]}"
1293_0,0.33623505,0.25448376,0.24601525,0.476259,0.3768801,0.7429959,0.8407871,0.6821491,0.23206507,0.36674568,0.8396323,0.54404145,0.8407871,0.4948575,0.23206507,0.22026631412465286,1,"{""type"":""MultiPoint"",""coordinates"":[]}"
1294_0,0.3336152,0.23411065,0.21875,0.34359437,0.333894,0.6861024,0.83373845,0.6770428,0.20504385,0.31196582,0.82721156,0.5461071,0.83373845,0.46259803,0.20504385,0.22760684400082828,1,"{""type"":""MultiPoint"",""coordinates"":[]}"
1295_0,0.6548507,0.45698014,0.28638253,0.31390592,0.52846974,0.51827693,0.41834453,0.68409157,0.53585654,0.21680672,0.8136956,0.7519175,0.8136956,0.5149649,0.21680672,0.17992101829963034,1,"{""type"":""MultiPoint"",""coordinates"":[]}"
1296_0,0.56777585,0.55523676,0.46379393,0.5889546,0.65641165,0.5138816,0.52658373,0.6326746,0.6686016,0.74481547,0.6945659,0.6567963,0.74481547,0.605841,0.46379393,0.07969174224224365,1,"{""type"":""MultiPoint"",""coordinates"":[]}"
1297_0,0.59593976,0.62214535,0.51153326,0.63759565,0.7138493,0.5794974,0.6183088,0.66557705,0.7075175,0.8069321,0.71393865,0.704501,0.8069321,0.65644467,0.51153326,0.07517517990317282,1,"{""type"":""MultiPoint"",""coordinates"":[]}"
1298_0,0.6155068,0.6113552,0.51099306,0.6438491,0.7283582,0.52105397,0.5361345,0.631711,0.72697115,0.7996357,0.750795,0.7272424,0.7996357,0.6503005,0.51099306,0.09244423659863135,1,"{""type"":""MultiPoint"",""coordinates"":[]}"
1299_0,0.5109961,0.58648646,0.42034644,0.26481012,0.33731133,0.6093469,0.6780459,0.67618155,0.23599523,0.13725491,0.18098415,0.53270143,0.6780459,0.43087173,0.13725491,0.18645884575876326,1,"{""type"":""MultiPoint"",""coordinates"":[]}"
1300_0,0.6864407,0.7150917,0.44289997,0.09979123,0.3551331,0.8053761,0.78125,0.4975344,0.020506635,-0.040462427,0.13985094,0.67917204,0.8053761,0.43188202,-0.040462427,0.2980413096514793,1,"{""type"":""MultiPoint"",""coordinates"":[]}"
1301_0,0.464312,0.4544077,0.36674315,0.56404865,0.2834617,0.5,0.6525853,0.7608446,0.277119,0.12562814,0.6194797,0.7202025,0.7608446,0.4824027,0.12562814,0.18536040033723464,1,"{""type"":""MultiPoint"",""coordinates"":[]}"
1302_0,0.7154471,0.6735695,0.5324927,0.3722991,0.7567917,0.78142977,0.7899019,0.6199756,0.5452689,0.717873,0.7825556,0.6485476,0.7899019,0.661346,0.3722991,0.12128495645743123,1,"{""type"":""MultiPoint"",""coordinates"":[]}"
1303_0,0.6507364,0.619019,0.37760687,0.3992674,0.6526681,0.71245056,0.78408194,0.40914786,0.46624053,0.7868339,0.68705237,0.41394472,0.7868339,0.5799208,0.37760687,0.14960309528529409,1,"{""type"":""MultiPoint"",""coordinates"":[]}"
1304_0,0.7935018,0.75144786,0.2800983,0.192141,0.74120015,0.79621196,0.8540899,0.16672349,0.24394017,0.24868652,0.6922501,0.6083551,0.8540899,0.53072053,0.16672349,0.2647288237751945,1,"{""type"":""MultiPoint"",""coordinates"":[]}"
1305_0,0.2884557,0.24713585,0.46513158,0.6637296,0.39247614,0.6155679,0.7316017,0.6166809,0.26390293,0.8590108,0.60184026,0.31700554,0.8590108,0.5052116,0.24713585,0.19515990363595215,1,"{""type"":""MultiPoint"",""coordinates"":[]}"
1306_0,0.5760499,0.64599776,0.2686894,0.4048291,0.25869218,0.6431951,0.6798796,0.27980867,0.104054056,0.7653859,0.67011404,0.40505466,0.7653859,0.47514588,0.104054056,0.20554394457278197,1,"{""type"":""MultiPoint"",""coordinates"":[]}"
1307_0,0.2295345,0.58615136,0.51333606,0.25410149,0.65881395,0.7429675,0.7605257,0.09944985,0.5958936,0.88412124,0.7278978,0.12605043,0.88412124,0.5149036,0.09944985,0.2581410575675751,1,"{""type"":""MultiPoint"",""coordinates"":[]}"
1308_0,0.31416216,0.34189767,0.21136273,0.29220068,0.19824754,0.7620204,0.6339133,0.3473645,0.3852941,0.787515,0.78148246,0.4308779,0.787515,0.45719486,0.19824754,0.21307448885913388,1,"{""type"":""MultiPoint"",""coordinates"":[]}"
1309_0,0.23566379,0.19418405,0.12617771,0.27035177,0.120667525,0.6899696,0.7532101,0.5148683,0.008928572,0.08619718,0.8124802,0.8243848,0.8243848,0.38642365,0.008928572,0.29730100784616575,1,"{""type"":""MultiPoint"",""coordinates"":[]}"
1310_0,0.65857697,0.7911087,0.3076326,0.25432616,0.1922802,0.5422838,0.6662741,0.16228071,0.21625409,-0.17177097,0.3532567,0.7107406,0.7911087,0.3902703,-0.17177097,0.27366013922293225,1,"{""type"":""MultiPoint"",""coordinates"":[]}"
1311_0,0.22617207,0.20809793,0.18215464,0.047357164,0.20550638,0.7799825,0.8265802,-0.016722407,0.48371723,0.83434653,0.4964438,0.3020528,0.83434653,0.3813074,-0.016722407,0.28680225515427116,1,"{""type"":""MultiPoint"",""coordinates"":[]}"
1312_0,0.77369887,0.842118,0.26528576,0.34555355,0.5761448,0.87808245,0.8664223,-0.13850063,0.2778139,0.92994744,0.6540605,0.14959203,0.92994744,0.53501827,-0.13850063,0.33261835079179414,1,"{""type"":""MultiPoint"",""coordinates"":[]}"
1313_0,0.22682615,0.21127947,0.20109151,0.1248066,0.7283046,0.8508735,0.8047123,0.09592641,0.5981693,0.85476005,0.34759358,0.24777888,0.85476005,0.4410102,0.09592641,0.2886805737271496,1,"{""type"":""MultiPoint"",""coordinates"":[]}"
1314_0,0.60738784,0.3772386,0.32383722,0.56765586,0.627466,0.5135135,0.36537236,0.6909354,0.7353399,0.20729123,0.29261363,0.26802456,0.7353399,0.46472302,0.20729123,0.17228264261868234,1,"{""type"":""MultiPoint"",""coordinates"":[]}"
1315_0,0.64061725,0.32603523,0.19349797,0.20598389,0.16690043,0.622142,0.72294605,0.6221034,0.26126125,0.14634146,0.04381779,0.57473135,0.72294605,0.37719816,0.04381779,0.23016445761550042,1,"{""type"":""MultiPoint"",""coordinates"":[]}"
1316_0,0.72317594,0.776028,0.5167677,0.085647546,0.2503265,0.7444701,0.7524807,0.7414262,0.17207207,0.13100848,0.6701903,0.80655825,0.80655825,0.530846,0.085647546,0.2734532526439869,1,"{""type"":""MultiPoint"",""coordinates"":[]}"
1317_0,0.17094222,0.15188584,0.11164814,0.17301324,0.16178241,0.14667232,0.21242236,0.20622896,0.25394547,0.20691223,0.20921986,0.19516167,0.25394547,0.18331955,0.11164814,0.03642191258461743,1,"{""type"":""MultiPoint"",""coordinates"":[]}"
1318_0,0.30440617,0.35738176,0.26517823,0.42675966,0.678762,0.25151885,0.6234214,0.8317968,0.39016533,-0.1280077,0.30613694,0.8084034,0.8317968,0.4263269,-0.1280077,0.2601511015860069,1,"{""type"":""MultiPoint"",""coordinates"":[]}"
1319_0,0.31217647,0.2951624,0.2673723,0.32444063,0.2776452,0.6710508,0.78557926,0.70997256,0.23184714,0.044630405,0.26086956,0.70456004,0.78557926,0.4071089,0.044630405,0.23116865999235675,1,"{""type"":""MultiPoint"",""coordinates"":[]}"
1320_0,0.54113626,0.5229867,0.43571058,0.6122498,0.7213689,0.8059498,0.8283166,0.65876776,0.63307774,0.86318004,0.7548524,0.6761964,0.86318004,0.67114943,0.43571058,0.12538642173419168,1,"{""type"":""MultiPoint"",""coordinates"":[]}"
1321_0,0.26623094,0.2556158,0.26690662,0.13076924,0.5805202,0.8511643,0.87678903,0.5051546,0.0650696,0.8883345,0.72824347,0.15816768,0.8883345,0.46441382,0.0650696,0.29868433658299964,1,"{""type"":""MultiPoint"",""coordinates"":[]}"
1322_0,0.46471035,0.490532,0.48505646,0.2720633,0.578022,0.8300122,0.8465074,0.5390591,0.24640556,0.84230673,0.72435236,0.3764486,0.8465074,0.55795634,0.24640556,0.20348579091164284,1,"{""type"":""MultiPoint"",""coordinates"":[]}"
1323_0,0.73752946,0.7897446,0.64501804,0.63680726,0.6488718,0.5263158,0.78568697,0.29005235,0.7139923,0.8058324,0.48347944,0.6998854,0.8058324,0.6469346,0.29005235,0.14409047859932772,1,"{""type"":""MultiPoint"",""coordinates"":[]}"
1324_0,0.7837181,0.66967607,0.30442557,0.21708927,0.3478582,0.28819025,0.25192013,0.43255815,0.1846722,0.8887468,0.7790554,0.2626016,0.8887468,0.45087597,0.1846722,0.24452400792425533,1,"{""type"":""MultiPoint"",""coordinates"":[]}"
1325_0,0.6912166,0.5385451,0.24443494,0.19942197,0.34855768,0.2924791,0.2991386,0.2981988,0.21054173,0.8784572,0.7577197,0.27122334,0.8784572,0.41916123,0.19942197,0.22511740424352872,1,"{""type"":""MultiPoint"",""coordinates"":[]}"
1326_0,0.2828439,0.37985173,0.33450472,0.33114755,0.18759423,0.8229058,0.7486911,0.6173913,0.217211,0.58108485,0.7989031,0.36417156,0.8229058,0.47219172,0.18759423,0.21985656703086873,1,"{""type"":""MultiPoint"",""coordinates"":[]}"
1327_0,0.24050634,0.23109946,0.21348314,0.176541,0.15722011,0.82348377,0.82168186,0.62655604,0.18461917,0.53296304,0.7944325,0.43518022,0.82348377,0.43648055,0.15722011,0.25997190440913803,1,"{""type"":""MultiPoint"",""coordinates"":[]}"
1328_0,0.23380281,0.23980816,0.20116054,0.17160493,0.38843384,0.8218117,0.8337544,0.625498,0.1683063,0.52437305,0.8201815,0.2980819,0.8337544,0.44390142,0.1683063,0.25739040569429683,1,"{""type"":""MultiPoint"",""coordinates"":[]}"
1329_0,0.66619277,0.60777956,0.4560185,0.23472552,0.43217197,0.6617529,0.5404916,0.13505948,0.4417178,0.6337862,0.54143465,0.2837317,0.66619277,0.4695719,0.13505948,0.16728247438882965,1,"{""type"":""MultiPoint"",""coordinates"":[]}"
1330_0,0.5081712,0.6384266,0.4549035,0.2521452,0.6274451,0.7133638,0.71339864,0.3416149,0.4893097,0.7040359,0.7312014,0.3952934,0.7312014,0.54744244,0.2521452,0.1565882599136153,1,"{""type"":""MultiPoint"",""coordinates"":[]}"
1331_0,0.7117566,0.761596,0.45747802,0.20449248,0.52191895,0.8139652,0.69635516,0.13453741,0.5310966,0.84498096,0.65936315,0.3597942,0.84498096,0.5581112,0.13453741,0.22325044585442336,1,"{""type"":""MultiPoint"",""coordinates"":[]}"
1332_0,0.5908897,0.4602804,0.32080466,0.48288494,0.52643895,0.47659788,0.098626405,0.7457872,0.4089609,0.48943788,0.45010707,0.6619718,0.7457872,0.47606564,0.098626405,0.15685738543527936,1,"{""type"":""MultiPoint"",""coordinates"":[]}"
1333_0,0.65843403,0.5020678,0.3420326,0.30766046,0.57434154,0.57036346,0.35023677,0.78315634,0.44401544,0.19715303,0.5787659,0.6914498,0.78315634,0.49997312,0.19715303,0.16779096362432697,1,"{""type"":""MultiPoint"",""coordinates"":[]}"
1334_0,0.681374,0.43148425,0.27867204,0.2668685,0.5640291,0.6055236,0.21945004,0.75673276,0.43715486,-0.13548388,0.31320414,0.6993373,0.75673276,0.4265289,-0.13548388,0.24468065893103202,1,"{""type"":""MultiPoint"",""coordinates"":[]}"
1335_0,0.5531697,0.48671678,0.37985685,0.4988774,0.64079505,0.4948215,0.5420376,0.5687204,0.5625958,0.6736111,0.6948212,0.5287391,0.6948212,0.5520635,0.37985685,0.08371168740694507,1,"{""type"":""MultiPoint"",""coordinates"":[]}"
1336_0,0.5586854,0.39101413,0.314372,0.44324443,0.5708502,0.42045036,0.407443,0.467093,0.4384303,0.6323185,0.4775026,0.664,0.664,0.482117,0.314372,0.09952467972569307,1,"{""type"":""MultiPoint"",""coordinates"":[]}"
1337_0,0.5471698,0.3896343,0.3190416,0.4199955,0.5241879,0.35644275,0.4757946,0.46081814,0.47087377,0.7018568,0.5602468,0.72,0.72,0.49550515,0.3190416,0.11911088099243855,1,"{""type"":""MultiPoint"",""coordinates"":[]}"
1338_0,0.5887598,0.4611825,0.39138407,0.6142007,0.56808686,0.6826677,0.7528443,0.3542704,0.6007243,0.86582094,0.7907028,0.556044,0.86582094,0.602224,0.3542704,0.14821643189938397,1,"{""type"":""MultiPoint"",""coordinates"":[]}"
1339_0,0.5489599,0.3158416,0.3472573,0.5807519,0.4552333,0.6593036,0.7338262,0.19469406,0.34933606,0.88077694,0.80283403,0.35480723,0.88077694,0.51863515,0.19469406,0.2077144666885317,1,"{""type"":""MultiPoint"",""coordinates"":[]}"
1340_0,0.54412895,0.24252817,0.24653618,0.3713273,0.22480045,0.3585034,0.38276836,0.15569678,0.1619256,0.89403343,0.8069465,0.2567015,0.89403343,0.38715804,0.15569678,0.23224466466346136,1,"{""type"":""MultiPoint"",""coordinates"":[]}"
1341_0,0.561847,0.6920103,0.37783712,0.14700544,0.7538372,0.8202607,0.78468317,0.147929,0.14763948,0.36585367,0.15959597,0.1126177,0.8202607,0.42259306,0.1126177,0.2720924769877147,1,"{""type"":""MultiPoint"",""coordinates"":[]}"
1342_0,0.29301843,0.34257427,0.31536782,0.11647652,0.5887675,0.73155874,0.81048095,0.11675741,0.5362802,0.80318093,0.5519509,0.1454006,0.81048095,0.44598454,0.11647652,0.24836775578559908,1,"{""type"":""MultiPoint"",""coordinates"":[]}"
1343_0,0.44890696,0.36289886,0.29821348,0.2792613,0.55576295,0.83873016,0.85497785,0.6591996,0.09415042,-0.4830918,0.05794702,0.3870293,0.85497785,0.36283216,-0.4830918,0.35280169451701954,1,"{""type"":""MultiPoint"",""coordinates"":[]}"
1344_0,0.7103708,0.42811158,0.41935483,0.656,0.45474553,0.6926927,0.78254783,0.7860308,0.05557656,0.23649907,0.439441,0.25280198,0.7860308,0.4928477,0.05557656,0.22586760665904757,1,"{""type"":""MultiPoint"",""coordinates"":[]}"
1345_0,0.6508336,0.2655642,0.29519564,0.41233057,0.16182849,0.42580444,0.546472,0.76105464,-0.026402641,0.22770303,0.18477662,0.15559158,0.76105464,0.338396,-0.026402641,0.21858521490418234,1,"{""type"":""MultiPoint"",""coordinates"":[]}"
1346_0,0.6508336,0.2655642,0.29519564,0.41233057,0.16182849,0.42580444,0.546472,0.76105464,-0.026402641,0.22770303,0.18477662,0.15559158,0.76105464,0.338396,-0.026402641,0.21858521490418234,1,"{""type"":""MultiPoint"",""coordinates"":[]}"
1347_0,0.60620326,0.4648539,0.38588175,0.569366,0.4563046,0.72673625,0.72281665,0.3893303,0.20055518,0.77364504,0.35578853,0.38512275,0.77364504,0.5030503,0.20055518,0.1693107441092493,1,"{""type"":""MultiPoint"",""coordinates"":[]}"
1348_0,0.7238272,0.48722574,0.28871328,0.44750845,0.45056662,0.8392394,0.8909091,0.045925926,0.076612905,0.86193293,0.6057269,0.16053979,0.8909091,0.489894,0.045925926,0.2900599627606821,1,"{""type"":""MultiPoint"",""coordinates"":[]}"
1349_0,0.6453901,0.34290755,0.40835685,0.5450948,0.4555029,0.65955174,0.65309566,0.6143543,-0.014120667,0.35249043,0.78780556,0.80491805,0.80491805,0.5212789,-0.014120667,0.21921316091218382,1,"{""type"":""MultiPoint"",""coordinates"":[]}"
1350_0,0.6741214,0.28250742,0.2394775,0.1429969,0.808,0.8382678,0.8131351,0.1090379,0.82053024,0.858629,0.49618322,0.33366093,0.858629,0.53471226,0.1090379,0.285440715722895,1,"{""type"":""MultiPoint"",""coordinates"":[]}"
1351_0,0.69827133,0.2691983,0.23146613,0.11908423,0.81403095,0.8584642,0.8187968,0.04575961,0.85796314,0.880597,0.537973,0.26864943,0.880597,0.5333545,0.04575961,0.31084191768521446,1,"{""type"":""MultiPoint"",""coordinates"":[]}"
1352_0,0.6807195,0.667263,0.40809968,0.5618115,0.7184845,0.8003436,0.7442649,0.60799587,0.7800388,0.80498147,0.48188406,0.68849427,0.80498147,0.66203177,0.40809968,0.12055951528021307,1,"{""type"":""MultiPoint"",""coordinates"":[]}"
1353_0,0.3933596,0.28954765,0.25728613,0.72430843,0.7440178,0.60754544,0.25411335,0.5290226,0.7419885,0.7324042,0.20811594,0.09850204,0.7440178,0.46501765,0.09850204,0.23122531949416356,1,"{""type"":""MultiPoint"",""coordinates"":[]}"
1354_0,0.35497168,0.27045235,0.23847964,0.6848809,0.76407504,0.6581197,0.17732793,0.49545598,0.68790394,0.7793834,0.34922862,0.14257717,0.7793834,0.4669047,0.14257717,0.22837780578887099,1,"{""type"":""MultiPoint"",""coordinates"":[]}"
1355_0,0.3525641,0.27832898,0.23517242,0.6468758,0.6570645,0.54126847,0.15872058,0.381335,0.6892169,0.7195234,0.21621622,0.104403764,0.7195234,0.4150575,0.104403764,0.2148540850484434,1,"{""type"":""MultiPoint"",""coordinates"":[]}"
1356_0,0.5852535,0.78346664,0.5408394,0.29703587,0.58339405,0.8172542,0.8123636,0.055732485,0.5866935,0.68227166,0.65020823,0.3718717,0.8172542,0.5638654,0.055732485,0.21675751851443914,1,"{""type"":""MultiPoint"",""coordinates"":[]}"
1357_0,0.5151318,0.80316436,0.5683131,0.28700203,0.66224915,0.8170115,0.87104505,-0.07598372,0.0952381,0.3133858,0.6038813,0.16947536,0.87104505,0.46915948,-0.07598372,0.295198583753426,1,"{""type"":""MultiPoint"",""coordinates"":[]}"
1358_0,0.3717085,0.4140056,0.43724206,0.70096165,0.7069738,0.67479676,0.76593566,0.7328889,0.7472924,0.8422857,0.75404394,0.5410226,0.8422857,0.6407631,0.3717085,0.15091169352368894,1,"{""type"":""MultiPoint"",""coordinates"":[]}"
1359_0,0.23887028,0.23591387,0.22470942,0.29581097,0.14140902,0.8175329,0.8838273,0.556903,0.024189012,0.81733745,0.7806072,0.5684258,0.8838273,0.46546134,0.024189012,0.29319944001835246,1,"{""type"":""MultiPoint"",""coordinates"":[]}"
1360_0,0.3100233,0.3116279,0.35820264,0.5492873,0.39967158,0.8251009,0.76496947,0.21603261,0.02121539,0.74869657,0.75626534,0.34235588,0.8251009,0.46695408,0.02121539,0.24651191248734303,1,"{""type"":""MultiPoint"",""coordinates"":[]}"
1361_0,0.43726456,0.4422222,0.3892898,0.57206374,0.74361426,0.81408453,0.8283485,0.6667446,0.49567795,0.862361,0.70489913,0.75614554,0.862361,0.6427263,0.3892898,0.16145334226406208,1,"{""type"":""MultiPoint"",""coordinates"":[]}"
1362_0,0.6012158,0.5299428,0.35581332,0.5528596,0.7058005,0.51075536,0.5220645,0.48902822,0.6810658,0.8663499,0.79904306,0.64509,0.8663499,0.6049191,0.35581332,0.1363759045545682,1,"{""type"":""MultiPoint"",""coordinates"":[]}"
1363_0,0.7538244,0.62147653,0.3832762,0.18736704,0.56573707,0.47028422,0.4337979,0.2988786,0.0034877928,0.567503,0.81653357,0.7028736,0.81653357,0.48375332,0.0034877928,0.229101300725423,1,"{""type"":""MultiPoint"",""coordinates"":[]}"
1364_0,0.7407407,0.52937704,0.29284817,0.41959488,0.64995605,0.40496656,0.355617,0.5069851,0.39948454,0.90746933,0.79210925,0.58096826,0.90746933,0.54834306,0.29284817,0.18270719880215536,1,"{""type"":""MultiPoint"",""coordinates"":[]}"
1365_0,0.3045822,0.26976365,0.2905028,0.26856208,0.38145417,0.40328822,0.44165215,0.2413442,0.55141276,0.6814114,0.37478212,0.33292904,0.6814114,0.37847373,0.2413442,0.12392371510960785,1,"{""type"":""MultiPoint"",""coordinates"":[]}"
1366_0,0.36269268,0.15641262,0.12292538,0.10903967,0.7650224,0.8704137,0.82502586,0.053872053,0.7044374,0.8610178,0.66203207,0.13952553,0.8704137,0.4693681,0.053872053,0.3241811502238046,1,"{""type"":""MultiPoint"",""coordinates"":[]}"
1367_0,0.32092142,0.13966818,0.12755238,0.09910659,0.6941637,0.8739325,0.82229817,0.036371417,0.6714771,0.85580695,0.673743,0.15756136,0.8739325,0.45605022,0.036371417,0.32119157924404124,1,"{""type"":""MultiPoint"",""coordinates"":[]}"
1368_0,0.6620474,0.6576808,0.5391883,0.54877925,0.28970885,0.2567783,0.69189787,0.29190016,0.22430511,0.11654861,0.60877895,0.6263036,0.69189787,0.4594931,0.11654861,0.1978395012695694,1,"{""type"":""MultiPoint"",""coordinates"":[]}"
1369_0,0.25649965,0.2530076,0.23900573,0.3753703,0.22013307,0.26494408,0.33444443,0.1627907,0.33024693,0.7662936,0.7362956,0.16919295,0.7662936,0.34235206,0.1627907,0.19265828520523362,1,"{""type"":""MultiPoint"",""coordinates"":[]}"
1370_0,0.3121319,0.33444443,0.3305315,0.47929275,0.51741874,0.29059917,0.43712574,0.24512699,0.097250715,0.5563541,0.40777177,0.48426813,0.5563541,0.37435967,0.097250715,0.12570711895195444,1,"{""type"":""MultiPoint"",""coordinates"":[]}"
1371_0,0.73368454,0.77248985,0.49879885,0.4458673,0.21431476,0.3243243,0.3701262,0.6544055,0.5167131,0.7949452,0.6439842,0.57829356,0.7949452,0.5456623,0.21431476,0.17656207793649537,1,"{""type"":""MultiPoint"",""coordinates"":[]}"
1372_0,0.7815085,0.7730078,0.4193706,0.37157854,0.16852334,0.31576228,0.35670102,0.49500713,0.47878268,0.6295421,0.593586,0.61245465,0.7815085,0.49965206,0.16852334,0.17790155661911794,1,"{""type"":""MultiPoint"",""coordinates"":[]}"
1373_0,0.79770005,0.786099,0.3675134,0.2751628,0.11044478,0.29589182,0.33754864,0.43144774,0.39774486,0.6810649,0.6948625,0.5628479,0.79770005,0.47819403,0.11044478,0.21263066206357725,1,"{""type"":""MultiPoint"",""coordinates"":[]}"
1374_0,0.4708697,0.32319894,0.32100397,0.42870244,0.38380653,0.42507923,0.6508539,0.60209423,0.35159817,0.5490123,0.5751223,0.61099136,0.6508539,0.4743611,0.32100397,0.11402623894085748,1,"{""type"":""MultiPoint"",""coordinates"":[]}"
1375_0,0.44768348,0.38504156,0.29834843,0.39228138,0.39680335,0.6020466,0.387478,0.71061397,0.26059693,0.266766,0.5471342,0.33099416,0.71061397,0.41881567,0.26059693,0.13219538490065813,1,"{""type"":""MultiPoint"",""coordinates"":[]}"
1376_0,0.5984871,0.5775701,0.36997116,0.53352994,0.43505552,0.37988827,0.31476596,0.43403047,0.467395,0.57122135,0.61893386,0.49899107,0.61893386,0.48331997,0.31476596,0.09486832428243239,1,"{""type"":""MultiPoint"",""coordinates"":[]}"
1377_0,0.7023384,0.35356456,0.3334897,0.571411,0.7464115,0.87137914,0.839153,0.30983514,0.48404256,0.51505935,0.73516554,0.22906575,0.87137914,0.5575763,0.22906575,0.21103852882475424,1,"{""type"":""MultiPoint"",""coordinates"":[]}"
1378_0,0.6881173,0.33997014,0.26752037,0.41676033,0.6900971,0.8622449,0.82844466,0.16102198,0.58298755,0.49686253,0.6343925,0.31489015,0.8622449,0.5236091,0.16102198,0.21691946628177056,1,"{""type"":""MultiPoint"",""coordinates"":[]}"
1379_0,0.4585124,0.51341116,0.47237936,0.6590164,0.556196,0.6201816,0.5937309,0.7479255,0.7424084,0.39300805,0.5942811,0.6071335,0.7479255,0.5798487,0.39300805,0.10403132229408502,1,"{""type"":""MultiPoint"",""coordinates"":[]}"
1380_0,0.5176577,0.5739861,0.47918266,0.6344615,0.6241351,0.60958904,0.60799557,0.58043903,0.7135314,0.68680406,0.63106793,0.69017094,0.7135314,0.6124184,0.47918266,0.06584839790099246,1,"{""type"":""MultiPoint"",""coordinates"":[]}"
1381_0,0.47190666,0.5746731,0.4924297,0.5497091,0.52900434,0.6222503,0.58767426,0.4510345,0.6790709,0.6658379,0.5949467,0.6518265,0.6790709,0.5725303,0.4510345,0.07261276513067264,1,"{""type"":""MultiPoint"",""coordinates"":[]}"
1382_0,0.5871019,0.7437802,0.57251275,0.17521514,0.73284316,0.81955266,0.7936508,0.31563905,-0.097301714,0.7686341,0.6692913,0.19056429,0.81955266,0.5226236,-0.097301714,0.2888930103223931,1,"{""type"":""MultiPoint"",""coordinates"":[]}"
1383_0,0.44815865,0.28882146,0.2646081,0.30094242,0.32330275,0.79320425,0.78110385,0.52904236,0.09736681,0.8693694,0.6730219,0.20305589,0.8693694,0.46433315,0.09736681,0.24845602828117638,1,"{""type"":""MultiPoint"",""coordinates"":[]}"
1384_0,0.5740326,0.5927928,0.49243522,0.62148404,0.6657714,0.7373737,0.7522197,0.5896104,0.21580221,0.7912016,0.76969093,0.7329345,0.7912016,0.6279458,0.21580221,0.15288753712929753,1,"{""type"":""MultiPoint"",""coordinates"":[]}"
1385_0,0.56,0.26499763,0.24911816,0.43500644,0.2434635,0.61317694,0.63267404,0.6281859,0.37775993,0.21549372,0.81165206,0.8372938,0.8372938,0.4890685,0.21549372,0.21291480832020632,1,"{""type"":""MultiPoint"",""coordinates"":[]}"
1386_0,0.62970155,0.6456456,0.43013567,0.40402752,0.23015033,0.2947977,0.19960229,0.48045602,0.51730055,0.7161862,0.63860667,0.36885247,0.7161862,0.4629552,0.19960229,0.1644825144158618,1,"{""type"":""MultiPoint"",""coordinates"":[]}"
1387_0,0.75041914,0.7222222,0.29990628,0.25613865,0.11325301,0.17612235,0.14840637,0.40307388,0.7225488,0.6707279,0.5636087,0.29996207,0.75041914,0.42719913,0.11325301,0.23420408410474733,1,"{""type"":""MultiPoint"",""coordinates"":[]}"
1388_0,0.5976139,0.62535053,0.33155793,0.43537074,0.23804925,0.31324616,0.22601625,0.40164384,0.6519242,0.73834926,0.6057792,0.40645587,0.73834926,0.46427974,0.22601625,0.16596860542982048,1,"{""type"":""MultiPoint"",""coordinates"":[]}"
1389_0,0.28474337,0.30765745,0.325894,0.31100255,0.26638606,0.80692345,0.85557455,0.67662483,0.1684729,0.7256244,0.8021825,0.7715223,0.85557455,0.52521735,0.1684729,0.25396772455834177,1,"{""type"":""MultiPoint"",""coordinates"":[]}"
1390_0,0.3981008,0.408787,0.37349993,0.30640036,0.33313936,0.7667541,0.83525866,0.6700801,0.16640939,0.7444877,0.796981,0.77633965,0.83525866,0.5480198,0.16640939,0.22738725174846153,1,"{""type"":""MultiPoint"",""coordinates"":[]}"
1391_0,0.27661598,0.28464162,0.35014942,0.29192042,0.24593075,0.80292493,0.8519566,0.6463555,0.17599753,0.7519224,0.830911,0.8038618,0.8519566,0.526099,0.17599753,0.2623202128005056,1,"{""type"":""MultiPoint"",""coordinates"":[]}"
1392_0,0.28513092,0.2568779,0.22127108,0.27582937,0.29969728,0.34147534,0.4188886,0.39296362,0.74311924,0.7328947,0.43570954,0.557047,0.74311924,0.41340873,0.22127108,0.1701137884836439,1,"{""type"":""MultiPoint"",""coordinates"":[]}"
1393_0,0.26702833,0.27279875,0.27546412,0.33356693,0.3407956,0.34335184,0.31495404,0.32072672,0.5838532,0.66782564,0.5079051,0.4188456,0.66782564,0.38725966,0.26702833,0.12569766919153538,1,"{""type"":""MultiPoint"",""coordinates"":[]}"
1394_0,0.29464835,0.28175426,0.29026663,0.30285713,0.32041523,0.4028562,0.28642732,0.36896425,0.48833972,0.58287656,0.44376278,0.3489949,0.58287656,0.36768028,0.28175426,0.09128376062240444,1,"{""type"":""MultiPoint"",""coordinates"":[]}"
1395_0,0.52179265,0.5217286,0.4536963,0.60030717,0.50570345,0.54157305,0.38525012,0.50238776,0.7937758,0.5343681,0.4734252,0.4959552,0.7937758,0.52749693,0.38525012,0.09452586012455169,1,"{""type"":""MultiPoint"",""coordinates"":[]}"
1396_0,0.47139305,0.48838612,0.48549134,0.3917119,0.5223114,0.6059925,0.69587195,0.7204531,0.4586916,0.68455285,0.47346073,0.35591274,0.7204531,0.5295191,0.35591274,0.11487773559016082,1,"{""type"":""MultiPoint"",""coordinates"":[]}"
1397_0,0.27993256,0.34635508,0.41553637,0.1454334,0.77943283,0.80369467,0.7233799,0.3155118,0.24088635,0.74208987,0.15127067,0.31670824,0.80369467,0.43835264,0.1454334,0.24056985919065538,1,"{""type"":""MultiPoint"",""coordinates"":[]}"
1398_0,0.257746,0.2766557,0.3074254,0.643599,0.28222996,0.65640515,0.68595415,0.5783926,0.19061936,0.47569114,0.56878686,0.37303445,0.68595415,0.44137833,0.19061936,0.17195134639429763,1,"{""type"":""MultiPoint"",""coordinates"":[]}"
1399_0,0.47858572,0.518745,0.39295527,0.39510646,0.44987145,0.3984451,0.44330913,0.692143,0.39784947,0.46785817,0.49311295,0.5901288,0.692143,0.4765092,0.39295527,0.0862394328268822,1,"{""type"":""MultiPoint"",""coordinates"":[]}"
1400_0,0.4017525,0.37988827,0.34308636,0.3359152,0.3816794,0.77662337,0.778108,0.6520584,0.25,0.71256584,0.6741472,0.3962264,0.778108,0.5068376,0.25,0.18592798752573853,1,"{""type"":""MultiPoint"",""coordinates"":[]}"
1401_0,0.23475355,0.24148607,0.21045752,0.21509925,0.26120856,0.6141215,0.79288864,0.6857069,0.19507909,0.863188,0.86832553,0.77613574,0.86832553,0.49653754,0.19507909,0.278262078869358,1,"{""type"":""MultiPoint"",""coordinates"":[]}"
1402_0,0.25177306,0.23978972,0.21336663,0.20088151,0.26451612,0.72479564,0.81616783,0.7096031,0.17129187,0.83262414,0.8642258,0.8124842,0.8642258,0.50846,0.17129187,0.28852695138336526,1,"{""type"":""MultiPoint"",""coordinates"":[]}"
1403_0,0.23678365,0.22558273,0.17846209,0.18220273,0.26510808,0.70365167,0.8113562,0.7060519,0.1197411,0.8011782,0.8836382,0.7812408,0.8836382,0.49124977,0.1197411,0.2951946665660225,1,"{""type"":""MultiPoint"",""coordinates"":[]}"
1404_0,0.3577192,0.3460581,0.34607103,0.54233354,0.60551864,0.58534867,0.49127048,0.29860365,0.44190982,0.32406893,0.48879522,0.4983827,0.60551864,0.44384,0.29860365,0.10209900719578852,1,"{""type"":""MultiPoint"",""coordinates"":[]}"
1405_0,0.43911654,0.38492328,0.31923643,0.62262356,0.8026432,0.35103512,0.34141415,0.43549863,0.8342826,0.8859903,0.7681388,0.697455,0.8859903,0.5735298,0.31923643,0.20706188271115633,1,"{""type"":""MultiPoint"",""coordinates"":[]}"
1406_0,0.35797164,0.28553972,0.30798247,0.30825984,0.36605316,0.6514685,0.60210866,0.74345547,0.41446614,0.3745583,0.52897656,0.52128977,0.74345547,0.45517752,0.28553972,0.14451569082788532,1,"{""type"":""MultiPoint"",""coordinates"":[]}"
1407_0,0.5211996,0.33843496,0.33684462,0.36681223,0.5768854,0.64273685,0.8303748,0.73441994,0.26160052,0.31809524,0.67776877,0.61733615,0.8303748,0.5185424,0.26160052,0.18084616042798227,1,"{""type"":""MultiPoint"",""coordinates"":[]}"
1408_0,0.4884965,0.34265736,0.32054016,0.34542158,0.47282884,0.486565,0.807309,0.781199,0.10724234,0.23927101,0.7112242,0.5039019,0.807309,0.4672214,0.10724234,0.20603309675032508,1,"{""type"":""MultiPoint"",""coordinates"":[]}"
1409_0,0.5413699,0.31609195,0.28761297,0.42180094,0.41327843,0.5130329,0.8433792,0.70414793,0.15880655,0.27460426,0.37393987,0.58150154,0.8433792,0.45246387,0.15880655,0.1863390303900971,1,"{""type"":""MultiPoint"",""coordinates"":[]}"
1410_0,0.36273724,0.35769784,0.29239598,0.3001707,0.4678309,0.38267875,0.4399376,0.59318364,0.26219162,0.79693377,0.6321924,0.35102654,0.79693377,0.4365814,0.26219162,0.15420207305612582,1,"{""type"":""MultiPoint"",""coordinates"":[]}"
1411_0,0.34911895,0.34493235,0.2726299,0.111277916,0.09371293,0.24320063,0.16473243,0.10075188,0.113472484,0.3382353,0.30571598,0.36935258,0.36935258,0.23392777,0.09371293,0.1053900795739978,1,"{""type"":""MultiPoint"",""coordinates"":[]}"
1412_0,0.27256984,0.27672413,0.25494412,0.20429252,0.30319148,0.3378016,0.3859593,0.14971574,0.092478424,0.59717315,0.68433505,0.35450935,0.68433505,0.32614124,0.092478424,0.16272652903582688,1,"{""type"":""MultiPoint"",""coordinates"":[]}"
1413_0,0.5300682,0.6060831,0.5610959,0.67657006,0.63557214,0.61158264,0.62528217,0.7580972,0.7672209,0.64315355,0.74945533,0.46141732,0.7672209,0.6354665,0.46141732,0.08926085948393188,1,"{""type"":""MultiPoint"",""coordinates"":[]}"
1414_0,0.36883408,0.5248547,0.5577163,0.6856613,0.4497928,0.42600897,0.38744417,0.64513576,0.75673044,0.81477445,0.5667283,0.5380052,0.81477445,0.56014055,0.36883408,0.13688198181047878,1,"{""type"":""MultiPoint"",""coordinates"":[]}"
1415_0,0.37217346,0.47792706,0.49712974,0.6870139,0.47593582,0.42192692,0.37188435,0.5710211,0.6964657,0.79695433,0.4964706,0.4587706,0.79695433,0.5269728,0.37188435,0.12900386394996116,1,"{""type"":""MultiPoint"",""coordinates"":[]}"
1416_0,0.21142857,0.24758454,0.15396264,0.21802649,0.28,0.77611196,0.8161369,0.1941511,0.0,0.90175754,0.74617416,0.50546175,0.90175754,0.42089963,0.0,0.2973942547492162,1,"{""type"":""MultiPoint"",""coordinates"":[]}"
1417_0,0.1598112,0.17603458,0.14847645,0.15848872,0.36998853,0.84273654,0.8283753,0.14311431,0.055814758,0.89448667,0.7220321,0.4891469,0.89448667,0.41570884,0.055814758,0.3092364473360787,1,"{""type"":""MultiPoint"",""coordinates"":[]}"
1418_0,0.2643827,0.24592221,0.18333972,0.30001417,0.35182372,0.6764633,0.6139053,0.24793388,0.4804428,0.73293054,0.6458041,0.4993395,0.73293054,0.4368585,0.18333972,0.18663747511497264,1,"{""type"":""MultiPoint"",""coordinates"":[]}"
1419_0,0.7452444,0.72687465,0.35438678,0.247878,0.79331475,0.69972366,0.7188967,0.1659306,0.70421016,0.80796254,0.110784315,0.30215448,0.80796254,0.53144675,0.110784315,0.2577360551870894,1,"{""type"":""MultiPoint"",""coordinates"":[]}"
1420_0,0.5295736,0.34173533,0.28798604,0.44653243,0.53429735,0.784689,0.80750245,0.3217198,0.5688162,0.52626365,0.21835025,0.5525585,0.80750245,0.4933354,0.21835025,0.17542285844093974,1,"{""type"":""MultiPoint"",""coordinates"":[]}"
1421_0,0.54744184,0.2994641,0.27215588,0.41666666,0.4794727,0.7583931,0.8065078,0.3040433,0.32914045,0.6202186,0.2757745,0.5519038,0.8065078,0.47176522,0.27215588,0.1797932538462017,1,"{""type"":""MultiPoint"",""coordinates"":[]}"
1422_0,0.19382504,0.18699187,0.17817226,0.13438284,0.11763357,0.115053765,0.13109906,0.16731517,0.18320611,0.7552057,0.68593955,0.14182866,0.7552057,0.24922113,0.115053765,0.2128749710866515,1,"{""type"":""MultiPoint"",""coordinates"":[]}"
1423_0,0.35622868,0.3125,0.270199,0.32102543,0.4947283,0.41179097,0.42890912,0.20094284,0.25659472,0.8050251,0.72913384,0.5202042,0.8050251,0.42560685,0.20094284,0.17836046554748924,1,"{""type"":""MultiPoint"",""coordinates"":[]}"
1424_0,0.44837373,0.39013034,0.32750288,0.27799737,0.32430214,0.221297,0.31515294,0.33975086,0.16442364,0.75970536,0.77488047,0.4591928,0.77488047,0.4002258,0.16442364,0.18257294449984096,1,"{""type"":""MultiPoint"",""coordinates"":[]}"
1425_0,0.69621664,0.7058655,0.5314983,0.6111783,0.7605769,0.82503223,0.77600193,0.5549161,0.51479536,0.81286824,0.7045696,0.67838407,0.82503223,0.68099195,0.51479536,0.10232772342191879,1,"{""type"":""MultiPoint"",""coordinates"":[]}"
1426_0,0.46343514,0.5208524,0.3505269,0.33783108,0.41194353,0.5772398,0.45770064,0.4005709,0.36206895,0.60504735,0.51581246,0.4831014,0.60504735,0.45717755,0.33783108,0.08386419579518177,1,"{""type"":""MultiPoint"",""coordinates"":[]}"
1427_0,0.6001065,0.6067227,0.45483443,0.4086189,0.5108108,0.59863114,0.55108166,0.4120983,0.40875912,0.62793237,0.62342846,0.5470009,0.62793237,0.5291688,0.4086189,0.0836201471144518,1,"{""type"":""MultiPoint"",""coordinates"":[]}"
1428_0,0.60662866,0.3405434,0.29582673,0.39586028,0.5560109,0.5277145,0.50856274,0.56060606,0.009733939,0.41732284,0.7782149,0.7642214,0.7782149,0.48010385,0.009733939,0.20137902063690055,1,"{""type"":""MultiPoint"",""coordinates"":[]}"
1429_0,0.52897435,0.3707105,0.3514329,0.4920356,0.5979991,0.55289215,0.5220847,0.5135437,-0.13551876,0.6328502,0.8369361,0.8307985,0.8369361,0.50789493,-0.13551876,0.24091878981053635,1,"{""type"":""MultiPoint"",""coordinates"":[]}"
1430_0,0.5539076,0.39143732,0.34246576,0.35409063,0.49072513,0.43567672,0.44567126,0.5360164,-0.046153847,0.57615894,0.78204674,0.775154,0.78204674,0.46976638,-0.046153847,0.20769492895260444,1,"{""type"":""MultiPoint"",""coordinates"":[]}"
1431_0,0.58690745,0.50208825,0.17445792,0.29494712,0.46835443,0.26427624,0.32238805,0.38295963,0.21807787,0.3,0.5841001,0.47436652,0.58690745,0.38107696,0.17445792,0.13381919319332408,1,"{""type"":""MultiPoint"",""coordinates"":[]}"
1432_0,0.80338216,0.7027864,0.2654016,0.279198,0.2734139,0.7871357,0.72307694,0.6823899,0.083568074,-0.23400673,0.16963594,0.8312516,0.8312516,0.44726947,-0.23400673,0.3355907622691187,1,"{""type"":""MultiPoint"",""coordinates"":[]}"
1433_0,0.7745885,0.695376,0.23254593,0.21743487,0.33650795,0.78801346,0.7898056,0.6281407,0.09250059,-0.21645796,0.15123194,0.837535,0.837535,0.44393522,-0.21645796,0.3356898113748337,1,"{""type"":""MultiPoint"",""coordinates"":[]}"
1434_0,0.4121475,0.3839335,0.3237025,0.37801206,0.5241856,0.53654444,0.5033966,0.43261695,0.36369205,0.5551181,0.46968108,0.42099056,0.5551181,0.44200176,0.3237025,0.07190145268719518,1,"{""type"":""MultiPoint"",""coordinates"":[]}"
1435_0,0.36785036,0.29032257,0.2912223,0.25076708,0.41257933,0.38729763,0.46513492,0.2720848,0.300857,0.4650952,0.4863847,0.34476423,0.4863847,0.3611967,0.25076708,0.078846835490031,1,"{""type"":""MultiPoint"",""coordinates"":[]}"
1436_0,0.55472475,0.26299536,0.21335992,0.19817907,0.78548896,0.8952118,0.7304552,0.15028249,0.47000894,0.78397214,0.29496923,0.41924685,0.8952118,0.4799079,0.15028249,0.25344077128880926,1,"{""type"":""MultiPoint"",""coordinates"":[]}"
1437_0,0.38303047,0.43830666,0.34094775,0.4341403,0.23118865,0.7068558,0.8184347,0.7282632,0.22138451,0.63398105,0.4846822,0.62081784,0.8184347,0.5035028,0.22138451,0.1884008386558548,1,"{""type"":""MultiPoint"",""coordinates"":[]}"
1438_0,0.23155929,0.23893805,0.20923379,0.36879557,0.80564785,0.7973713,0.24043608,0.18954249,0.36999068,0.8684151,0.73488605,0.17490953,0.8684151,0.43581048,0.17490953,0.26639957025874095,1,"{""type"":""MultiPoint"",""coordinates"":[]}"
1439_0,0.44649622,0.26487625,0.30828792,0.4947155,0.7478181,0.76642656,0.45576835,0.632131,0.51821953,0.7133333,0.6387503,0.39312407,0.76642656,0.5316623,0.26487625,0.16104513403912613,1,"{""type"":""MultiPoint"",""coordinates"":[]}"
1440_0,0.6373206,0.5710808,0.40857416,0.13111049,0.6002176,0.6591019,0.64349777,0.60368663,0.57395095,0.737931,0.6573372,0.68052006,0.737931,0.5753608,0.13111049,0.15446643417786154,1,"{""type"":""MultiPoint"",""coordinates"":[]}"
1441_0,0.42951438,0.4319798,0.4244389,0.18028383,0.30649894,0.31431243,0.22274144,0.30013886,0.3701583,-0.4764745,0.5353466,0.72650534,0.72650534,0.31378704,-0.4764745,0.27584329754757575,1,"{""type"":""MultiPoint"",""coordinates"":[]}"
1442_0,0.33414695,0.26989773,0.3245283,0.18086335,0.08588563,0.21568628,0.32026145,0.08197989,0.12686567,-0.25475842,0.50196934,0.40728587,0.50196934,0.21621767,-0.25475842,0.18787516482931543,1,"{""type"":""MultiPoint"",""coordinates"":[]}"
1443_0,0.2560027,0.31008717,0.20010328,0.22695531,0.43659773,0.72985643,0.64981437,0.18311875,0.40479836,0.76583254,0.64979666,0.32355583,0.76583254,0.42804325,0.18311875,0.20635194888285102,1,"{""type"":""MultiPoint"",""coordinates"":[]}"
1444_0,0.36808512,0.46141532,0.28153718,0.34671974,0.55983496,0.7001612,0.5594542,0.3325378,0.52884924,0.6315049,0.62785226,0.48537004,0.7001612,0.4902768,0.28153718,0.12873935480437748,1,"{""type"":""MultiPoint"",""coordinates"":[]}"
1445_0,0.23295455,0.25258088,0.18610562,0.18348624,0.5427658,0.7696091,0.70889807,0.24658228,0.17587373,0.85445786,0.6103782,0.24221535,0.85445786,0.41715896,0.17587373,0.2484283749539521,1,"{""type"":""MultiPoint"",""coordinates"":[]}"
1446_0,0.48912123,0.4408909,0.36324018,0.49514115,0.51035583,0.6570309,0.5693449,0.55127865,0.47242525,0.72450614,0.6416465,0.41050375,0.72450614,0.52712375,0.36324018,0.1020422796535213,1,"{""type"":""MultiPoint"",""coordinates"":[]}"
1447_0,0.31449503,0.24924318,0.21267574,0.21669592,0.78601855,0.8733321,0.79333174,0.22587065,0.20611916,0.81894517,0.7402832,0.17826962,0.8733321,0.46794,0.17826962,0.28569880376513507,1,"{""type"":""MultiPoint"",""coordinates"":[]}"
1448_0,0.42695183,0.49010536,0.45448187,0.55053616,0.6402266,0.7066246,0.689173,0.74517375,0.7370707,0.70565695,0.63415843,0.60588545,0.74517375,0.6155037,0.42695183,0.10642984411932745,1,"{""type"":""MultiPoint"",""coordinates"":[]}"
1449_0,0.587062,0.25139666,0.21977773,0.1442374,0.24166355,0.7296596,0.66497463,0.7072539,0.20544554,0.10317903,0.3242209,0.7834507,0.7834507,0.4135268,0.10317903,0.2466217549572258,1,"{""type"":""MultiPoint"",""coordinates"":[]}"
1450_0,0.37754756,0.4026095,0.39292544,0.6180118,0.5974897,0.5805142,0.50012034,0.64290893,0.49450973,0.8269581,0.5090402,0.53466284,0.8269581,0.53977484,0.37754756,0.12093783153902306,1,"{""type"":""MultiPoint"",""coordinates"":[]}"
1451_0,0.30764556,0.30887458,0.2757554,0.30583152,0.4743271,0.43671834,0.36308315,0.3686334,0.27480456,0.8327148,0.32686824,0.23941551,0.8327148,0.37622267,0.23941551,0.15210314099305713,1,"{""type"":""MultiPoint"",""coordinates"":[]}"
1452_0,0.30809993,0.29919273,0.29705882,0.43634766,0.49023014,0.85859406,0.8181818,0.25170067,0.1522158,0.69155204,0.2,0.67487687,0.85859406,0.45650423,0.1522158,0.236200597540386,1,"{""type"":""MultiPoint"",""coordinates"":[]}"
1453_0,0.322119,0.33854297,0.3143705,0.50021505,0.5128519,0.85354775,0.78619254,0.30379745,0.113732606,0.74732333,0.25437415,0.66151583,0.85354775,0.47571528,0.113732606,0.22866368244119653,1,"{""type"":""MultiPoint"",""coordinates"":[]}"
1454_0,0.22864519,0.21412423,0.18621288,0.22931035,0.5461386,0.88833165,0.80081856,0.31315315,0.25935268,0.75282484,0.16798846,0.63297874,0.88833165,0.43498996,0.16798846,0.25891734426288815,1,"{""type"":""MultiPoint"",""coordinates"":[]}"
1455_0,0.6352498,0.6472143,0.46187922,0.21579103,0.46738544,0.65925926,0.7876876,0.186722,0.6908108,0.82038075,0.39453804,0.26434988,0.82038075,0.5192723,0.186722,0.21031240298088544,1,"{""type"":""MultiPoint"",""coordinates"":[]}"
1456_0,0.66484064,0.7914692,0.52419937,0.2886438,0.68565816,0.82922035,0.886198,0.24023154,0.7206618,0.8728126,0.45431146,0.4336127,0.886198,0.6159883,0.24023154,0.21401001979895112,1,"{""type"":""MultiPoint"",""coordinates"":[]}"
1457_0,0.7349654,0.80146134,0.55859375,0.22341025,0.7076613,0.8588916,0.87813795,0.14390603,0.6685879,0.8535556,0.35409987,0.3568521,0.87813795,0.5950103,0.14390603,0.25076859429640347,1,"{""type"":""MultiPoint"",""coordinates"":[]}"
1458_0,0.5773833,0.260689,0.2527631,0.2278867,0.3381535,0.6511278,0.7714475,0.6384181,0.1691974,-0.0042735045,0.31835786,0.78452885,0.78452885,0.4154733,-0.0042735045,0.24702266700760822,1,"{""type"":""MultiPoint"",""coordinates"":[]}"
1459_0,0.26567614,0.24204904,0.20854387,0.23620309,0.15136054,0.6879884,0.8178304,0.6215225,0.14315863,0.32461354,0.5110024,0.8141425,0.8178304,0.41867426,0.14315863,0.24599984078890189,1,"{""type"":""MultiPoint"",""coordinates"":[]}"
1460_0,0.28908488,0.24000946,0.22955391,0.20196605,0.6812919,0.858591,0.85316455,0.1546841,0.5795107,0.2536313,0.5258664,0.73149633,0.858591,0.46657088,0.1546841,0.25614728837198203,1,"{""type"":""MultiPoint"",""coordinates"":[]}"
1461_0,0.55829734,0.2869238,0.225835,0.27395412,0.30013996,0.2741332,0.22841,0.5004724,0.3570768,0.7458076,0.2664519,0.5319757,0.7458076,0.37912315,0.225835,0.15834178879174296,1,"{""type"":""MultiPoint"",""coordinates"":[]}"
1462_0,0.36007926,0.28229666,0.24564882,0.18757327,0.1291194,0.26840776,0.679046,0.7146254,0.10583446,-0.20917916,0.116973616,0.5339974,0.7146254,0.28453523,-0.20917916,0.249608416935332,1,"{""type"":""MultiPoint"",""coordinates"":[]}"
1463_0,0.7035865,0.712743,0.260573,0.38161796,0.40826815,0.32448262,0.2638422,0.17429194,0.028364116,-0.04270987,0.39387956,0.86609685,0.86609685,0.37291968,-0.04270987,0.262614088281958,1,"{""type"":""MultiPoint"",""coordinates"":[]}"
1464_0,0.22030905,0.20397352,0.17152907,0.17457886,0.053384174,0.7089472,0.8099243,0.67969126,0.0017513135,-0.20697784,0.03747323,0.66504514,0.8099243,0.29330245,-0.20697784,0.31985298633233045,1,"{""type"":""MultiPoint"",""coordinates"":[]}"
1465_0,0.28308052,0.2685464,0.21713871,0.20301381,0.25099602,0.4963024,0.842635,0.7688108,0.07920792,-0.32516703,0.18040435,0.729173,0.842635,0.33284515,-0.32516703,0.315944363246077,1,"{""type"":""MultiPoint"",""coordinates"":[]}"
1466_0,0.32685146,0.27547497,0.25302768,0.34461537,0.30751282,0.70186335,0.73090607,0.7363796,0.34392112,-0.088934146,0.34028682,0.82967514,0.82967514,0.42513168,-0.088934146,0.25668715475547116,1,"{""type"":""MultiPoint"",""coordinates"":[]}"
1467_0,0.51921546,0.32067832,0.24233201,0.30180806,0.78327996,0.86411077,0.82276726,0.34289712,0.70094067,0.8403705,0.4995853,0.35558203,0.86411077,0.5494639,0.24233201,0.22869343318759677,1,"{""type"":""MultiPoint"",""coordinates"":[]}"
1468_0,0.43529412,0.24201758,0.2246085,0.17594135,0.63968205,0.83516246,0.79107225,0.1747498,0.6765812,0.86011744,0.4818653,0.15508956,0.86011744,0.4743485,0.15508956,0.26555186878463394,1,"{""type"":""MultiPoint"",""coordinates"":[]}"
1469_0,0.44793224,0.27428058,0.24854976,0.20492524,0.7294686,0.8529603,0.8282574,0.23741548,0.37823373,0.844367,0.40868896,0.30544272,0.8529603,0.4800435,0.20492524,0.2471038536889231,1,"{""type"":""MultiPoint"",""coordinates"":[]}"
1470_0,0.5776735,0.2621528,0.2661605,0.11082694,0.8232439,0.8732212,0.7847286,0.15547378,0.6779506,0.86976516,0.46419874,0.13084112,0.8732212,0.49968642,0.11082694,0.2912962437976662,1,"{""type"":""MultiPoint"",""coordinates"":[]}"
1471_0,0.41186208,0.22296016,0.20985979,0.119282514,0.5755306,0.77788675,0.6910412,0.13513513,0.6301587,0.83914727,0.38797283,0.16784038,0.83914727,0.4307231,0.119282514,0.25223110404607485,1,"{""type"":""MultiPoint"",""coordinates"":[]}"
1472_0,0.58439404,0.3472718,0.32624456,0.14932127,0.821981,0.86461157,0.7768222,0.20608804,0.7762376,0.85657156,0.27743012,0.3645539,0.86461157,0.52929395,0.14932127,0.26524811772359763,1,"{""type"":""MultiPoint"",""coordinates"":[]}"
1473_0,0.5533023,0.4586975,0.26826444,0.3866734,0.3522073,0.2480217,0.2516002,0.31324726,0.32985577,0.66207594,0.732766,0.67114264,0.732766,0.43565452,0.2480217,0.16882177212876828,1,"{""type"":""MultiPoint"",""coordinates"":[]}"
1474_0,0.21558441,0.22504893,0.17067493,0.28948295,0.40921408,0.48064637,0.4197292,0.34301677,0.4032114,0.34836286,0.37142858,0.58032787,0.58032787,0.35472736,0.17067493,0.1121984454153431,1,"{""type"":""MultiPoint"",""coordinates"":[]}"
1475_0,0.2969769,0.2612074,0.24801508,0.30654302,0.35592356,0.35391092,0.3172503,0.3325105,0.22906062,0.36712915,0.37024483,0.36139506,0.37024483,0.3166806,0.22906062,0.04703817412549902,1,"{""type"":""MultiPoint"",""coordinates"":[]}"
1476_0,0.317104,0.35495606,0.23453969,0.25908467,0.5410188,0.81689143,0.82348883,0.0906298,0.5631785,0.7880126,0.8336372,0.5655004,0.8336372,0.5156702,0.0906298,0.25115234337704784,1,"{""type"":""MultiPoint"",""coordinates"":[]}"
1477_0,0.26635125,0.24629879,0.19661427,0.17686225,0.61419475,0.842334,0.82623583,0.03215768,0.49684045,0.77054995,0.8177329,0.57523084,0.842334,0.48845023,0.03215768,0.28124374775549754,1,"{""type"":""MultiPoint"",""coordinates"":[]}"
1478_0,0.2199271,0.18326913,0.17671417,0.15334047,0.73635155,0.8705477,0.7968533,0.037482645,0.50358975,0.8153127,0.5352941,0.1521531,0.8705477,0.43173632,0.037482645,0.29782777286576423,1,"{""type"":""MultiPoint"",""coordinates"":[]}"
1479_0,0.60016924,0.5744089,0.3586397,0.620901,0.7624521,0.6936226,0.7173815,0.7348963,0.6891747,0.79168916,0.73532337,0.61779577,0.79168916,0.65803784,0.3586397,0.11157327290483487,1,"{""type"":""MultiPoint"",""coordinates"":[]}"
1480_0,0.19366378,0.17871094,0.17037743,0.18117566,0.13094245,0.8571107,0.84657407,0.19549295,0.14356436,0.91020846,0.734098,0.18041465,0.91020846,0.39352778,0.13094245,0.3162483485778765,1,"{""type"":""MultiPoint"",""coordinates"":[]}"
1481_0,0.2678281,0.24682814,0.28195575,0.140974,0.5396199,0.83389765,0.73203194,0.21023017,0.19780767,0.85842377,0.688762,0.16098402,0.85842377,0.42994526,0.140974,0.2672022027145858,1,"{""type"":""MultiPoint"",""coordinates"":[]}"
1482_0,0.27574918,0.27956456,0.24295942,0.17177914,0.1769317,0.32352942,0.1756137,0.5868709,0.17547293,0.89186406,0.7001828,0.20322818,0.89186406,0.35031217,0.17177914,0.23077976256033259,1,"{""type"":""MultiPoint"",""coordinates"":[]}"
1483_0,0.28922495,0.27177334,0.2387783,0.21958926,0.22407246,0.27436823,0.21876767,0.49101648,0.23157895,0.852982,0.6527887,0.26233023,0.852982,0.35227254,0.21876767,0.19667976219523162,1,"{""type"":""MultiPoint"",""coordinates"":[]}"
1484_0,0.3091437,0.2959381,0.28910944,0.1743918,0.1869748,0.32378224,0.18498395,0.52802765,0.20372398,0.8600531,0.46538123,0.29274613,0.8600531,0.34285468,0.1743918,0.18771779004434966,1,"{""type"":""MultiPoint"",""coordinates"":[]}"
1485_0,0.57509905,0.60582393,0.49837783,0.6070577,0.69629794,0.65316516,0.6790677,0.6542929,0.7649358,0.73572296,0.73873097,0.6860525,0.7649358,0.6578854,0.49837783,0.0732560306039305,1,"{""type"":""MultiPoint"",""coordinates"":[]}"
1486_0,0.6583154,0.6491703,0.56031036,0.60058737,0.7075646,0.6903786,0.707629,0.6815345,0.7368268,0.7222922,0.7479922,0.67653275,0.7479922,0.67826116,0.56031036,0.052680250383633165,1,"{""type"":""MultiPoint"",""coordinates"":[]}"
1487_0,0.3587634,0.3790902,0.30149567,0.41674688,0.44217038,0.45615366,0.50165486,0.49577466,0.50178254,0.5814388,0.46418428,0.47424605,0.5814388,0.44779179,0.30149567,0.07191573638637412,1,"{""type"":""MultiPoint"",""coordinates"":[]}"
1488_0,0.71223617,0.3843212,0.27840328,0.36823657,0.48811376,0.36171404,0.24016064,0.24717145,0.42206016,0.65785813,0.6521441,0.58993506,0.71223617,0.4501962,0.24016064,0.16022392556021467,1,"{""type"":""MultiPoint"",""coordinates"":[]}"
1489_0,0.7120992,0.30155712,0.26181102,0.25738397,0.36867705,0.19300078,0.13669065,0.17081696,0.105035014,0.7235046,0.7380048,0.5633528,0.7380048,0.37766117,0.105035014,0.23072740093606617,1,"{""type"":""MultiPoint"",""coordinates"":[]}"
1490_0,0.67769074,0.45392585,0.3380966,0.3076748,0.3552492,0.28853968,0.28788674,0.3262613,0.30123457,0.7414323,0.7099806,0.66402954,0.7414323,0.45433348,0.28788674,0.17830535136795164,1,"{""type"":""MultiPoint"",""coordinates"":[]}"
1491_0,0.2978782,0.24503312,0.24388435,0.28757966,0.37202382,0.7716847,0.7851358,0.3074814,0.120204605,0.66715115,0.76421404,0.55737275,0.7851358,0.45163697,0.120204605,0.23136410737811383,1,"{""type"":""MultiPoint"",""coordinates"":[]}"
1492_0,0.33968255,0.30691445,0.26168486,0.42400774,0.19835466,0.23382145,0.17290552,0.29805014,0.74943566,0.76097107,0.5861906,0.30415162,0.76097107,0.38634753,0.17290552,0.1949946465139888,1,"{""type"":""MultiPoint"",""coordinates"":[]}"
1493_0,0.32497913,0.2956044,0.24072476,0.4951995,0.377975,0.81287634,0.7943779,0.27902946,0.116719246,0.72907346,0.36182845,0.49390244,0.81287634,0.44352418,0.116719246,0.21759245999600293,1,"{""type"":""MultiPoint"",""coordinates"":[]}"
1494_0,0.3208122,0.34065935,0.305919,0.3379253,0.40556464,0.76587605,0.79344,0.51292247,0.31627056,0.41359222,0.44440666,0.66459626,0.79344,0.46849874,0.305919,0.17000315452742315,1,"{""type"":""MultiPoint"",""coordinates"":[]}"
1495_0,0.32044467,0.3532225,0.27254015,0.2850054,0.43212435,0.78938687,0.8338424,0.3720868,0.14053614,0.43833017,0.5386406,0.6591115,0.8338424,0.4529393,0.14053614,0.204360647095062,1,"{""type"":""MultiPoint"",""coordinates"":[]}"
1496_0,0.4190071,0.38979247,0.36029056,0.49358973,0.615427,0.7910448,0.8374737,0.6588072,0.27732342,0.64348924,0.73952484,0.63936967,0.8374737,0.572095,0.27732342,0.17320553500170152,1,"{""type"":""MultiPoint"",""coordinates"":[]}"
1497_0,0.28671327,0.2516129,0.22731201,0.30411848,0.49109617,0.36241612,0.19447827,0.18295455,0.61238027,0.7925101,0.67347366,0.16545662,0.7925101,0.3787102,0.16545662,0.20339922163746127,1,"{""type"":""MultiPoint"",""coordinates"":[]}"
1498_0,0.2660373,0.2712361,0.2857475,0.22953737,0.08892171,0.34339622,0.7540412,0.7703726,0.14450128,0.71295,0.7807082,0.39097387,0.7807082,0.41986862,0.08892171,0.24876903102531195,1,"{""type"":""MultiPoint"",""coordinates"":[]}"
1499_0,0.23214494,0.21833138,0.19611919,0.18685918,0.21129099,0.19962424,0.2156325,0.2756219,0.21626452,0.79286337,0.66513395,0.22978383,0.79286337,0.30330583,0.18685918,0.19334140372290395,1,"{""type"":""MultiPoint"",""coordinates"":[]}"
1500_0,0.2863191,0.23800148,0.20593525,0.16146062,0.7110448,0.8815216,0.7577511,0.20159362,0.114330284,0.5106007,0.21524201,0.7483954,0.8815216,0.41934967,0.114330284,0.2699619643381435,1,"{""type"":""MultiPoint"",""coordinates"":[]}"
1501_0,0.7403347,0.61403507,0.31021607,0.24751316,0.6806174,0.84310544,0.8460062,0.23032813,0.27272728,0.8113208,0.67757815,0.1545098,0.8460062,0.535691,0.1545098,0.2577958335737989,1,"{""type"":""MultiPoint"",""coordinates"":[]}"
1502_0,0.74793744,0.60560685,0.3067792,0.2569733,0.6930442,0.8380879,0.8256602,0.20437019,0.24588992,0.8153846,0.65101385,0.18494795,0.8380879,0.531308,0.18494795,0.25631737700944834,1,"{""type"":""MultiPoint"",""coordinates"":[]}"
1503_0,0.4,0.50304437,0.4456717,0.025479851,0.3176362,0.5157404,0.75657314,0.77858096,0.5698515,0.36589777,0.44348523,0.31658956,0.77858096,0.45321256,0.025479851,0.1933258896669277,1,"{""type"":""MultiPoint"",""coordinates"":[]}"
1504_0,0.5301564,0.7421777,0.4085,-0.013295243,0.66093534,0.73139536,0.755065,0.2455516,0.18120806,0.6938186,0.71355987,0.29589182,0.755065,0.49541372,-0.013295243,0.25279427703178614,1,"{""type"":""MultiPoint"",""coordinates"":[]}"
1505_0,0.7635291,0.85316455,0.61083686,0.21149898,0.7160584,0.8519889,0.8849667,0.04236006,0.4235501,0.8407767,0.510467,0.41222113,0.8849667,0.59345156,0.04236006,0.2650300726863046,1,"{""type"":""MultiPoint"",""coordinates"":[]}"
1506_0,0.60048556,0.302361,0.2615786,0.4481681,0.464,0.8554012,0.6076525,0.65095544,0.18165939,-0.5,0.23137085,0.13057852,0.8554012,0.3528509,-0.5,0.3317645780128126,1,"{""type"":""MultiPoint"",""coordinates"":[]}"
1507_0,0.5772906,0.3110048,0.28189552,0.31493944,0.41296712,0.7703748,0.7501326,0.63957787,0.15470353,-0.5559471,0.2181279,0.15456675,0.7703748,0.33580282,-0.5559471,0.3410445934798061,1,"{""type"":""MultiPoint"",""coordinates"":[]}"
1508_0,0.6658196,0.38961038,0.338843,0.28295255,0.47443098,0.7344209,0.8270189,0.666004,0.24020442,-0.15876289,0.23275068,0.24503312,0.8270189,0.41152713,-0.15876289,0.2656488944771152,1,"{""type"":""MultiPoint"",""coordinates"":[]}"
1509_0,0.4490976,0.3354394,0.29089978,0.4616999,0.5263028,0.5092308,0.6804274,0.16804676,0.35582966,0.77597743,0.70179766,0.59880906,0.77597743,0.48779652,0.16804676,0.1741723673918783,1,"{""type"":""MultiPoint"",""coordinates"":[]}"
1510_0,0.26019374,0.26518974,0.2644628,0.4308026,0.50088674,0.35002637,0.5992112,0.13955823,0.30314657,0.70818996,0.6694064,0.20083103,0.70818996,0.3909921,0.13955823,0.18093858869597354,1,"{""type"":""MultiPoint"",""coordinates"":[]}"
1511_0,0.48271695,0.4212766,0.34989253,0.4712963,0.6157108,0.46501818,0.7257397,0.77633226,0.27898777,0.6293509,0.76969695,0.7278481,0.77633226,0.5594889,0.27898777,0.16318317567184057,1,"{""type"":""MultiPoint"",""coordinates"":[]}"
1512_0,0.20145473,0.19110012,0.19970703,0.18708053,0.6830435,0.56661564,0.75687283,0.13897413,0.27967396,0.73170733,0.73491967,0.2272535,0.75687283,0.40820023,0.13897413,0.24792340130279442,1,"{""type"":""MultiPoint"",""coordinates"":[]}"
1513_0,0.36120105,0.29972163,0.2489772,0.3136763,0.43024275,0.37613568,0.61503357,0.502008,0.54228157,0.55494505,0.66382647,0.42983425,0.66382647,0.44482362,0.2489772,0.12602466644299973,1,"{""type"":""MultiPoint"",""coordinates"":[]}"
1514_0,0.29913044,0.30391926,0.25983146,0.4529148,0.6226827,0.5683925,0.6832332,0.6169649,0.7936073,0.7235474,0.32129723,0.76975733,0.7936073,0.5346065,0.25983146,0.1897781535872116,1,"{""type"":""MultiPoint"",""coordinates"":[]}"
1515_0,0.44217688,0.48075578,0.36527473,0.55772024,0.63378507,0.6223696,0.55914944,0.5328009,0.50117487,0.5484265,0.54815817,0.44296297,0.63378507,0.5195629,0.36527473,0.07414520316736692,1,"{""type"":""MultiPoint"",""coordinates"":[]}"
1516_0,0.30636325,0.21566902,0.18976049,0.17030568,0.26231578,0.79785377,0.7663158,0.41864556,0.1696477,0.8841735,0.8022581,0.15707822,0.8841735,0.42836556,0.15707822,0.28138627390660326,1,"{""type"":""MultiPoint"",""coordinates"":[]}"
1517_0,0.29641983,0.22927281,0.19578649,0.17556679,0.27147174,0.76389754,0.7644178,0.3621908,0.093333334,0.8512914,0.8062643,0.18936877,0.8512914,0.4166068,0.093333334,0.2767273051803942,1,"{""type"":""MultiPoint"",""coordinates"":[]}"
1518_0,0.23548181,0.22138613,0.22557442,0.18756776,0.23062898,0.18453132,0.17225859,0.17076701,0.08044474,0.83706355,0.759433,0.30831975,0.83706355,0.3011214,0.08044474,0.22866676497301996,1,"{""type"":""MultiPoint"",""coordinates"":[]}"
1519_0,0.25678253,0.28680202,0.23695014,0.2565865,0.35714287,0.34430084,0.3041958,0.33118594,0.37783375,0.73599774,0.6631098,0.35373053,0.73599774,0.37538487,0.23695014,0.15188077795660115,1,"{""type"":""MultiPoint"",""coordinates"":[]}"
1520_0,0.25467387,0.25701943,0.2531906,0.35807902,0.47286186,0.38109162,0.44676322,0.4076039,0.26593408,0.8239907,0.7217132,0.2909464,0.8239907,0.41115564,0.2531906,0.17898439448645623,1,"{""type"":""MultiPoint"",""coordinates"":[]}"
1521_0,0.74407583,0.8294494,0.57031655,0.31567478,0.84694594,0.8913204,0.7482051,0.47807932,0.68968385,0.8294494,0.6775896,0.27155173,0.8913204,0.6576952,0.27155173,0.1984208416527031,1,"{""type"":""MultiPoint"",""coordinates"":[]}"
1522_0,0.73471534,0.7916554,0.41935483,0.18218756,0.27429804,0.47015536,0.3479656,0.55257815,0.5968952,0.41567203,0.1997152,0.49701148,0.7916554,0.45685035,0.18218756,0.18477704090804573,1,"{""type"":""MultiPoint"",""coordinates"":[]}"
1523_0,0.61896974,0.5723115,0.38984546,0.4349802,0.66386116,0.55663234,0.43280765,0.6365645,0.61054236,0.6824477,0.6400441,0.42972386,0.6824477,0.55572754,0.38984546,0.10072977117816746,1,"{""type"":""MultiPoint"",""coordinates"":[]}"
1524_0,0.38779813,0.2455669,0.21902874,0.19115393,0.25716847,0.23511605,0.25569084,0.29038113,0.565427,0.7352056,0.37333134,0.4508537,0.7352056,0.35056016,0.19115393,0.15665497581647062,1,"{""type"":""MultiPoint"",""coordinates"":[]}"
1525_0,0.38185155,0.24266666,0.22053045,0.17764299,0.21632653,0.21913129,0.25059366,0.21347368,0.5799488,0.76725197,0.37296766,0.44007155,0.76725197,0.34020472,0.17764299,0.17247830582629087,1,"{""type"":""MultiPoint"",""coordinates"":[]}"
1526_0,0.33521852,0.42925775,0.33570752,0.22774927,0.3012947,0.2186589,0.23793018,0.24463938,0.561753,0.76808083,0.51421106,0.247505,0.76808083,0.3685005,0.2186589,0.1627695600073861,1,"{""type"":""MultiPoint"",""coordinates"":[]}"
1527_0,0.3485681,0.3271137,0.23973727,0.3321483,0.39548472,0.35710427,0.37794432,0.16445352,0.53744495,0.51810235,0.36688972,0.33985013,0.53744495,0.35873678,0.16445352,0.09712380989990342,1,"{""type"":""MultiPoint"",""coordinates"":[]}"
1528_0,0.5239625,0.5598086,0.3046651,0.43622854,0.44401544,0.5698651,0.64285713,0.27376762,0.46718818,0.54463667,0.45032257,0.32517985,0.64285713,0.46187478,0.27376762,0.10978579365370703,1,"{""type"":""MultiPoint"",""coordinates"":[]}"
1529_0,0.75671643,0.7408907,0.27930763,0.4056701,0.5199684,0.7922154,0.8353726,0.15124653,0.42523077,0.53446555,0.071119845,0.45649138,0.8353726,0.49739128,0.071119845,0.2404778372367731,1,"{""type"":""MultiPoint"",""coordinates"":[]}"
1530_0,0.32493848,0.6983588,0.650989,0.68077207,0.26810175,0.18354088,0.3690045,0.5833743,0.21998613,0.85178053,0.7409266,0.34396356,0.85178053,0.49297807,0.18354088,0.22125812390225133,1,"{""type"":""MultiPoint"",""coordinates"":[]}"
1531_0,0.23712611,0.6204995,0.6268514,0.71244806,0.2570443,0.2110849,0.1460405,0.1720973,0.25849167,0.8435438,0.73849374,0.280857,0.8435438,0.4253815,0.1460405,0.2474186324434107,1,"{""type"":""MultiPoint"",""coordinates"":[]}"
1532_0,0.32730263,0.50884956,0.5124941,0.615345,0.3149062,0.23136818,0.22227557,0.33857495,0.31631058,0.76977736,0.6813187,0.34263715,0.76977736,0.43176332,0.22227557,0.17350820851335244,1,"{""type"":""MultiPoint"",""coordinates"":[]}"
1533_0,0.3752809,0.31354642,0.24862431,0.32527882,0.60123646,0.5778806,0.7020917,0.47058824,0.3036859,0.69057906,0.64638394,0.48993692,0.7020917,0.47875944,0.24862431,0.15626701197709372,1,"{""type"":""MultiPoint"",""coordinates"":[]}"
1534_0,0.3388115,0.26430935,0.25078535,0.3503937,0.5390645,0.5719762,0.66168505,0.4750733,0.24377297,0.68854964,0.5886722,0.46244252,0.68854964,0.45296136,0.24377297,0.15368170948777937,1,"{""type"":""MultiPoint"",""coordinates"":[]}"
1535_0,0.37729868,0.38890755,0.2783775,0.53181416,0.62288684,0.5769387,0.6372315,0.58966714,0.37286362,0.5441341,0.45310667,0.49203375,0.6372315,0.48877168,0.2783775,0.10965106436546138,1,"{""type"":""MultiPoint"",""coordinates"":[]}"
1536_0,0.23027375,0.23530778,0.17704107,0.37926903,0.48243076,0.87902474,0.84435797,0.10539018,0.029977629,0.90839696,0.71491015,0.22439024,0.90839696,0.43423086,0.029977629,0.30793798958766555,1,"{""type"":""MultiPoint"",""coordinates"":[]}"
1537_0,0.2739789,0.28799635,0.2747065,0.15934324,0.34029388,0.8118721,0.7544537,0.67761195,0.08243728,0.8502641,0.48076922,0.6037028,0.8502641,0.4664525,0.08243728,0.2543882657810271,1,"{""type"":""MultiPoint"",""coordinates"":[]}"
1538_0,0.33732533,0.2692122,0.18501957,0.34932643,0.13082707,0.61354756,0.7061553,0.50037545,0.14103472,0.71376145,0.7878788,0.40513834,0.7878788,0.42830017,0.13082707,0.22324420372610312,1,"{""type"":""MultiPoint"",""coordinates"":[]}"
1539_0,0.73942095,0.5289506,0.33735088,0.22854973,0.69343066,0.69704,0.7857351,0.38515082,0.27805486,0.8385158,0.2735521,0.5034381,0.8385158,0.5240991,0.22854973,0.211650148922949,1,"{""type"":""MultiPoint"",""coordinates"":[]}"
1540_0,0.725468,0.60855883,0.33719176,0.20012616,0.71836275,0.72389793,0.7921332,0.3003058,0.20478891,0.87772924,0.330043,0.564834,0.87772924,0.5319533,0.20012616,0.2332290496222352,1,"{""type"":""MultiPoint"",""coordinates"":[]}"
1541_0,0.7192076,0.5627907,0.3180738,0.19044459,0.75274175,0.7051793,0.81062853,0.30325815,0.22998545,0.83461213,0.24879807,0.5403604,0.83461213,0.5180067,0.19044459,0.23590328407221003,1,"{""type"":""MultiPoint"",""coordinates"":[]}"
1542_0,0.29691008,0.23908919,0.21618497,0.12712896,0.8277907,0.85390174,0.86348885,0.16635041,0.5651537,0.8761155,0.59388155,0.19939691,0.8761155,0.48544937,0.12712896,0.2954356002318654,1,"{""type"":""MultiPoint"",""coordinates"":[]}"
1543_0,0.49709955,0.25601965,0.207483,0.1334713,0.4297209,0.6358921,0.7052064,0.5765604,0.07570865,0.76641864,0.71693057,0.49009246,0.76641864,0.4575503,0.07570865,0.22864758879922026,1,"{""type"":""MultiPoint"",""coordinates"":[]}"
1544_0,0.23558119,0.23597507,0.20169947,0.17082785,0.14558169,0.42728636,0.4942641,0.64456236,0.33536056,-0.24018475,0.04721435,0.65240484,0.65240484,0.2792144,-0.24018475,0.24273806118151112,1,"{""type"":""MultiPoint"",""coordinates"":[]}"
1545_0,0.2852349,0.24298356,0.21521889,0.147013,0.7152639,0.81588495,0.8838214,0.15727872,0.29918256,0.79429847,0.70472443,0.25342143,0.8838214,0.4595272,0.147013,0.27969864202459405,1,"{""type"":""MultiPoint"",""coordinates"":[]}"
1546_0,0.2754422,0.22281295,0.20241827,0.11893824,0.7179562,0.83431005,0.86460155,0.16904025,0.46206897,0.83153105,0.68899757,0.19451249,0.86460155,0.46521914,0.11893824,0.28703024896702456,1,"{""type"":""MultiPoint"",""coordinates"":[]}"
1547_0,0.40759283,0.35849056,0.2599746,0.18358038,0.60448456,0.7560116,0.8021454,0.1120797,0.38800347,0.7412849,0.5453832,0.1872038,0.8021454,0.4455196,0.1120797,0.2308635783565899,1,"{""type"":""MultiPoint"",""coordinates"":[]}"
1548_0,0.7069296,0.23759036,0.29923907,0.3533398,0.19132653,0.23066954,0.16452074,0.2808528,0.8015915,0.760228,0.28016195,0.18493441,0.8015915,0.37428203,0.16452074,0.22702677821991465,1,"{""type"":""MultiPoint"",""coordinates"":[]}"
1549_0,0.5838655,0.7876459,0.5470402,0.19359533,0.20259085,0.20487708,0.39434648,0.31682894,0.17602041,0.83671707,0.6122951,0.18259224,0.83671707,0.41986793,0.17602041,0.23465923373959885,1,"{""type"":""MultiPoint"",""coordinates"":[]}"
1550_0,0.4971116,0.8086723,0.56312937,0.19153936,0.21797752,0.43418467,0.7549844,0.16541865,0.31601006,0.6941591,0.51464224,0.2674868,0.8086723,0.45210966,0.16541865,0.21477804347237464,1,"{""type"":""MultiPoint"",""coordinates"":[]}"
1551_0,0.5468463,0.5318604,0.38362196,0.4743381,0.6189968,0.598709,0.57960266,0.48863962,0.4466091,0.54498047,0.43179715,0.4800693,0.6189968,0.5105059,0.38362196,0.06854413460308602,1,"{""type"":""MultiPoint"",""coordinates"":[]}"
1552_0,0.72219753,0.7648358,0.3767113,0.42714995,0.7804442,0.7742432,0.17803739,0.60670626,0.65147454,0.5302694,0.20778146,0.5502312,0.7804442,0.54750687,0.17803739,0.2028164625482037,1,"{""type"":""MultiPoint"",""coordinates"":[]}"
1553_0,0.7277311,0.7668858,0.35594276,0.4563832,0.8360222,0.836919,0.24474864,0.41137347,0.5826197,0.19090429,0.16611515,0.65225744,0.836919,0.5189919,0.16611515,0.2376757176828366,1,"{""type"":""MultiPoint"",""coordinates"":[]}"
1554_0,0.20074813,0.15273015,0.1399825,0.22165474,0.7129736,0.83868355,0.9121133,0.89660054,0.77923405,0.4330011,0.46379143,0.4542392,0.9121133,0.51714605,0.1399825,0.28675893188820684,1,"{""type"":""MultiPoint"",""coordinates"":[]}"
1555_0,0.7017868,0.616885,0.2252575,0.060192764,0.5739645,0.8126316,0.7977602,0.07643312,-0.5010941,-0.6697819,-0.04565801,0.29372936,0.8126316,0.24517557,-0.6697819,0.46781554994605185,1,"{""type"":""MultiPoint"",""coordinates"":[]}"
1556_0,0.6252465,0.62795275,0.26935926,0.312,0.81360203,0.74126613,0.78515005,0.32953683,0.43399638,0.75457627,0.48940754,0.36987352,0.81360203,0.54599726,0.26935926,0.19329236571266953,1,"{""type"":""MultiPoint"",""coordinates"":[]}"
1557_0,0.6484574,0.345084,0.31533366,0.48493683,0.48841408,0.6520968,0.747957,0.46478873,0.13810484,0.34413967,0.24834193,0.5165628,0.747957,0.44951814,0.13810484,0.171911542869945,1,"{""type"":""MultiPoint"",""coordinates"":[]}"
1558_0,0.7512796,0.37858868,0.32762095,0.52438414,0.5646802,0.81901586,0.83830523,0.2792434,0.19207415,0.2761117,0.16089435,0.50877196,0.83830523,0.4684142,0.16089435,0.22828558973798418,1,"{""type"":""MultiPoint"",""coordinates"":[]}"
1559_0,0.2761468,0.24530773,0.2113919,0.33306155,0.6851498,0.8801762,0.81178004,0.45109662,0.5954101,0.8224852,0.3002402,0.7255485,0.8801762,0.52814955,0.2113919,0.24133679353173,1,"{""type"":""MultiPoint"",""coordinates"":[]}"
1560_0,0.26974535,0.25347,0.25155213,0.29715535,0.2892562,0.5476152,0.8387755,0.3233288,0.22692977,0.5076748,0.7007712,0.21784776,0.8387755,0.39367685,0.21784776,0.19753018722601,1,"{""type"":""MultiPoint"",""coordinates"":[]}"
1561_0,0.31413883,0.36636388,0.18274383,0.46633723,0.8572113,0.63199663,0.24261874,0.62018925,0.5357054,0.18589744,0.7977133,0.7835883,0.8572113,0.49870867,0.18274383,0.23253531266492317,1,"{""type"":""MultiPoint"",""coordinates"":[]}"
1562_0,0.2446688,0.23953329,0.22159785,0.2187637,0.28829914,0.3652244,0.6265329,0.677128,0.72113675,0.686897,0.62226427,0.55977654,0.72113675,0.45598522,0.2187637,0.1998147651650399,1,"{""type"":""MultiPoint"",""coordinates"":[]}"
1563_0,0.60337555,0.7612732,0.57571,0.5751931,0.56252515,0.5266887,0.49294606,0.53100497,0.77408785,0.84985614,0.6754108,0.6966468,0.84985614,0.6353932,0.49294606,0.10914650649417294,1,"{""type"":""MultiPoint"",""coordinates"":[]}"
1564_0,0.47000343,0.80347115,0.59346545,0.23921151,0.25575554,0.28430912,0.28267232,0.14479639,0.5601966,0.80677795,0.62906003,0.31879544,0.80677795,0.44904292,0.14479639,0.21706147951989874,1,"{""type"":""MultiPoint"",""coordinates"":[]}"
1565_0,0.47255412,0.8243455,0.5910064,0.22766122,0.29397243,0.3551708,0.2057531,0.15017462,0.69541484,0.8829839,0.5522834,0.22990975,0.8829839,0.45676917,0.15017462,0.2413339394616342,1,"{""type"":""MultiPoint"",""coordinates"":[]}"
1566_0,0.66010535,0.83283836,0.58601654,0.15518394,0.46574914,0.7978938,0.8449175,0.3272727,0.12587413,0.86067873,0.72924334,0.2834769,0.86067873,0.5557709,0.12587413,0.26356499306205233,1,"{""type"":""MultiPoint"",""coordinates"":[]}"
1567_0,0.3011114,0.38359314,0.31018624,0.28414443,0.44574916,0.79485875,0.7979495,0.2328134,0.3552239,0.8775744,0.77030057,0.27865562,0.8775744,0.48601338,0.2328134,0.2361158402772793,1,"{""type"":""MultiPoint"",""coordinates"":[]}"
1568_0,0.11644658,0.12217367,0.1554534,0.041911766,0.27221325,0.82728297,0.8501767,0.52803946,-0.077419356,-0.23678161,-0.042589437,0.5773441,0.8501767,0.2611876,-0.23678161,0.3407226985210847,1,"{""type"":""MultiPoint"",""coordinates"":[]}"
1569_0,0.5627026,0.24743444,0.17089233,0.11677753,0.71722364,0.8685656,0.8308528,0.03819174,0.47200543,0.88849986,0.45001188,0.13566847,0.88849986,0.45823553,0.03819174,0.3020306752110743,1,"{""type"":""MultiPoint"",""coordinates"":[]}"
1570_0,0.23267688,0.2284041,0.18891345,0.39694488,0.8043803,0.70357233,0.16420233,0.7241625,0.83972126,0.1255108,0.5315895,0.76490986,0.83972126,0.47541568,0.1255108,0.26914901343602604,1,"{""type"":""MultiPoint"",""coordinates"":[]}"
1571_0,0.44186047,0.26076669,0.21746802,0.21939328,0.44744018,0.7408313,0.57212543,0.15426601,0.49740034,0.59262365,0.23717949,0.17142858,0.7408313,0.3793986,0.15426601,0.18613546395735658,1,"{""type"":""MultiPoint"",""coordinates"":[]}"
1572_0,0.18088737,0.19221412,0.19063345,0.38967264,0.49757516,0.5256534,0.58249944,0.4367487,0.14415585,0.54369265,0.5557423,0.5690944,0.58249944,0.40071413,0.14415585,0.16684294162132923,1,"{""type"":""MultiPoint"",""coordinates"":[]}"
1573_0,0.1634183,0.13800135,0.285282,0.5897865,0.70081174,0.7487437,0.6700116,0.5979943,0.22989234,0.66930985,0.7448212,0.58185786,0.7487437,0.5099942,0.13800135,0.22477114776239476,1,"{""type"":""MultiPoint"",""coordinates"":[]}"
1574_0,0.13125989,0.22929631,0.41764957,0.81131727,0.8340664,0.8109527,0.7625289,0.3478387,0.17069486,0.7423581,0.8188545,0.6140921,0.8340664,0.55757576,0.13125989,0.2669895644510781,1,"{""type"":""MultiPoint"",""coordinates"":[]}"
1575_0,0.2659396,0.20092379,0.20015885,0.23145805,0.25425023,0.4112247,0.5385293,0.13002715,0.1404087,0.88982123,0.7298722,0.16965047,0.88982123,0.34685537,0.13002715,0.23711599511587553,1,"{""type"":""MultiPoint"",""coordinates"":[]}"
1576_0,0.14893617,0.07620091,0.12123386,0.07626985,0.05120167,0.12728335,0.00513992,0.058910985,0.08367769,0.15399003,0.057539374,0.080452345,0.15399003,0.086736344,0.00513992,0.0418756141401935,1,"{""type"":""MultiPoint"",""coordinates"":[]}"
1577_0,0.24384788,0.21595487,0.23061348,0.34191594,0.3683757,0.22094241,0.20793788,0.13679795,0.4954047,0.8378378,-0.0041771093,0.09637883,0.8378378,0.28265253,-0.0041771093,0.20829673748115976,1,"{""type"":""MultiPoint"",""coordinates"":[]}"
1578_0,0.6511142,0.5714286,0.24956457,0.27088606,0.077294685,0.03568394,0.63604856,0.7162593,0.2630491,-0.11900533,0.30775788,0.7808717,0.7808717,0.37007943,-0.11900533,0.28214980056199424,1,"{""type"":""MultiPoint"",""coordinates"":[]}"
1579_0,0.74363256,0.73383373,0.27130976,0.22587968,0.7282001,0.8124912,0.7399417,0.37434706,0.38387868,0.7424837,0.22396187,0.6069652,0.8124912,0.54891044,0.22396187,0.22281853736630902,1,"{""type"":""MultiPoint"",""coordinates"":[]}"
1580_0,0.35590744,0.3481741,0.2890279,0.66504854,0.4935645,0.42337164,0.5225131,0.48414984,0.23524451,0.8303871,0.8254403,0.32410613,0.8303871,0.4830779,0.23524451,0.19037250811579007,1,"{""type"":""MultiPoint"",""coordinates"":[]}"
1581_0,0.69079447,0.60657424,0.26819128,0.43170357,0.21266073,0.27399462,0.15386553,0.32135308,0.7052877,0.8135912,0.6612143,0.24644946,0.8135912,0.44880667,0.15386553,0.22189293446426295,1,"{""type"":""MultiPoint"",""coordinates"":[]}"
1582_0,0.67896676,0.5879135,0.3045796,0.51724136,0.21067488,0.27304786,0.14327772,0.37605894,0.61531764,0.7438849,0.56221807,0.22447293,0.7438849,0.4364712,0.14327772,0.1958328615978045,1,"{""type"":""MultiPoint"",""coordinates"":[]}"
1583_0,0.32673267,0.28518057,0.2490473,0.39637306,0.25289112,0.30186915,0.28324205,0.297572,0.5019271,0.5421549,0.46379414,0.33922932,0.5421549,0.35333446,0.2490473,0.09529511038158343,1,"{""type"":""MultiPoint"",""coordinates"":[]}"
1584_0,0.45763698,0.45106047,0.34897897,0.4754749,0.600419,0.51402146,0.61214834,0.5358197,0.34470376,0.71619195,0.73255813,0.5754577,0.73255813,0.5303726,0.34470376,0.11947889954965622,1,"{""type"":""MultiPoint"",""coordinates"":[]}"
1585_0,0.28153646,0.26126537,0.24800354,0.35155165,0.5254792,0.40361297,0.2760512,0.16132537,0.29887453,0.8331194,0.68375033,0.28692546,0.8331194,0.3842913,0.16132537,0.19038901543495476,1,"{""type"":""MultiPoint"",""coordinates"":[]}"
1586_0,0.3348105,0.29807124,0.26068377,0.23552895,0.41596076,0.34129214,0.5073892,0.42179662,0.34194493,0.59915435,0.54070795,0.3029373,0.59915435,0.38335648,0.23552895,0.11020300461512184,1,"{""type"":""MultiPoint"",""coordinates"":[]}"
1587_0,0.3299435,0.4386709,0.2751644,0.26837236,0.18268889,0.3707445,0.8171149,0.6907537,-0.18422754,-0.086546704,0.22855562,0.7983539,0.8171149,0.34413236,-0.18422754,0.29924765327280634,1,"{""type"":""MultiPoint"",""coordinates"":[]}"
1588_0,0.2410792,0.22350994,0.21182062,0.19802357,0.25449872,0.41795957,0.7028809,0.713843,0.19937041,-0.25085324,0.10026858,0.58296144,0.713843,0.29961357,-0.25085324,0.25990137922321993,1,"{""type"":""MultiPoint"",""coordinates"":[]}"
1589_0,0.18777943,0.18107909,0.29910004,0.6465281,0.27310926,0.5,0.6458853,0.63418204,0.71802104,0.3471295,0.18799755,0.2012384,0.71802104,0.40183747,0.18107909,0.20282715696062914,1,"{""type"":""MultiPoint"",""coordinates"":[]}"
1590_0,0.25765467,0.26985446,0.26230898,0.28262463,0.6524532,0.6190069,0.7297028,0.20592906,0.23191094,0.8838491,0.78542143,0.56274664,0.8838491,0.4786219,0.20592906,0.24000401126042648,1,"{""type"":""MultiPoint"",""coordinates"":[]}"
1591_0,0.28392297,0.24806201,0.23500447,0.24668857,0.43026942,0.40336516,0.4139315,0.22279309,0.21623065,0.73491776,0.48250905,0.47326908,0.73491776,0.36591363,0.21623065,0.14831989135341578,1,"{""type"":""MultiPoint"",""coordinates"":[]}"
1592_0,0.26139444,0.24524803,0.2115089,0.21750663,0.23235801,0.3220051,0.25634608,0.21562156,0.3074468,0.8481848,0.743877,0.4575419,0.8481848,0.35991994,0.2115089,0.20666651204288455,1,"{""type"":""MultiPoint"",""coordinates"":[]}"
1593_0,0.6515332,0.5618061,0.4478958,0.42787167,0.67550564,0.71999186,0.71954346,0.56130147,0.5950513,-0.15231788,0.29450014,0.72970116,0.72970116,0.5193653,-0.15231788,0.23994816283732986,1,"{""type"":""MultiPoint"",""coordinates"":[]}"
1594_0,0.6554622,0.48598132,0.326879,0.25203252,0.6114138,0.70344985,0.7239784,0.27945578,0.3234547,-0.5855856,0.22396785,0.6844299,0.7239784,0.39040998,-0.5855856,0.3469134694050363,1,"{""type"":""MultiPoint"",""coordinates"":[]}"
1595_0,0.688278,0.51508504,0.2934849,0.2510207,0.6708565,0.76117283,0.7413214,0.23894219,0.50501674,0.0015082957,0.28900257,0.76859504,0.76859504,0.4770237,0.0015082957,0.24545080269629674,1,"{""type"":""MultiPoint"",""coordinates"":[]}"
1596_0,0.5483077,0.5794807,0.5190999,0.5818234,0.64081234,0.6764195,0.6208882,0.6606635,0.5455208,0.73086125,0.62345463,0.7209721,0.73086125,0.620692,0.5190999,0.06565658007459788,1,"{""type"":""MultiPoint"",""coordinates"":[]}"
1597_0,0.5631538,0.59091645,0.5216058,0.5773134,0.539823,0.50112075,0.48220733,0.58435696,0.715094,0.69170475,0.5741845,0.6483079,0.715094,0.5824824,0.48220733,0.06867360117370241,1,"{""type"":""MultiPoint"",""coordinates"":[]}"
1598_0,0.35544753,0.32134956,0.27949974,0.28409767,0.40537798,0.40769443,0.45370796,0.4102175,0.46877602,0.530673,0.40010542,0.31622064,0.530673,0.38609728,0.27949974,0.07399701339180376,1,"{""type"":""MultiPoint"",""coordinates"":[]}"
1599_0,0.38514444,0.45337206,0.33252057,0.33485454,0.31260997,0.43656343,0.46702558,0.23404256,0.58005404,0.7298818,0.54381716,0.42877194,0.7298818,0.43655485,0.23404256,0.12896785139369113,1,"{""type"":""MultiPoint"",""coordinates"":[]}"
1600_0,0.42013338,0.4757749,0.32375166,0.34867504,0.25055015,0.39635995,0.42394146,0.20471667,0.5801072,0.67941505,0.53412247,0.29136062,0.67941505,0.41074237,0.20471667,0.133719384333182,1,"{""type"":""MultiPoint"",""coordinates"":[]}"
1601_0,0.6877689,0.8438114,0.6167992,0.2519501,0.75878704,0.8777185,0.8272707,0.05973025,0.6720306,0.8584675,0.6305614,0.16607052,0.8777185,0.6042472,0.05973025,0.2731694874294924,1,"{""type"":""MultiPoint"",""coordinates"":[]}"
1602_0,0.7467606,0.342723,0.27051812,0.14711809,0.81406,0.8347601,0.7887689,0.16285613,0.07350689,0.4215501,0.76634055,0.6959554,0.8347601,0.50540984,0.07350689,0.28396027762181714,1,"{""type"":""MultiPoint"",""coordinates"":[]}"
1603_0,0.72754425,0.2879496,0.24943,0.18406537,0.8052414,0.826215,0.777668,0.29282254,0.12865242,0.7837365,0.70320773,0.6196491,0.826215,0.5321818,0.12865242,0.2646600007402575,1,"{""type"":""MultiPoint"",""coordinates"":[]}"
1604_0,0.7490391,0.25140563,0.22997992,0.1800379,0.8280354,0.83990663,0.77198863,0.22858411,0.054925893,0.60804766,0.70119715,0.618447,0.83990663,0.5051329,0.054925893,0.2789643782406235,1,"{""type"":""MultiPoint"",""coordinates"":[]}"
1605_0,0.4060295,0.41718394,0.3368329,0.5367936,0.47374773,0.64587206,0.6086302,0.57205695,0.4214582,0.57375,0.37046006,0.39818054,0.64587206,0.48008296,0.3368329,0.09858253922928648,1,"{""type"":""MultiPoint"",""coordinates"":[]}"
1606_0,0.2448299,0.22373806,0.19148937,0.2483529,0.26613966,0.24562632,0.2775061,0.51719975,0.6001088,0.72477067,0.37672412,0.3641791,0.72477067,0.35672206,0.19148937,0.16252655583653272,1,"{""type"":""MultiPoint"",""coordinates"":[]}"
1607_0,0.64683115,0.64675987,0.5623932,0.6211691,0.7266772,0.7428915,0.7348751,0.74485594,0.7716644,0.73375165,0.78899086,0.66261685,0.78899086,0.69862306,0.5623932,0.06592935054042368,1,"{""type"":""MultiPoint"",""coordinates"":[]}"
1608_0,0.7101492,0.81212455,0.4793376,0.20022476,0.843932,0.8623921,0.6356731,0.2164297,0.36372745,0.804991,0.07177928,0.74783444,0.8623921,0.56238294,0.07177928,0.2723352925080498,1,"{""type"":""MultiPoint"",""coordinates"":[]}"
1609_0,0.3944905,0.24460012,0.24953887,0.30754066,0.1881335,0.30679405,0.38203958,0.40723234,0.3843212,0.6979317,0.69752353,0.5728953,0.6979317,0.40275344,0.1881335,0.1624416725719378,1,"{""type"":""MultiPoint"",""coordinates"":[]}"
1610_0,0.31648237,0.17991632,0.1851269,0.20023592,0.34168407,0.43980038,0.3966705,0.19061583,0.27149102,0.17418033,0.33891213,0.41404358,0.43980038,0.28742993,0.17418033,0.09561189614442187,1,"{""type"":""MultiPoint"",""coordinates"":[]}"
1611_0,0.48109853,0.55714285,0.4864225,0.61603224,0.73039824,0.7439053,0.68848974,0.48811817,0.2902511,0.83995813,0.64797914,0.73936456,0.83995813,0.6090967,0.2902511,0.14760514735416383,1,"{""type"":""MultiPoint"",""coordinates"":[]}"
1612_0,0.47835422,0.5544077,0.5198203,0.5531681,0.66503537,0.6761235,0.63316715,0.36916715,0.34878588,0.82441115,0.66202986,0.73353595,0.82441115,0.58483386,0.34878588,0.13610502390242601,1,"{""type"":""MultiPoint"",""coordinates"":[]}"
1613_0,0.45548534,0.48980162,0.421387,0.48635122,0.58373314,0.5984286,0.60982203,0.5574977,0.4433357,0.7754647,0.6104519,0.6359777,0.7754647,0.55564475,0.421387,0.09710103317715639,1,"{""type"":""MultiPoint"",""coordinates"":[]}"
1614_0,0.42009372,0.39012095,0.35267323,0.3440151,0.5760969,0.55133843,0.6509622,0.6880917,0.721669,0.66885835,0.66159606,0.6238026,0.721669,0.5541099,0.3440151,0.1338673128786904,1,"{""type"":""MultiPoint"",""coordinates"":[]}"
1615_0,0.2927475,0.26652452,0.24184361,0.24939984,0.36797455,0.34651127,0.40558892,0.35347778,0.53492194,0.5784469,0.49431232,0.28553617,0.5784469,0.3681071,0.24184361,0.10913791651449427,1,"{""type"":""MultiPoint"",""coordinates"":[]}"
1616_0,0.3551797,0.33184192,0.31896955,0.31562868,0.47596264,0.47656554,0.5539701,0.58499473,0.7451991,0.56490916,0.58299106,0.4094964,0.7451991,0.47630903,0.31562868,0.12908581748471756,1,"{""type"":""MultiPoint"",""coordinates"":[]}"
1617_0,0.22603057,0.23553911,0.2288007,0.3716567,0.15709156,0.6774432,0.83678967,0.43614203,0.22636329,0.8445211,0.3448166,0.43915343,0.8445211,0.41869566,0.15709156,0.23159385486224562,1,"{""type"":""MultiPoint"",""coordinates"":[]}"
1618_0,0.25106564,0.23000433,0.1996703,0.23734178,0.51772153,0.85826415,0.8233911,0.19107896,0.095629595,0.8044693,0.3405474,0.56580734,0.85826415,0.42624927,0.095629595,0.2651158771447278,1,"{""type"":""MultiPoint"",""coordinates"":[]}"
1619_0,0.5079986,0.28664497,0.23241733,0.272808,0.3372973,0.465906,0.45753115,0.53772616,0.10790233,0.63113713,0.14115308,0.5611785,0.63113713,0.3783084,0.10790233,0.1646733424771786,1,"{""type"":""MultiPoint"",""coordinates"":[]}"
1620_0,0.31287727,0.27533266,0.3152432,0.35968116,0.36223507,0.36990437,0.45358345,0.4587946,0.38754648,0.42857143,0.5173527,0.6073485,0.6073485,0.40403923,0.27533266,0.09043517821418041,1,"{""type"":""MultiPoint"",""coordinates"":[]}"
1621_0,0.31828555,0.30502683,0.27635655,0.35341683,0.19222903,0.3556327,0.5692216,0.6048858,0.4327019,0.49209303,0.6731397,0.74860185,0.74860185,0.44346595,0.19222903,0.16631142060216703,1,"{""type"":""MultiPoint"",""coordinates"":[]}"
1622_0,0.3307042,0.30282065,0.24374466,0.3151505,0.14720812,0.25565913,0.58773786,0.7403409,0.29850745,0.30659768,0.71460843,0.8,0.8,0.42025664,0.14720812,0.21501077021217974,1,"{""type"":""MultiPoint"",""coordinates"":[]}"
1623_0,0.16491549,0.15471336,0.15348399,0.1592,0.1364185,0.12037833,0.16598529,0.2,0.18129447,0.21694915,0.2029197,0.20658293,0.21694915,0.17190343,0.12037833,0.02867261486332253,1,"{""type"":""MultiPoint"",""coordinates"":[]}"
1624_0,0.2540889,0.33333334,0.38272727,0.6984062,0.30193236,0.7869964,0.6940837,0.34870318,0.1856171,0.78305286,0.6150646,0.35746983,0.7869964,0.47845632,0.1856171,0.21025095708219527,1,"{""type"":""MultiPoint"",""coordinates"":[]}"
1625_0,0.24769545,0.26376376,0.29239765,0.48699868,0.16934374,0.53090096,0.7847173,0.5121359,0.1513083,0.7258519,0.7832853,0.5952561,0.7847173,0.46197125,0.1513083,0.22338263522050184,1,"{""type"":""MultiPoint"",""coordinates"":[]}"
1626_0,0.34457114,0.2079772,0.19749558,0.20722497,0.7283394,0.7145571,0.7046791,0.22000782,0.81424147,0.8406354,0.36591324,0.19901519,0.8406354,0.4620548,0.19749558,0.259999613345484,1,"{""type"":""MultiPoint"",""coordinates"":[]}"
1627_0,0.30284065,0.1539394,0.1390636,0.15842381,0.85752857,0.8434862,0.7622142,0.11010558,0.8087954,0.8016194,0.42435765,0.1452002,0.85752857,0.45896456,0.11010558,0.31223511310532814,1,"{""type"":""MultiPoint"",""coordinates"":[]}"
1628_0,0.3222761,0.18947998,0.15603799,0.18367347,0.8465674,0.8337099,0.75237167,0.19152771,0.7947179,0.8410873,0.42566597,0.20652641,0.8465674,0.4786368,0.15603799,0.29241430971771726,1,"{""type"":""MultiPoint"",""coordinates"":[]}"
1629_0,0.32312328,0.33590338,0.2991228,0.3506921,0.30812234,0.5919118,0.59293985,0.6954933,-0.020725388,-0.19161677,0.59244716,0.7940937,0.7940937,0.3892923,-0.19161677,0.2754435508058922,1,"{""type"":""MultiPoint"",""coordinates"":[]}"
1630_0,0.2920354,0.23814714,0.2024274,0.2007767,0.22613803,0.72805935,0.6995776,0.77617,0.13725491,-0.20838794,0.7269076,0.8504966,0.8504966,0.40580022,-0.20838794,0.3207104160627622,1,"{""type"":""MultiPoint"",""coordinates"":[]}"
1631_0,0.28290468,0.25397238,0.19027461,0.19761594,0.23034483,0.73799646,0.6808989,0.7778779,0.05699482,-0.1790164,0.664041,0.8269994,0.8269994,0.39340872,-0.1790164,0.31479320207340944,1,"{""type"":""MultiPoint"",""coordinates"":[]}"
1632_0,0.22255866,0.19842689,0.1841577,0.13669547,0.22228475,0.74052477,0.78511405,0.22185129,-0.025149701,0.8726374,0.81884587,0.26541764,0.8726374,0.38694707,-0.025149701,0.30431097719219913,1,"{""type"":""MultiPoint"",""coordinates"":[]}"
1633_0,0.24843243,0.23970723,0.16526972,0.13169105,0.18378378,0.7079646,0.79302394,0.26146635,0.29359332,0.8143526,0.85159874,0.31677258,0.85159874,0.4173047,0.13169105,0.2709998076878783,1,"{""type"":""MultiPoint"",""coordinates"":[]}"
1634_0,0.2236568,0.1935229,0.15900362,0.18631493,0.2729454,0.7969634,0.7787091,0.15121467,0.08906322,0.8349668,0.82043797,0.21029353,0.8349668,0.39309102,0.08906322,0.29644693693410656,1,"{""type"":""MultiPoint"",""coordinates"":[]}"
1635_0,0.27894157,0.2757022,0.20828709,0.30606917,0.49662054,0.680148,0.6570309,0.4980507,0.46192893,0.6844025,0.7432305,0.53998953,0.7432305,0.4858668,0.20828709,0.176263563748881,1,"{""type"":""MultiPoint"",""coordinates"":[]}"
1636_0,0.23216602,0.17245473,0.17316693,0.1366191,0.34295416,0.69020915,0.78584117,0.46986794,0.13217993,0.6977625,0.79804647,0.50629956,0.79804647,0.42813063,0.13217993,0.25209671030738073,1,"{""type"":""MultiPoint"",""coordinates"":[]}"
1637_0,0.20145985,0.18819188,0.16930775,0.13696645,0.3625282,0.66925067,0.82106054,0.5009363,0.13607816,0.7209457,0.78900737,0.49291497,0.82106054,0.43238732,0.13607816,0.2562713642704015,1,"{""type"":""MultiPoint"",""coordinates"":[]}"
1638_0,0.54397887,0.30639493,0.11657215,0.121479094,0.116327815,0.19195788,0.11667566,0.7113461,0.5002848,0.67120624,0.220668,0.13851875,0.7113461,0.31295085,0.116327815,0.2201456327261581,1,"{""type"":""MultiPoint"",""coordinates"":[]}"
1639_0,0.42731652,0.33819145,0.19680704,0.27407408,0.19566125,0.40829584,0.32062083,0.46880367,0.39146993,0.67344344,0.31314185,0.34986225,0.67344344,0.36314067,0.19566125,0.12354764632532315,1,"{""type"":""MultiPoint"",""coordinates"":[]}"
1640_0,0.28653196,0.25099206,0.21606389,0.209035,0.26022792,0.331931,0.32358173,0.61294764,0.32145748,0.82016,0.5121248,0.1870229,0.82016,0.36100635,0.1870229,0.1832855461967041,1,"{""type"":""MultiPoint"",""coordinates"":[]}"
1641_0,0.27337217,0.2947714,0.25367862,0.37526837,0.37368748,0.81178004,0.73180413,0.69908255,0.41841003,0.6214967,0.826703,0.61049867,0.826703,0.5242128,0.25367862,0.20606793055806044,1,"{""type"":""MultiPoint"",""coordinates"":[]}"
1642_0,0.22097379,0.3008547,0.30150908,0.38242844,0.42747506,0.75195146,0.75619715,0.20391677,0.20565656,0.81054956,0.7379743,0.17538005,0.81054956,0.43957224,0.17538005,0.24049404874348107,1,"{""type"":""MultiPoint"",""coordinates"":[]}"
1643_0,0.3383596,0.25470087,0.2355989,0.36512426,0.3317327,0.8617315,0.8294706,0.49571115,0.17586102,0.71143514,0.8637546,0.6568206,0.8637546,0.5100251,0.17586102,0.24960076187991298,1,"{""type"":""MultiPoint"",""coordinates"":[]}"
1644_0,0.3400853,0.2262368,0.270073,0.28240064,0.8436031,0.8599626,0.73848504,0.54496026,0.28902522,0.77511245,0.17011245,0.3998006,0.8599626,0.47832146,0.17011245,0.2484436589954802,1,"{""type"":""MultiPoint"",""coordinates"":[]}"
1645_0,0.24143183,0.14989734,0.15542078,0.2919844,0.8672406,0.84777826,0.7078143,0.51684314,0.34476534,0.7812576,0.15907043,0.449684,0.8672406,0.45943233,0.14989734,0.2666052088890867,1,"{""type"":""MultiPoint"",""coordinates"":[]}"
1646_0,0.24380575,0.17289837,0.16566524,0.25905547,0.8444232,0.80788773,0.68350667,0.51760733,0.30810812,0.7540279,0.1652998,0.48965517,0.8444232,0.45099506,0.1652998,0.2540567498023189,1,"{""type"":""MultiPoint"",""coordinates"":[]}"
1647_0,0.3405552,0.3013294,0.2550926,0.2838384,0.3302878,0.2889105,0.32363635,0.31255728,0.2532674,0.4406943,0.46745855,0.41084513,0.46745855,0.33403942,0.2532674,0.06713463697279803,1,"{""type"":""MultiPoint"",""coordinates"":[]}"
1648_0,0.48869988,0.35246843,0.24021739,0.30376193,0.48595214,0.40469208,0.428,0.391453,0.44878238,0.72671443,0.64635366,0.63147897,0.72671443,0.46238118,0.24021739,0.138408731550278,1,"{""type"":""MultiPoint"",""coordinates"":[]}"
1649_0,0.31999037,0.25267276,0.22785433,0.3121693,0.4453941,0.32108164,0.3550186,0.30472517,0.24838941,0.39164785,0.70312077,0.57916886,0.70312077,0.37176943,0.22785433,0.13611275932749453,1,"{""type"":""MultiPoint"",""coordinates"":[]}"
1650_0,0.28284246,0.22776572,0.20818485,0.108595386,0.7881432,0.79555553,0.68,0.24624157,0.6604278,0.75711226,0.15579228,0.32983744,0.79555553,0.4367082,0.108595386,0.26108800545379707,1,"{""type"":""MultiPoint"",""coordinates"":[]}"
1651_0,0.3557047,0.33988765,0.25442982,0.18592964,0.7456922,0.7226425,0.74144286,0.16067305,0.19066973,0.85345346,0.7253138,0.217357,0.85345346,0.45776635,0.16067305,0.261189191968231,1,"{""type"":""MultiPoint"",""coordinates"":[]}"
1652_0,0.3792,0.32940546,0.27607852,0.3105981,0.6958033,0.69474477,0.6023268,0.51193315,0.7292135,0.73928463,0.65212876,0.5826087,0.73928463,0.5419438,0.27607852,0.16714230059454163,1,"{""type"":""MultiPoint"",""coordinates"":[]}"
1653_0,0.6421715,0.6514198,0.5307657,0.50844175,0.65964526,0.62958544,0.4419643,0.5808656,0.34516767,0.6500846,0.71629214,0.6329114,0.71629214,0.58244294,0.34516767,0.10235925631149156,1,"{""type"":""MultiPoint"",""coordinates"":[]}"
1654_0,0.62023014,0.58411974,0.48862973,0.442348,0.6469423,0.66224396,0.46619996,0.5968545,0.48459587,0.6367508,0.6525794,0.61507404,0.66224396,0.57471406,0.442348,0.07740433572432573,1,"{""type"":""MultiPoint"",""coordinates"":[]}"
1655_0,0.5410078,0.56954515,0.45470905,0.4272,0.6532399,0.624029,0.442369,0.56844056,0.4104714,0.6097714,0.63552743,0.58200693,0.6532399,0.54319316,0.4104714,0.08342190432095435,1,"{""type"":""MultiPoint"",""coordinates"":[]}"
1656_0,0.251497,0.2434457,0.22821577,0.21365891,0.33438486,0.2579365,0.40275717,0.39746597,0.21458046,0.49214026,0.60867965,0.6396669,0.6396669,0.35703576,0.21365891,0.14634524843673824,1,"{""type"":""MultiPoint"",""coordinates"":[]}"
1657_0,0.54480284,0.7823809,0.4521672,0.24129404,0.2674369,0.31842107,0.23649691,0.18660288,0.046272494,0.50975657,0.7506775,0.43279314,0.7823809,0.3974252,0.046272494,0.21461824907867855,1,"{""type"":""MultiPoint"",""coordinates"":[]}"
1658_0,0.26378188,0.2688346,0.22568008,0.1724903,0.1802168,0.27026463,0.2025953,0.16799022,0.38523182,0.6961652,0.51581943,0.6241101,0.6961652,0.33109835,0.16799022,0.17569933658255205,1,"{""type"":""MultiPoint"",""coordinates"":[]}"
1659_0,0.25347728,0.54418606,0.31803098,0.15752351,0.84313726,0.82017434,0.7374127,0.12456918,0.8157277,0.82497215,0.27949184,0.1398041,0.84313726,0.48820892,0.12456918,0.29050015106456684,1,"{""type"":""MultiPoint"",""coordinates"":[]}"
1660_0,0.3270548,0.23308958,0.20854662,0.09248453,0.69574153,0.7387033,0.7918552,0.1315508,0.6362971,0.8505652,0.4893359,0.16715543,0.8505652,0.446865,0.09248453,0.271858668208437,1,"{""type"":""MultiPoint"",""coordinates"":[]}"
1661_0,0.44585365,0.3302777,0.2866242,0.03409822,0.7354469,0.8036091,0.7309524,0.12277323,0.7491694,0.7370942,0.45768774,0.18706508,0.8036091,0.46838763,0.03409822,0.26514296239853474,1,"{""type"":""MultiPoint"",""coordinates"":[]}"
1662_0,0.38683018,0.35192004,0.32096934,0.3142962,0.6130536,0.690467,0.50857145,0.35236284,0.31126872,0.4088795,0.6137339,0.29385844,0.690467,0.43051758,0.29385844,0.13342304542802763,1,"{""type"":""MultiPoint"",""coordinates"":[]}"
1663_0,0.25507247,0.2567237,0.23138201,0.091566265,0.17262357,0.1908284,0.2463429,0.20795943,0.36186472,0.52617985,0.33519742,0.38633478,0.52617985,0.27183962,0.091566265,0.11018891225689266,1,"{""type"":""MultiPoint"",""coordinates"":[]}"
1664_0,0.335845,0.31323722,0.31023943,0.3211334,0.600554,0.31868133,0.5668928,0.6487541,0.21714465,0.7832942,0.814091,0.64097035,0.814091,0.48923647,0.21714465,0.19933595144188346,1,"{""type"":""MultiPoint"",""coordinates"":[]}"
1665_0,0.679511,0.2666106,0.26923078,0.0486184,0.73299193,0.8255144,0.86314464,0.15726559,0.5046229,0.8370549,0.2484432,0.14757282,0.86314464,0.46504843,0.0486184,0.29435440476987673,1,"{""type"":""MultiPoint"",""coordinates"":[]}"
1666_0,0.51525146,0.5407449,0.41170534,0.10742582,0.79190004,0.7685367,0.81234896,0.6938776,0.75180143,0.8625446,0.71938115,0.64879954,0.8625446,0.63535976,0.10742582,0.20443332613264006,1,"{""type"":""MultiPoint"",""coordinates"":[]}"
1667_0,0.25241038,0.25776106,0.20012073,0.49056605,0.72259885,0.71715903,0.51272726,0.5130674,0.7614035,0.6349958,0.08720475,0.36951604,0.7614035,0.4599609,0.08720475,0.21636813458752407,1,"{""type"":""MultiPoint"",""coordinates"":[]}"
1668_0,0.30558017,0.28154886,0.2396889,0.49379256,0.5638895,0.3194874,0.3567719,0.5374351,0.68689764,0.7136588,0.11401021,0.7396871,0.7396871,0.44603735,0.11401021,0.19663373625455094,1,"{""type"":""MultiPoint"",""coordinates"":[]}"
1669_0,0.3119469,0.30342385,0.3054271,0.49686062,0.5079929,0.31084564,0.5351696,0.51503617,0.64656085,0.66374886,0.042236026,0.69858587,0.69858587,0.44481954,0.042236026,0.1848242914301451,1,"{""type"":""MultiPoint"",""coordinates"":[]}"
1670_0,0.314464,0.32976392,0.31795242,0.51027256,0.5107257,0.36505613,0.3831009,0.5526122,0.6565906,0.66478175,0.10835509,0.7665102,0.7665102,0.45668212,0.10835509,0.17911329521978156,1,"{""type"":""MultiPoint"",""coordinates"":[]}"
1671_0,0.33946252,0.31860578,0.11111111,0.046857774,0.021622997,0.031206848,0.028282829,0.0523446,0.10662605,0.05810736,0.07063302,0.07249616,0.33946252,0.10477976,0.021622997,0.10388768418335487,1,"{""type"":""MultiPoint"",""coordinates"":[]}"
1672_0,0.22596027,0.25913143,0.1272559,0.080014616,0.08014928,0.14888847,0.15974304,0.121054456,0.26169762,0.2689794,0.16206262,0.1780822,0.2689794,0.1727516,0.080014616,0.06471923507319999,1,"{""type"":""MultiPoint"",""coordinates"":[]}"
1673_0,0.2827201,0.26270783,0.12474284,0.15743756,0.07913669,0.10499523,0.1006831,0.12644416,0.28584072,0.41870937,0.2510288,0.34162107,0.41870937,0.21133895,0.07913669,0.10546652502895551,1,"{""type"":""MultiPoint"",""coordinates"":[]}"
1674_0,0.34041592,0.3055742,0.251155,0.39193383,0.5314286,0.36737806,0.19554695,0.36363637,0.46276367,0.72603536,0.26741055,0.36159602,0.72603536,0.3804062,0.19554695,0.1356569091707291,1,"{""type"":""MultiPoint"",""coordinates"":[]}"
1675_0,0.2764757,0.2820513,0.23533261,0.46413502,0.5213597,0.417523,0.17142858,0.22313336,0.49227917,0.8006719,0.37605804,0.19227675,0.8006719,0.37106043,0.17142858,0.17361027346143804,1,"{""type"":""MultiPoint"",""coordinates"":[]}"
1676_0,0.34486178,0.31255525,0.27493605,0.45270815,0.54473805,0.36156526,0.21766897,0.336924,0.44566777,0.68877554,0.39007092,0.2974731,0.68877554,0.3889954,0.21766897,0.12362222257063392,1,"{""type"":""MultiPoint"",""coordinates"":[]}"
1677_0,0.44171935,0.44188482,0.39493218,0.54620266,0.55014896,0.6813216,0.785782,0.6341339,0.5009597,0.82992125,0.6259038,0.6062834,0.82992125,0.58659947,0.39493218,0.12942401535821862,1,"{""type"":""MultiPoint"",""coordinates"":[]}"
1678_0,0.40695694,0.3790302,0.2609359,0.4227872,0.6552979,0.6544599,0.54175824,0.24611709,0.5422478,0.7888073,0.37804154,0.36375573,0.7888073,0.4700163,0.24611709,0.16031800283791167,1,"{""type"":""MultiPoint"",""coordinates"":[]}"
1679_0,0.15892243,0.18079302,0.16301127,0.25591716,0.8748359,0.90966535,0.6914766,0.118592195,0.39218834,0.8811881,0.50392705,0.15558267,0.90966535,0.44050834,0.118592195,0.30481183189243727,1,"{""type"":""MultiPoint"",""coordinates"":[]}"
1680_0,0.2686474,0.2266881,0.2324314,0.40462375,0.26798418,0.45545796,0.69185704,0.6557687,0.20607375,0.82499146,0.77743286,0.6921655,0.82499146,0.47534353,0.20607375,0.2281108455718561,1,"{""type"":""MultiPoint"",""coordinates"":[]}"
1681_0,0.29699084,0.29569218,0.35648704,0.65347475,0.30242825,0.54012626,0.70691824,0.742835,0.22263451,0.8017271,0.8535535,0.7413793,0.8535535,0.5428539,0.22263451,0.22337020642617098,1,"{""type"":""MultiPoint"",""coordinates"":[]}"
1682_0,0.289597,0.33289388,0.38051018,0.7081851,0.2777522,0.45338207,0.7376623,0.69577914,0.2172352,0.8354115,0.8867369,0.76574427,0.8867369,0.5484075,0.2172352,0.23464792032537587,1,"{""type"":""MultiPoint"",""coordinates"":[]}"
1683_0,0.22868562,0.23364486,0.2013451,0.14916189,0.12150313,0.122551255,0.13964844,0.14991763,0.17040358,0.5630047,0.83599573,0.6650433,0.83599573,0.29840878,0.12150313,0.23452869938191426,1,"{""type"":""MultiPoint"",""coordinates"":[]}"
1684_0,0.2623274,0.22550544,0.20512189,0.17739925,0.22101375,0.20705664,0.23974523,0.2687839,0.34391534,0.15463917,0.31398162,0.28928047,0.34391534,0.2423975,0.15463917,0.053257236140785785,1,"{""type"":""MultiPoint"",""coordinates"":[]}"
1685_0,0.3198711,0.63698894,0.49141866,0.21567506,0.42485875,0.43131784,0.39369836,0.38520166,0.21212122,0.88306546,0.72502553,0.021276595,0.88306546,0.4283766,0.021276595,0.2263544096449829,1,"{""type"":""MultiPoint"",""coordinates"":[]}"
1686_0,0.39677238,0.32835376,0.32889405,0.4919773,0.57876015,0.59378916,0.5131846,0.6917054,0.36233318,0.40887225,0.44171315,0.38139534,0.6917054,0.45981255,0.32835376,0.11057607595033961,1,"{""type"":""MultiPoint"",""coordinates"":[]}"
1687_0,0.1589404,0.21651612,0.17382199,0.17582801,0.100503616,0.11244794,0.07643312,0.06043513,0.24316186,0.3407494,0.10569317,0.31377777,0.3407494,0.17319238,0.06043513,0.08680869265030487,1,"{""type"":""MultiPoint"",""coordinates"":[]}"
1688_0,0.19479392,0.2122556,0.23931727,0.2217104,0.26326406,0.2729805,0.16728017,0.19286025,0.2724562,0.37621832,0.28521043,0.24703927,0.37621832,0.24544887,0.16728017,0.05294153067423129,1,"{""type"":""MultiPoint"",""coordinates"":[]}"
1689_0,0.15088138,0.10441095,0.11780145,0.111352526,0.12764205,0.14632218,0.12826087,0.1581085,0.30954617,0.24233128,0.34674507,0.23191649,0.34674507,0.18127657,0.10441095,0.07816731186046418,1,"{""type"":""MultiPoint"",""coordinates"":[]}"
1690_0,0.15786144,0.118192166,0.1652921,0.15545243,0.24144112,0.15584804,0.22346368,0.146875,0.52484846,0.5591398,0.29190952,0.3594533,0.5591398,0.25831476,0.118192166,0.14325681658630496,1,"{""type"":""MultiPoint"",""coordinates"":[]}"
1691_0,0.2311305,0.11539786,0.15743913,0.20675105,0.26943398,0.24839473,0.27117383,0.27711767,0.5150259,0.52476823,0.45894048,0.39331087,0.52476823,0.30574036,0.11539786,0.13010326653177506,1,"{""type"":""MultiPoint"",""coordinates"":[]}"
1692_0,0.38408303,0.3751832,0.33013666,0.34179595,0.3221239,0.2293808,0.2144227,0.2892779,0.28645834,0.6390682,0.5888502,0.34269303,0.6390682,0.36195615,0.2144227,0.12336852639441452,1,"{""type"":""MultiPoint"",""coordinates"":[]}"
1693_0,0.4487614,0.42730054,0.33849728,0.3849187,0.444227,0.2909905,0.18952234,0.27708703,0.18688315,0.80361176,0.6523797,0.5797889,0.80361176,0.41866404,0.18688315,0.17807798263697575,1,"{""type"":""MultiPoint"",""coordinates"":[]}"
1694_0,0.31148374,0.34604028,0.29375866,0.35924265,0.4250702,0.33587164,0.34181818,0.38356832,0.30039385,0.73543614,0.4955828,0.49285272,0.73543614,0.40175992,0.29375866,0.11980906610521214,1,"{""type"":""MultiPoint"",""coordinates"":[]}"
1695_0,0.7672831,0.5004683,0.2842353,0.31399852,0.31212243,0.6959128,0.8191396,0.56517464,0.119832985,0.63127965,0.7167254,0.45286196,0.8191396,0.5149196,0.119832985,0.21225988601266663,1,"{""type"":""MultiPoint"",""coordinates"":[]}"
1696_0,0.76686096,0.5247102,0.25392848,0.26069573,0.26638877,0.71982014,0.7787702,0.60909534,0.22875327,0.7016406,0.82259953,0.7488718,0.82259953,0.5568446,0.22875327,0.22796535550336192,1,"{""type"":""MultiPoint"",""coordinates"":[]}"
1697_0,0.25544158,0.23773585,0.20605661,0.3555688,0.3185531,0.8161889,0.834512,0.58339584,0.2460733,0.7878245,0.766213,0.3892591,0.834512,0.48306856,0.20605661,0.2440321812299582,1,"{""type"":""MultiPoint"",""coordinates"":[]}"
1698_0,0.2027972,0.6246586,0.4818792,0.20978121,0.2822011,0.30209935,0.29533193,0.34442765,0.16888298,0.8923328,0.6781734,0.31922355,0.8923328,0.40014908,0.16888298,0.21398292453592113,1,"{""type"":""MultiPoint"",""coordinates"":[]}"
1699_0,0.25040257,0.23437808,0.19967334,0.17549923,0.19143389,0.18290655,0.15541491,0.1390785,0.47251058,0.6426442,0.34375274,0.30162734,0.6426442,0.27411017,0.1390785,0.14308173115237427,1,"{""type"":""MultiPoint"",""coordinates"":[]}"
1700_0,0.74684846,0.637883,0.2296105,0.3043478,0.5067893,0.3932682,0.44868302,0.17639975,-0.36372453,0.17435898,0.66882753,0.837037,0.837037,0.3966941,-0.36372453,0.31307852860594143,1,"{""type"":""MultiPoint"",""coordinates"":[]}"
1701_0,0.3896172,0.4074468,0.38300052,0.40553212,0.57774466,0.35001317,0.34347826,0.42827657,0.29119396,0.6659861,0.612192,0.3096976,0.6659861,0.43034825,0.29119396,0.1166490799020934,1,"{""type"":""MultiPoint"",""coordinates"":[]}"
1702_0,0.4582064,0.40663227,0.29577464,0.45299146,0.5267337,0.44042522,0.1803143,0.26609442,0.508608,0.8484767,0.59405434,0.23362558,0.8484767,0.43432808,0.1803143,0.17443114104111743,1,"{""type"":""MultiPoint"",""coordinates"":[]}"
1703_0,0.29113925,0.27363446,0.25678074,0.36697248,0.43269727,0.30305532,0.20611353,0.16297968,0.4119904,0.80756015,0.53863966,0.2462406,0.80756015,0.3581503,0.16297968,0.1687588588041869,1,"{""type"":""MultiPoint"",""coordinates"":[]}"
1704_0,0.45444858,0.2798574,0.2093136,0.31257486,0.8363263,0.8372093,0.6771508,0.60632414,0.7307807,0.85790324,0.4108045,0.23941228,0.85790324,0.5376755,0.2093136,0.23802313976495343,1,"{""type"":""MultiPoint"",""coordinates"":[]}"
1705_0,0.7836706,0.7587331,0.24348512,0.6900043,0.8219007,0.625498,0.21283509,0.82882184,0.80613005,-0.0059790732,0.5939019,0.79940826,0.82882184,0.5965342,-0.0059790732,0.2731967948400119,1,"{""type"":""MultiPoint"",""coordinates"":[]}"
1706_0,0.5370804,0.26657858,0.23057325,0.09426135,0.81759906,0.85149646,0.71812385,0.057959184,0.5980149,0.81650436,0.15019305,0.54291964,0.85149646,0.47344202,0.057959184,0.28664687378472076,1,"{""type"":""MultiPoint"",""coordinates"":[]}"
1707_0,0.4260761,0.21888791,0.20956628,0.18823993,0.71850854,0.90054613,0.79072535,0.1929587,0.60459614,0.65511227,0.31308413,0.7167079,0.90054613,0.4945841,0.18823993,0.2532392894759945,1,"{""type"":""MultiPoint"",""coordinates"":[]}"
1708_0,0.3897714,0.24031731,0.21355931,0.14912476,0.78323776,0.90729785,0.7894841,0.26221693,0.7107195,0.70712346,0.20213185,0.74847215,0.90729785,0.5086214,0.14912476,0.2750876997620729,1,"{""type"":""MultiPoint"",""coordinates"":[]}"
1709_0,0.36313215,0.30827832,0.2837545,0.1773585,0.72213584,0.78152883,0.73246044,0.37556562,0.7149425,0.6969955,0.3677946,0.6462324,0.78152883,0.5141816,0.1773585,0.20935029552614973,1,"{""type"":""MultiPoint"",""coordinates"":[]}"
1710_0,0.6050835,0.46017995,0.36586863,0.40383968,0.69392586,0.4704119,0.74902856,0.77441543,0.71304977,0.5955473,0.6091954,0.6829764,0.77441543,0.59362686,0.36586863,0.13241335477208208,1,"{""type"":""MultiPoint"",""coordinates"":[]}"
1711_0,0.662033,0.6251952,0.39680728,0.37488407,0.644191,0.45561862,0.7058824,0.74865687,0.49126214,0.61423016,0.56413996,0.6728232,0.74865687,0.57964367,0.37488407,0.11768571516435926,1,"{""type"":""MultiPoint"",""coordinates"":[]}"
1712_0,0.59668094,0.6791209,0.522493,0.67770076,0.7702032,0.56388587,0.7724551,0.75444764,0.73635966,0.74197954,0.63468635,0.7303145,0.7724551,0.6816939,0.522493,0.08115539904016454,1,"{""type"":""MultiPoint"",""coordinates"":[]}"
1713_0,0.3122594,0.28224394,0.22587867,0.24814126,0.3724846,0.36775106,0.36564258,0.2794268,0.19794509,0.64530325,0.8322798,0.5315391,0.8322798,0.38840798,0.19794509,0.1816625456395464,1,"{""type"":""MultiPoint"",""coordinates"":[]}"
1714_0,0.32221702,0.3075905,0.2656492,0.26568267,0.35834536,0.245886,0.30430838,0.26299536,0.1780745,0.57867455,0.87167174,0.79273087,0.87167174,0.39615217,0.1780745,0.21637236613574232,1,"{""type"":""MultiPoint"",""coordinates"":[]}"
1715_0,0.3566397,0.34784976,0.28907332,0.43587124,0.55073994,0.43518946,0.453524,0.33068183,0.10357727,0.56676275,0.555087,0.4920926,0.56676275,0.4097574,0.10357727,0.12809133343963428,1,"{""type"":""MultiPoint"",""coordinates"":[]}"
1716_0,0.37411883,0.32388452,0.30479962,0.37871674,0.5674984,0.7928738,0.7196663,0.50436896,0.52916664,0.7703574,0.60587305,0.28827587,0.7928738,0.5133,0.28827587,0.17467502197137263,1,"{""type"":""MultiPoint"",""coordinates"":[]}"
1717_0,0.36409736,0.29530916,0.2829091,0.4731286,0.5523466,0.84431136,0.88755983,0.6535932,0.38832352,0.81090677,0.7869882,0.35796767,0.88755983,0.55812013,0.2829091,0.21879157568314173,1,"{""type"":""MultiPoint"",""coordinates"":[]}"
1718_0,0.5530078,0.55982274,0.40355533,0.47506848,0.668149,0.7519623,0.741714,0.55140185,0.74621487,0.8051442,0.6280186,0.6567972,0.8051442,0.6284047,0.40355533,0.11761317309855202,1,"{""type"":""MultiPoint"",""coordinates"":[]}"
1719_0,0.516792,0.26927698,0.24017268,0.2246696,0.42633745,0.37434256,0.32177436,0.14733236,0.12483978,0.72612005,0.8272472,0.36347517,0.8272472,0.38019836,0.12483978,0.20807909736575797,1,"{""type"":""MultiPoint"",""coordinates"":[]}"
1720_0,0.53264517,0.24268585,0.23597589,0.2598791,0.59414136,0.46173292,0.3699003,0.15764706,0.113621436,0.71975684,0.77988917,0.31543624,0.77988917,0.39860928,0.113621436,0.20930912759539355,1,"{""type"":""MultiPoint"",""coordinates"":[]}"
1721_0,0.5364718,0.4244842,0.26739752,0.23174603,0.44134572,0.40913463,0.37095362,0.17750439,0.099763356,0.7008572,0.72687227,0.31025472,0.72687227,0.3913988,0.099763356,0.1852760916590808,1,"{""type"":""MultiPoint"",""coordinates"":[]}"
1722_0,0.55186725,0.22797927,0.14911433,0.22550544,0.799857,0.78390807,0.65559196,0.58992803,0.7191439,0.66894376,0.21953385,0.55330884,0.799857,0.5120568,0.14911433,0.22990798695195874,1,"{""type"":""MultiPoint"",""coordinates"":[]}"
1723_0,0.5288391,0.37134418,0.2445151,0.13022389,0.72671944,0.80582094,0.74622846,0.1410874,0.32141176,0.84153384,0.7293705,0.17374842,0.84153384,0.48007023,0.13022389,0.2671749493282729,1,"{""type"":""MultiPoint"",""coordinates"":[]}"
1724_0,0.26010504,0.22913785,0.23740162,0.1505295,0.47270617,0.7455636,0.76791066,0.17093311,0.5383065,0.83278036,0.34506667,0.13359684,0.83278036,0.40700316,0.13359684,0.24660964635648033,1,"{""type"":""MultiPoint"",""coordinates"":[]}"
1725_0,0.715443,0.7927063,0.5559203,0.2870733,0.6040062,0.8000858,0.79399955,0.1160221,0.26817447,0.8998569,0.54577404,0.3190118,0.8998569,0.5581728,0.1160221,0.24548808249858092,1,"{""type"":""MultiPoint"",""coordinates"":[]}"
1726_0,0.715443,0.7927063,0.5559203,0.2870733,0.6040062,0.8000858,0.79399955,0.1160221,0.26817447,0.8998569,0.54577404,0.3190118,0.8998569,0.5581728,0.1160221,0.24548808249858092,1,"{""type"":""MultiPoint"",""coordinates"":[]}"
1727_0,0.74380577,0.80926156,0.56905293,0.32885906,0.72097903,0.81109697,0.82854474,0.0,0.26647797,0.88721615,0.41383943,0.23616438,0.88721615,0.55127484,0.0,0.28027496171450117,1,"{""type"":""MultiPoint"",""coordinates"":[]}"
1728_0,0.26300147,0.26471853,0.2545641,0.30048525,0.4382841,0.46904194,0.57238907,0.6857079,0.22677323,0.016949153,0.24788949,0.82349867,0.82349867,0.38027525,0.016949153,0.21607470879755855,1,"{""type"":""MultiPoint"",""coordinates"":[]}"
1729_0,0.24242425,0.25253415,0.25,0.3215892,0.406945,0.4279652,0.5376623,0.6844816,0.33190984,-0.06097561,0.24971665,0.83599573,0.83599573,0.37335405,-0.06097561,0.2230895970901435,1,"{""type"":""MultiPoint"",""coordinates"":[]}"
1730_0,0.3641074,0.398667,0.3352461,0.34423444,0.17932816,0.1785362,0.2602936,0.26760563,0.41535988,0.52200174,0.49026155,0.70524096,0.70524096,0.37174022,0.1785362,0.14440610765020787,1,"{""type"":""MultiPoint"",""coordinates"":[]}"
1731_0,0.5544239,0.46348032,0.35395908,0.51880765,0.6401738,0.5609756,0.6159787,0.5736395,0.8056135,0.82562166,0.7838922,0.6568826,0.82562166,0.61278737,0.35395908,0.13546278377223964,1,"{""type"":""MultiPoint"",""coordinates"":[]}"
1732_0,0.16612378,0.1423252,0.14678527,0.19249532,0.17903623,0.16205211,0.15083799,0.2665392,0.6603774,0.67226404,0.40528825,0.15063886,0.67226404,0.27456364,0.1423252,0.18906118821808476,1,"{""type"":""MultiPoint"",""coordinates"":[]}"
1733_0,0.16839261,0.16178222,0.15636042,0.26746032,0.54697615,0.3723349,0.23960766,0.4292566,0.54130375,0.60343766,0.32629648,0.14836678,0.60343766,0.3301313,0.14836678,0.1601538838484439,1,"{""type"":""MultiPoint"",""coordinates"":[]}"
1734_0,0.2601432,0.26600146,0.2311412,0.22749887,0.26746324,0.20286396,0.2088429,0.16796117,0.44,0.7783282,0.6970618,0.19578314,0.7783282,0.32859075,0.16796117,0.19495474504263136,1,"{""type"":""MultiPoint"",""coordinates"":[]}"
1735_0,0.32906345,0.33633858,0.31277308,0.305888,0.39796412,0.25523856,0.30583873,0.32684824,0.43830788,0.71266,0.7057357,0.26719767,0.71266,0.3911545,0.25523856,0.15003431212270915,1,"{""type"":""MultiPoint"",""coordinates"":[]}"
1736_0,0.2810798,0.28165504,0.23726274,0.22912015,0.23069768,0.18786408,0.18156934,0.13261983,0.38681492,0.7197588,0.6873185,0.18686473,0.7197588,0.31188548,0.13261983,0.18572559192358395,1,"{""type"":""MultiPoint"",""coordinates"":[]}"
1737_0,0.49482977,0.37770194,0.36142272,0.41156125,0.3555133,0.4124189,0.44841537,0.6155581,0.35243055,0.17137703,0.5431135,0.7361219,0.7361219,0.44003868,0.17137703,0.13868667518217803,1,"{""type"":""MultiPoint"",""coordinates"":[]}"
1738_0,0.30716133,0.31167048,0.3240612,0.3745676,0.64831734,0.7832879,0.37483,0.4296837,0.53304964,0.41746593,0.4324368,0.5782389,0.7832879,0.45956424,0.30716133,0.1417668665287695,1,"{""type"":""MultiPoint"",""coordinates"":[]}"
1739_0,0.2969871,0.2497332,0.23833543,0.4347054,0.59130436,0.5285392,0.30520764,0.71009177,0.37208468,0.49076518,0.26996928,0.49019608,0.71009177,0.4148266,0.23833543,0.14440013543254443,1,"{""type"":""MultiPoint"",""coordinates"":[]}"
1740_0,0.66419613,0.599016,0.2832398,0.23756392,0.41666666,0.7096867,0.7234315,0.6702853,0.23518164,0.6924954,0.7951763,0.41164953,0.7951763,0.5365491,0.23518164,0.19759849359319928,1,"{""type"":""MultiPoint"",""coordinates"":[]}"
1741_0,0.6813939,0.65,0.27508256,0.12861371,0.45167217,0.77536035,0.8746201,0.7324177,0.14779271,0.81470007,0.81984764,0.5043839,0.8746201,0.57132375,0.12861371,0.25508159356904553,1,"{""type"":""MultiPoint"",""coordinates"":[]}"
1742_0,0.712808,0.68005097,0.29432896,0.12800726,0.42473304,0.80846775,0.8652593,0.6878723,0.13043478,0.82036555,0.8252149,0.48826915,0.8652593,0.572151,0.12800726,0.259897140475594,1,"{""type"":""MultiPoint"",""coordinates"":[]}"
1743_0,0.378022,0.37471783,0.34016284,0.33653846,0.5696579,0.43459916,0.5387674,0.4496865,0.8532417,0.65050733,0.5700027,0.568161,0.8532417,0.5053387,0.33653846,0.14509827759257032,1,"{""type"":""MultiPoint"",""coordinates"":[]}"
1744_0,0.15696202,0.1301939,0.14888388,0.11730731,0.118063316,0.17620513,0.12927137,0.20909622,0.5249406,0.4550021,0.39427516,0.45749202,0.5249406,0.2514744,0.11730731,0.1503892874654035,1,"{""type"":""MultiPoint"",""coordinates"":[]}"
1745_0,0.26143792,0.22891566,0.19267382,0.2920998,0.2385451,0.32055318,0.1855161,0.19878718,0.6397552,0.31417245,0.37904423,0.54825294,0.6397552,0.31664613,0.1855161,0.13719143684258717,1,"{""type"":""MultiPoint"",""coordinates"":[]}"
1746_0,0.7083333,0.73956513,0.53531915,0.57682294,0.6863703,0.7597877,0.7239982,0.7198853,0.5349477,0.86584425,0.770103,0.5362657,0.86584425,0.67977023,0.5349477,0.10417048944248561,1,"{""type"":""MultiPoint"",""coordinates"":[]}"
1747_0,0.7094801,0.7610826,0.24744205,0.21177977,0.31841654,0.6812882,0.6337962,0.17156601,0.3523375,0.8668646,0.63736266,0.19201995,0.8668646,0.48195302,0.17156601,0.2443897980388428,1,"{""type"":""MultiPoint"",""coordinates"":[]}"
1748_0,0.6301323,0.67099303,0.27081293,0.30161464,0.52182955,0.6897874,0.6890204,0.121145375,0.3094934,0.8547072,0.6227364,0.31400967,0.8547072,0.4996902,0.121145375,0.21709776296549638,1,"{""type"":""MultiPoint"",""coordinates"":[]}"
1749_0,0.47663552,0.42022473,0.37275362,0.49521074,0.55046827,0.41592494,0.28685823,0.2528683,0.48722547,0.66876733,0.56206036,0.4811463,0.66876733,0.45584533,0.2528683,0.1113181056575958,1,"{""type"":""MultiPoint"",""coordinates"":[]}"
1750_0,0.2733192,0.30372307,0.24009462,0.301,0.5122844,0.13415349,0.1357821,0.14421704,0.47973275,0.82079756,0.55263156,0.2926662,0.82079756,0.34920016,0.13415349,0.19716396523937418,1,"{""type"":""MultiPoint"",""coordinates"":[]}"
1751_0,0.39365938,0.45735028,0.34775555,0.47678483,0.61624455,0.29887077,0.24567474,0.27794263,0.5392238,0.8272287,0.6633532,0.66599274,0.8272287,0.48417345,0.24567474,0.174320222836841,1,"{""type"":""MultiPoint"",""coordinates"":[]}"
1752_0,0.7570806,0.4857143,0.24530612,0.17662337,0.30756843,0.77281946,0.83461434,0.5378172,0.055555556,0.7309487,0.7821095,0.36219177,0.83461434,0.5040291,0.055555556,0.25978251040825795,1,"{""type"":""MultiPoint"",""coordinates"":[]}"
1753_0,0.356492,0.30027547,0.2838143,0.14277782,0.6225713,0.68641114,0.6538883,0.68538845,0.5156463,0.6172339,0.23557097,0.55025655,0.68641114,0.47086054,0.14277782,0.1868375836449748,1,"{""type"":""MultiPoint"",""coordinates"":[]}"
1754_0,0.40768963,0.42538825,0.29914057,0.2649316,0.6464501,0.7321171,0.6632871,0.34994948,0.46064943,0.6792306,0.71347517,0.32168388,0.7321171,0.4969994,0.2649316,0.1695891936647917,1,"{""type"":""MultiPoint"",""coordinates"":[]}"
1755_0,0.45936397,0.24941315,0.22924556,0.26172978,0.5282592,0.4406917,0.40236992,0.3180778,0.1685678,0.61256546,0.83183336,0.42028984,0.83183336,0.41020063,0.1685678,0.1788126009236489,1,"{""type"":""MultiPoint"",""coordinates"":[]}"
1756_0,0.5333426,0.4602449,0.3673846,0.3739296,0.5875335,0.55376494,0.5332661,0.55624354,0.20693037,0.5784956,0.7362995,0.6403915,0.7362995,0.51065224,0.20693037,0.13454630769218975,1,"{""type"":""MultiPoint"",""coordinates"":[]}"
1757_0,0.34809566,0.34916866,0.25960484,0.32186732,0.5007342,0.4879121,0.43370312,0.4480932,0.28040057,0.67550963,0.576463,0.523753,0.67550963,0.43377542,0.25960484,0.12089678159379837,1,"{""type"":""MultiPoint"",""coordinates"":[]}"
1758_0,0.4267933,0.5915493,0.34440863,0.20357458,0.46544832,0.59673154,0.59525067,0.3379791,0.20190229,0.740467,0.5895813,0.31118095,0.740467,0.4504056,0.20190229,0.16646828535507688,1,"{""type"":""MultiPoint"",""coordinates"":[]}"
1759_0,0.5806823,0.73069036,0.4118747,0.22605364,0.50793654,0.8197932,0.83728164,0.1589363,0.036729857,0.81718665,0.7387571,0.2338662,0.83728164,0.5083157,0.036729857,0.2764632739741972,1,"{""type"":""MultiPoint"",""coordinates"":[]}"
1760_0,0.58818835,0.7459408,0.46398824,0.2304324,0.4677618,0.8251777,0.8163163,0.1862811,0.095182136,0.82970095,0.70541847,0.24063565,0.82970095,0.516252,0.095182136,0.2624182941213419,1,"{""type"":""MultiPoint"",""coordinates"":[]}"
1761_0,0.50259066,0.47154018,0.4354339,0.47919673,0.6245815,0.54590046,0.7052823,0.61441934,0.6666667,0.19298245,0.57795334,0.56047034,0.7052823,0.53141814,0.19298245,0.1285184702773327,1,"{""type"":""MultiPoint"",""coordinates"":[]}"
1762_0,0.2878424,0.23503521,0.24237902,0.2869328,0.8121878,0.6259963,0.8734926,0.27297026,0.24420913,0.44856542,0.69131947,0.29952267,0.8734926,0.4433711,0.23503521,0.2305330234881013,1,"{""type"":""MultiPoint"",""coordinates"":[]}"
1763_0,0.2653438,0.3090828,0.28433734,0.25947106,0.7142143,0.7711819,0.77864754,0.40770328,0.6430669,0.47559172,0.7109543,0.3063209,0.77864754,0.49382633,0.25947106,0.20495686810677857,1,"{""type"":""MultiPoint"",""coordinates"":[]}"
1764_0,0.67732644,0.3998433,0.42950162,0.6517291,0.43530384,0.70853764,0.8199052,0.6349467,0.37108433,0.3931991,0.41383097,0.78744173,0.8199052,0.56022084,0.37108433,0.16130876979846548,1,"{""type"":""MultiPoint"",""coordinates"":[]}"
1765_0,0.6618726,0.32072455,0.3739897,0.6973015,0.36631235,0.6746853,0.7820946,0.58871704,0.3559765,-0.01512605,0.31914893,0.82013047,0.82013047,0.49548563,-0.01512605,0.23629572038003363,1,"{""type"":""MultiPoint"",""coordinates"":[]}"
1766_0,0.5126999,0.40485734,0.4064731,0.49174917,0.5014245,0.38544184,0.38956606,0.4906945,0.23117155,0.41991585,0.5342045,0.52333486,0.5342045,0.4409611,0.23117155,0.08266709108462307,1,"{""type"":""MultiPoint"",""coordinates"":[]}"
1767_0,0.5202409,0.71513176,0.45941958,0.13815789,0.45798588,0.7611089,0.7995338,0.3244394,0.19212963,0.8137472,0.6695419,0.24630833,0.8137472,0.50814545,0.13815789,0.2336810712899534,1,"{""type"":""MultiPoint"",""coordinates"":[]}"
1768_0,0.56745535,0.76040035,0.39150614,0.11693515,0.4104141,0.8138748,0.82770014,0.14567901,0.05498982,0.8109272,0.74815655,0.1913541,0.82770014,0.48661608,0.05498982,0.29151131249826623,1,"{""type"":""MultiPoint"",""coordinates"":[]}"
1769_0,0.4743549,0.6145284,0.37384474,0.13935557,0.38664654,0.7018457,0.6963906,0.22273535,0.22231205,0.72988784,0.65892154,0.3195474,0.72988784,0.46169755,0.13935557,0.20391234968775837,1,"{""type"":""MultiPoint"",""coordinates"":[]}"
1770_0,0.5437369,0.7477148,0.57828057,0.31357086,0.38870433,0.7842697,0.8084656,0.17937545,0.16521738,0.32945737,0.093929924,0.7411687,0.8084656,0.4728243,0.093929924,0.2501105625039096,1,"{""type"":""MultiPoint"",""coordinates"":[]}"
1771_0,0.28060263,0.1670354,0.1936255,0.17515372,0.11434511,0.19948186,0.16079436,0.16105327,0.1683434,0.30584192,0.23908827,0.24308798,0.30584192,0.20070446,0.11434511,0.053397521596438145,1,"{""type"":""MultiPoint"",""coordinates"":[]}"
1772_0,0.30571514,0.15531,0.3576729,0.26981586,0.30877945,0.4159292,0.120589375,0.25067386,0.4503546,0.54946995,0.29246983,0.40453687,0.54946995,0.32344308,0.120589375,0.11639533681039482,1,"{""type"":""MultiPoint"",""coordinates"":[]}"
1773_0,0.5894501,0.80604386,0.42665908,0.26454732,0.7755511,0.8136963,0.8648369,0.22982194,-0.08615384,0.23882225,0.28079978,0.7882136,0.8648369,0.49935737,-0.08615384,0.3008069647301101,1,"{""type"":""MultiPoint"",""coordinates"":[]}"
1774_0,0.31549472,0.57271284,0.40784365,0.23882748,0.7398035,0.8037346,0.82477015,0.21836664,0.08231459,0.29095957,0.40411702,0.68815947,0.82477015,0.46559203,0.08231459,0.24137389407508258,1,"{""type"":""MultiPoint"",""coordinates"":[]}"
1775_0,0.37343928,0.64199656,0.45110804,0.27016965,0.7278993,0.69924176,0.77723825,0.22171946,0.15736766,0.34691197,0.42300624,0.67346936,0.77723825,0.4802973,0.15736766,0.20605899641646166,1,"{""type"":""MultiPoint"",""coordinates"":[]}"
1776_0,0.2584,0.25725806,0.2323738,0.42882523,0.24094881,0.67370677,0.8186215,0.67660487,0.37936914,0.84289277,0.77392316,0.19521531,0.84289277,0.48151162,0.19521531,0.2449366208117758,1,"{""type"":""MultiPoint"",""coordinates"":[]}"
1777_0,0.31871495,0.30997825,0.24925816,0.27009574,0.50170016,0.5882189,0.50555825,0.47563124,0.33867443,0.6181818,0.73802197,0.6055204,0.73802197,0.45996287,0.24925816,0.1532036785858033,1,"{""type"":""MultiPoint"",""coordinates"":[]}"
1778_0,0.22900088,0.22451481,0.20200056,0.21092808,0.2923777,0.8050652,0.82823473,0.64318854,0.28603104,-0.9077734,-0.010656754,0.5855112,0.82823473,0.28236857,-0.9077734,0.43907492315860475,1,"{""type"":""MultiPoint"",""coordinates"":[]}"
1779_0,0.27094802,0.34917292,0.22237018,0.18545146,0.31838566,0.84179455,0.86468726,0.5900593,0.18265757,0.27714932,0.8443526,0.70579237,0.86468726,0.47106844,0.18265757,0.26511018631193456,1,"{""type"":""MultiPoint"",""coordinates"":[]}"
1780_0,0.6975724,0.7506024,0.47624564,0.25107825,0.3753107,0.7372549,0.80966157,0.49936208,0.09439528,0.75283843,0.74233127,0.55686504,0.80966157,0.5619598,0.09439528,0.219169458901825,1,"{""type"":""MultiPoint"",""coordinates"":[]}"
1781_0,0.24415118,0.36123076,0.27646568,0.1571759,0.2892041,0.81047165,0.84780896,0.56805456,0.15027538,0.29125574,0.8378567,0.6731575,0.84780896,0.4589257,0.15027538,0.2595522601254285,1,"{""type"":""MultiPoint"",""coordinates"":[]}"
1782_0,0.547914,0.29004788,0.24451299,0.22041312,0.4340919,0.82094514,0.8047042,0.093023255,0.34311327,0.8426836,0.6178884,0.10902812,0.8426836,0.44736382,0.093023255,0.2631852746575442,1,"{""type"":""MultiPoint"",""coordinates"":[]}"
1783_0,0.24226023,0.24843945,0.21782862,0.15446286,0.7036011,0.8751836,0.83600944,0.33911672,0.7620492,0.8797499,0.5063243,0.16425532,0.8797499,0.4941067,0.15446286,0.28503778328693113,1,"{""type"":""MultiPoint"",""coordinates"":[]}"
1784_0,0.23616438,0.2106118,0.21198322,0.35083628,0.25245622,0.84588516,0.8277347,0.46163315,0.22055137,0.63535035,0.83416915,0.6857971,0.84588516,0.48109776,0.2106118,0.2560384202999703,1,"{""type"":""MultiPoint"",""coordinates"":[]}"
1785_0,0.2674561,0.27136308,0.22699386,0.24792986,0.34085414,0.8236559,0.79030144,0.15695986,0.18076028,0.8551247,0.52595156,0.65458876,0.8551247,0.44516164,0.15695986,0.2570614400843197,1,"{""type"":""MultiPoint"",""coordinates"":[]}"
1786_0,0.22350994,0.20363112,0.18618476,0.15196523,0.27383864,0.72220474,0.7816961,0.502549,0.045107566,0.27483243,0.2667896,0.5988844,0.7816961,0.35259944,0.045107566,0.22818893119488445,1,"{""type"":""MultiPoint"",""coordinates"":[]}"
1787_0,0.56916225,0.62534744,0.43282127,0.40927058,0.70125926,0.76296294,0.6742616,0.77154636,0.30496874,0.2586271,0.11490502,0.3657046,0.77154636,0.49923643,0.11490502,0.20607927721248986,1,"{""type"":""MultiPoint"",""coordinates"":[]}"
1788_0,0.70197487,0.6420233,0.33957097,0.28538916,0.4624841,0.8115279,0.6822612,0.29058117,0.5858586,0.7204539,0.6004502,0.54469454,0.8115279,0.5556058,0.28538916,0.16813873353852896,1,"{""type"":""MultiPoint"",""coordinates"":[]}"
1789_0,0.70197487,0.6420233,0.33957097,0.28538916,0.4624841,0.8115279,0.6822612,0.29058117,0.5858586,0.7204539,0.6004502,0.54469454,0.8115279,0.5556058,0.28538916,0.16813873353852896,1,"{""type"":""MultiPoint"",""coordinates"":[]}"
1790_0,0.70197487,0.6420233,0.33957097,0.28538916,0.4624841,0.8115279,0.6822612,0.29058117,0.5858586,0.7204539,0.6004502,0.54469454,0.8115279,0.5556058,0.28538916,0.16813873353852896,1,"{""type"":""MultiPoint"",""coordinates"":[]}"
1791_0,0.4171364,0.3945198,0.39833292,0.2221157,0.54948455,0.44988123,0.38721088,0.47236905,0.5100865,0.8200091,0.7026197,0.470147,0.8200091,0.48282608,0.2221157,0.14857882025350425,1,"{""type"":""MultiPoint"",""coordinates"":[]}"
1792_0,0.553173,0.3195786,0.34211645,0.43479007,0.3742277,0.7782928,0.8974467,0.17984252,0.36103415,0.906791,0.75265825,0.20122887,0.906791,0.5084317,0.17984252,0.250886212111147,1,"{""type"":""MultiPoint"",""coordinates"":[]}"
1793_0,0.6327543,0.3471353,0.31569666,0.32342228,0.38135976,0.7610063,0.89499015,0.16269842,0.2924006,0.7754082,0.76268905,0.20762943,0.89499015,0.48809922,0.16269842,0.2466208070784139,1,"{""type"":""MultiPoint"",""coordinates"":[]}"
1794_0,0.47780678,0.29560035,0.23483407,0.24534987,0.45725787,0.27395776,0.3804878,0.13600738,0.29599378,0.10746812,0.78340554,0.7873112,0.7873112,0.37295672,0.10746812,0.21252714243250007,1,"{""type"":""MultiPoint"",""coordinates"":[]}"
1795_0,0.48908046,0.28917825,0.23514539,0.272809,0.53091174,0.26377836,0.38393298,0.13786764,0.2764706,0.15571557,0.79149604,0.78402364,0.79149604,0.3842008,0.13786764,0.2123125607924239,1,"{""type"":""MultiPoint"",""coordinates"":[]}"
1796_0,0.45161745,0.263812,0.21591142,0.20156386,0.43402085,0.3413086,0.34344336,0.13269494,0.197556,0.14349443,0.7681445,0.78239304,0.78239304,0.35633004,0.13269494,0.21200992633521418,1,"{""type"":""MultiPoint"",""coordinates"":[]}"
1797_0,0.46951702,0.3693182,0.38277733,0.51047164,0.45128876,0.8016935,0.76837313,0.15751897,0.1117717,0.8712357,0.78761333,0.59471905,0.8712357,0.52302486,0.1117717,0.2395195719078617,1,"{""type"":""MultiPoint"",""coordinates"":[]}"
1798_0,0.59878236,0.53056836,0.36771676,0.1419334,0.54503,0.6870886,0.556902,0.089361705,0.12750885,0.55923015,0.45289856,0.2586588,0.6870886,0.40963995,0.089361705,0.19791352634128026,1,"{""type"":""MultiPoint"",""coordinates"":[]}"
1799_0,0.62069947,0.68973094,0.30002522,0.26929134,0.58340955,0.7794749,0.77332133,0.048744462,0.04770642,0.90088403,0.651624,0.15615743,0.90088403,0.4850891,0.04770642,0.29025980968310305,1,"{""type"":""MultiPoint"",""coordinates"":[]}"
1800_0,0.21798715,0.1918559,0.20143613,0.22706538,0.54330176,0.51622874,0.82777923,0.16578108,0.4938454,0.6718377,0.692248,0.20414601,0.82777923,0.4127927,0.16578108,0.22770435049732066,1,"{""type"":""MultiPoint"",""coordinates"":[]}"
1801_0,0.21798715,0.1918559,0.20143613,0.22706538,0.54330176,0.51622874,0.82777923,0.16578108,0.4938454,0.6718377,0.692248,0.20414601,0.82777923,0.4127927,0.16578108,0.22770435049732066,1,"{""type"":""MultiPoint"",""coordinates"":[]}"
1802_0,0.22390537,0.19984715,0.20922448,0.24007331,0.48130193,0.65792865,0.84812194,0.1559564,0.4336493,0.402257,0.7080955,0.1604061,0.84812194,0.39339727,0.1559564,0.2272099541225944,1,"{""type"":""MultiPoint"",""coordinates"":[]}"
1803_0,0.58446604,0.5099572,0.41718838,0.543268,0.737175,0.6855737,0.6094259,0.5736929,0.48869222,0.662909,0.6845824,0.62367225,0.737175,0.5933836,0.41718838,0.08918358425183576,1,"{""type"":""MultiPoint"",""coordinates"":[]}"
1804_0,0.36169103,0.28284568,0.2300885,0.49603805,0.61936474,0.4555188,0.38743746,0.31542918,0.46293247,0.5481336,0.6125326,0.4777651,0.61936474,0.43748143,0.2300885,0.11974365279989567,1,"{""type"":""MultiPoint"",""coordinates"":[]}"
1805_0,0.42248636,0.3356987,0.26706392,0.5411128,0.62454545,0.44467527,0.38398775,0.2975414,0.45537567,0.51598746,0.55925655,0.44648647,0.62454545,0.44118482,0.26706392,0.103716255394178,1,"{""type"":""MultiPoint"",""coordinates"":[]}"
1806_0,0.26189882,0.24428643,0.15500236,0.37444544,0.4685176,0.40626848,0.3802817,0.23459245,0.30891907,0.6465222,0.49207148,0.26536125,0.6465222,0.35318062,0.15500236,0.1309729591351764,1,"{""type"":""MultiPoint"",""coordinates"":[]}"
1807_0,0.36467463,0.3503688,0.28549695,0.3974302,0.5422243,0.46664754,0.45994222,0.20586747,0.34564045,0.74287444,0.71149623,0.24658348,0.74287444,0.42660388,0.20586747,0.16211364562377423,1,"{""type"":""MultiPoint"",""coordinates"":[]}"
1808_0,0.33655706,0.38873592,0.3431716,0.44882587,0.58293116,0.4857143,0.47595358,0.14441417,0.5135635,0.7809524,0.70847136,0.27344263,0.7809524,0.45689446,0.14441417,0.1712741757763289,1,"{""type"":""MultiPoint"",""coordinates"":[]}"
1809_0,0.48834774,0.7966364,0.59779215,0.31720647,0.73263437,0.6333491,0.8024364,0.22252011,0.18002813,0.5501973,0.7913579,0.5671969,0.8024364,0.55664194,0.18002813,0.20961795164619176,1,"{""type"":""MultiPoint"",""coordinates"":[]}"
1810_0,0.3060266,0.38896614,0.34958932,0.26088694,0.47602633,0.49937484,0.6172393,0.25870112,0.31169373,0.8141443,0.66111326,0.60230404,0.8141443,0.46217215,0.25870112,0.17216661815604087,1,"{""type"":""MultiPoint"",""coordinates"":[]}"
1811_0,0.36830777,0.53651893,0.4765975,0.29183188,0.5443425,0.5445545,0.6709212,0.34976888,0.38962045,0.8457129,0.679377,0.64711756,0.8457129,0.5287226,0.29183188,0.1565018195803406,1,"{""type"":""MultiPoint"",""coordinates"":[]}"
1812_0,0.35633424,0.2689295,0.22528544,0.33913934,0.5261358,0.34002292,0.31568816,0.14312796,0.24458204,0.8161369,0.6293795,0.26383525,0.8161369,0.3723831,0.14312796,0.18376677465237493,1,"{""type"":""MultiPoint"",""coordinates"":[]}"
1813_0,0.32083333,0.25802818,0.21332954,0.37289914,0.5423387,0.36395758,0.3336842,0.10840108,0.4292453,0.7242955,0.54477936,0.23728813,0.7242955,0.3707567,0.10840108,0.16232369197541718,1,"{""type"":""MultiPoint"",""coordinates"":[]}"
1814_0,0.3121639,0.26011235,0.22021028,0.333687,0.5239544,0.33836403,0.2922591,0.098478064,0.4100597,0.7289855,0.56426054,0.2778777,0.7289855,0.3633677,0.098478064,0.16325279661863037,1,"{""type"":""MultiPoint"",""coordinates"":[]}"
1815_0,0.3495587,0.26200053,0.2592992,0.495702,0.47788042,0.41401893,0.51666665,0.55382806,0.46448088,0.4924166,0.53467953,0.51891506,0.55382806,0.4449539,0.2592992,0.09781257442368571,1,"{""type"":""MultiPoint"",""coordinates"":[]}"
1816_0,0.46750465,0.3513193,0.30442128,0.53201735,0.5782577,0.4868877,0.5083075,0.56765914,0.6507937,0.68971694,0.61149895,0.6442396,0.68971694,0.53271866,0.30442128,0.11273243886745454,1,"{""type"":""MultiPoint"",""coordinates"":[]}"
1817_0,0.38534528,0.27222222,0.26981497,0.4300817,0.55401593,0.41907594,0.44866705,0.5357234,0.65251684,0.64610595,0.51874065,0.45008758,0.65251684,0.46519977,0.26981497,0.11874268789160544,1,"{""type"":""MultiPoint"",""coordinates"":[]}"
1818_0,0.36305177,0.34578177,0.34431875,0.5419643,0.3399654,0.40207058,0.39949536,0.56291944,0.61377686,0.8252248,0.8044665,0.72053707,0.8252248,0.5219644,0.3399654,0.1760825091317742,1,"{""type"":""MultiPoint"",""coordinates"":[]}"
1819_0,0.4250524,0.3145183,0.27170554,0.4416146,0.30098146,0.17562327,0.25762624,0.54733217,0.62445885,0.8126764,0.74793386,0.37488195,0.8126764,0.44120044,0.17562327,0.1937041218717412,1,"{""type"":""MultiPoint"",""coordinates"":[]}"
1820_0,0.4972156,0.48904723,0.39010003,0.5028698,0.49730524,0.37456492,0.5590864,0.7070115,0.70678335,0.7853529,0.67761195,0.646193,0.7853529,0.5694285,0.37456492,0.12700406248152657,1,"{""type"":""MultiPoint"",""coordinates"":[]}"
1821_0,0.157173,0.12716623,0.13972864,0.13135593,0.12468991,0.2669114,0.106086954,0.16588664,0.27393562,0.017986747,0.5053841,0.44639912,0.5053841,0.20522535,0.017986747,0.13779673509947885,1,"{""type"":""MultiPoint"",""coordinates"":[]}"
1822_0,0.1518797,0.12061206,0.13530608,0.11087051,0.13158475,0.2029091,0.08331248,0.1665906,0.19139466,0.02656,0.45302665,0.462888,0.462888,0.18641122,0.02656,0.12949931258807562,1,"{""type"":""MultiPoint"",""coordinates"":[]}"
1823_0,0.14059407,0.118439384,0.13636364,0.109102935,0.100679435,0.20382775,0.108648516,0.13241616,0.27280113,0.018552875,0.4286349,0.2792485,0.4286349,0.17077577,0.018552875,0.10480680701512841,1,"{""type"":""MultiPoint"",""coordinates"":[]}"
1824_0,0.61432886,0.55218446,0.46857464,0.6458279,0.7941613,0.7911964,0.7740586,0.82116103,0.8241367,0.8300455,0.7341406,0.74897116,0.8300455,0.7165656,0.46857464,0.11387917173648916,1,"{""type"":""MultiPoint"",""coordinates"":[]}"
1825_0,0.32528958,0.22894424,0.24422632,0.26281846,0.7063973,0.874189,0.8496782,0.25803724,0.44777474,-0.36761487,0.43862697,0.7105036,0.874189,0.4149059,-0.36761487,0.3298708946271324,1,"{""type"":""MultiPoint"",""coordinates"":[]}"
1826_0,0.7785192,0.6717205,0.29809383,0.4514609,0.8156491,0.88876015,0.7135312,0.48454922,0.5217984,-0.28530258,0.40136054,0.76921016,0.88876015,0.5424459,-0.28530258,0.3061243569797856,1,"{""type"":""MultiPoint"",""coordinates"":[]}"
1827_0,0.2452381,0.23187603,0.20263298,0.17745723,0.6884176,0.8474541,0.7567059,0.22271605,0.6331049,0.8589788,0.47737315,0.47668394,0.8589788,0.48488656,0.17745723,0.2538310141187319,1,"{""type"":""MultiPoint"",""coordinates"":[]}"
1828_0,0.29311165,0.29154837,0.2805219,0.5437234,0.29777506,0.3314394,0.21196778,0.5096774,0.5839218,0.7079666,0.29149085,0.65553606,0.7079666,0.4165567,0.21196778,0.16409045210183343,1,"{""type"":""MultiPoint"",""coordinates"":[]}"
1829_0,0.33173537,0.3036803,0.27045855,0.37298244,0.56468797,0.7973398,0.74849397,0.23155588,0.5745634,0.8201893,0.485172,0.36363637,0.8201893,0.48870793,0.23155588,0.20154606021438182,1,"{""type"":""MultiPoint"",""coordinates"":[]}"
1830_0,0.4603931,0.462815,0.30574238,0.39682108,0.62091506,0.51017964,0.4292135,0.5287486,0.36925358,0.36699507,0.4289737,0.46951604,0.62091506,0.44579723,0.30574238,0.08031099990676875,1,"{""type"":""MultiPoint"",""coordinates"":[]}"
1831_0,0.46862996,0.5016275,0.33147943,0.5196418,0.66826785,0.6013419,0.5507246,0.6853333,0.69140625,0.691018,0.66041636,0.586727,0.69140625,0.5797178,0.33147943,0.10622201767237034,1,"{""type"":""MultiPoint"",""coordinates"":[]}"
1832_0,0.28230554,0.29102844,0.27119106,0.22734852,0.5387512,0.25702247,0.22758621,0.13530135,0.18340406,0.27913278,0.39489558,0.47217235,0.5387512,0.2966783,0.13530135,0.11190267739907306,1,"{""type"":""MultiPoint"",""coordinates"":[]}"
1833_0,0.21923247,0.2079489,0.19819643,0.18900467,0.79779303,0.7002201,0.8178888,0.1385954,0.5745311,0.8484028,0.2587477,0.25307125,0.8484028,0.43363607,0.1385954,0.2747163551490608,1,"{""type"":""MultiPoint"",""coordinates"":[]}"
1834_0,0.22607605,0.18779343,0.19667187,0.10125698,0.7848712,0.8086225,0.7921073,0.123061016,0.29131356,0.5556215,0.73665977,0.21155582,0.8086225,0.4179676,0.10125698,0.27875021876641265,1,"{""type"":""MultiPoint"",""coordinates"":[]}"
1835_0,0.69686896,0.722194,0.5269532,0.2855746,0.46213728,0.7493937,0.7205056,0.505618,0.23526108,0.20111214,0.26528385,0.24649754,0.7493937,0.46811667,0.20111214,0.20690066702794954,1,"{""type"":""MultiPoint"",""coordinates"":[]}"
1836_0,0.37644622,0.33267716,0.2759457,0.2608089,0.5276408,0.65051395,0.5289068,0.34591195,0.76106197,0.84863776,0.51158345,0.21904762,0.84863776,0.46993187,0.21904762,0.19506265605675055,1,"{""type"":""MultiPoint"",""coordinates"":[]}"
1837_0,0.32580408,0.5008726,0.35749266,0.37040764,0.122961655,0.14180285,0.11969941,0.613267,0.7670384,0.8743334,0.5044066,0.33223954,0.8743334,0.4191938,0.11969941,0.23391788135882688,1,"{""type"":""MultiPoint"",""coordinates"":[]}"
1838_0,0.59876996,0.44148508,0.20447849,0.4055213,0.5926106,0.59864604,0.7515241,0.7800512,0.72251594,0.7123585,0.734057,0.6981047,0.7800512,0.60334355,0.20447849,0.16581072450585957,1,"{""type"":""MultiPoint"",""coordinates"":[]}"
1839_0,0.4470392,0.37754956,0.30363488,0.42188245,0.580775,0.64020693,0.51863354,0.44360903,0.71556664,0.77870274,0.72302264,0.7000622,0.77870274,0.5542237,0.30363488,0.15022092785328187,1,"{""type"":""MultiPoint"",""coordinates"":[]}"
1840_0,0.5479435,0.46827972,0.41276354,0.47660154,0.6503391,0.5752268,0.5672878,0.50235206,0.75265586,0.7910877,0.7237677,0.6861403,0.7910877,0.5962038,0.41276354,0.11778571545326483,1,"{""type"":""MultiPoint"",""coordinates"":[]}"
1841_0,0.3892958,0.33156654,0.26930636,0.4331649,0.6915782,0.5397438,0.55721927,0.38209718,0.7962879,0.7461992,0.7401307,0.6847031,0.7962879,0.54677445,0.26930636,0.17504596069609688,1,"{""type"":""MultiPoint"",""coordinates"":[]}"
1842_0,0.4377584,0.4821634,0.2639386,0.20812827,0.7037037,0.83469725,0.7771174,0.21645021,0.4837873,0.8762559,0.5348556,0.2510738,0.8762559,0.5058275,0.20812827,0.2345956158281063,1,"{""type"":""MultiPoint"",""coordinates"":[]}"
1843_0,0.47968197,0.4466231,0.22558759,0.10236221,0.758227,0.8340104,0.7702429,0.044912923,0.18679409,0.8755512,0.45632333,0.2037984,0.8755512,0.44867626,0.044912923,0.28755140412920516,1,"{""type"":""MultiPoint"",""coordinates"":[]}"
1844_0,0.57909346,0.26719058,0.260561,0.27824858,0.42857143,0.80774033,0.7918301,0.13654947,-0.014925373,0.900493,0.7397613,0.16470589,0.900493,0.44498497,-0.014925373,0.294838743585571,1,"{""type"":""MultiPoint"",""coordinates"":[]}"
1845_0,0.36777493,0.3060333,0.23919308,0.2923485,0.46309355,0.24076608,0.32742578,0.15409532,0.19660412,0.5437814,0.64504904,0.29344183,0.64504904,0.33913392,0.15409532,0.13885806301717188,1,"{""type"":""MultiPoint"",""coordinates"":[]}"
1846_0,0.34186128,0.3028942,0.24641149,0.3513011,0.52864015,0.4279324,0.31641287,0.26248282,0.15331492,0.84724003,0.80544746,0.35910112,0.84724003,0.41191998,0.15331492,0.20559455992163736,1,"{""type"":""MultiPoint"",""coordinates"":[]}"
1847_0,0.30624655,0.24767895,0.20957418,0.29990262,0.38953784,0.2946598,0.3041788,0.102552205,0.20442441,0.50558215,0.62883127,0.2540617,0.62883127,0.3122692,0.102552205,0.134732642271774,1,"{""type"":""MultiPoint"",""coordinates"":[]}"
1848_0,0.35751903,0.33333334,0.29330945,0.40071464,0.68232113,0.59538573,0.50925183,0.37838662,0.24026778,0.48726287,0.7089668,0.23534884,0.7089668,0.43517232,0.23534884,0.15512653957118358,1,"{""type"":""MultiPoint"",""coordinates"":[]}"
1849_0,0.30999735,0.30569375,0.26585624,0.28370786,0.5257169,0.38130563,0.38247013,0.2406561,0.28605077,0.56852573,0.7264843,0.22301555,0.7264843,0.3749567,0.22301555,0.14780037189684506,1,"{""type"":""MultiPoint"",""coordinates"":[]}"
1850_0,0.3277178,0.30218413,0.2834891,0.3055286,0.5713974,0.5356666,0.46437594,0.2761495,0.2265625,0.48732394,0.75811815,0.22884013,0.75811815,0.39727947,0.2265625,0.15803995216530647,1,"{""type"":""MultiPoint"",""coordinates"":[]}"
1851_0,0.4971127,0.43268892,0.31223023,0.48300305,0.4483829,0.52390486,0.5229475,0.53780615,0.6325838,0.64264166,0.5217809,0.56320274,0.64264166,0.5098571,0.31223023,0.08490450681989982,1,"{""type"":""MultiPoint"",""coordinates"":[]}"
1852_0,0.33435348,0.4973262,0.47335702,0.46091393,0.5472173,0.75157166,0.7787466,0.74167776,0.6514119,0.6731401,0.6875637,0.67548674,0.7787466,0.60606384,0.33435348,0.13391332244241774,1,"{""type"":""MultiPoint"",""coordinates"":[]}"
1853_0,0.3840477,0.30238095,0.26217842,0.32813403,0.4760222,0.53356326,0.61451656,0.5480137,0.48765844,0.488,0.5122249,0.4252593,0.61451656,0.44683328,0.26217842,0.10320996594383529,1,"{""type"":""MultiPoint"",""coordinates"":[]}"
1854_0,0.4626309,0.41751152,0.34406215,0.39243132,0.59211206,0.49757516,0.5208928,0.5050505,0.2365551,0.7278106,0.49543148,0.47596717,0.7278106,0.4723359,0.2365551,0.11752896813978533,1,"{""type"":""MultiPoint"",""coordinates"":[]}"
1855_0,0.47997934,0.3527527,0.3025469,0.44579485,0.68818516,0.46966293,0.43448275,0.25385314,0.33159542,0.77182084,0.43941605,0.35366505,0.77182084,0.44364625,0.25385314,0.1456151853538313,1,"{""type"":""MultiPoint"",""coordinates"":[]}"
1856_0,0.51120543,0.38066095,0.28706083,0.44289157,0.6901011,0.63438547,0.44507477,0.14821273,0.2635727,0.8177753,0.43955573,0.35390198,0.8177753,0.4511999,0.14821273,0.18194333261725215,1,"{""type"":""MultiPoint"",""coordinates"":[]}"
1857_0,0.33773196,0.3884437,0.38138005,0.41523153,0.5600788,0.46391213,0.39438087,0.15928799,0.15803453,0.3934301,0.793441,0.8066968,0.8066968,0.4376708,0.15803453,0.19451496461147352,1,"{""type"":""MultiPoint"",""coordinates"":[]}"
1858_0,0.688144,0.3432973,0.3773544,0.52717394,0.20694259,0.11481845,0.12687813,0.4915683,0.2408214,0.76721394,0.8703536,0.44565734,0.8703536,0.43335193,0.11481845,0.23711125001802041,1,"{""type"":""MultiPoint"",""coordinates"":[]}"
1859_0,0.65712744,0.6854904,0.5791656,0.6748813,0.6925769,0.53229094,0.54121864,0.61166465,0.041755132,0.6598773,0.8439445,0.5501285,0.8439445,0.5891768,0.041755132,0.18465569805245113,1,"{""type"":""MultiPoint"",""coordinates"":[]}"
1860_0,0.3269573,0.45387772,0.43487647,0.4629049,0.42413685,0.29457363,0.3066807,0.098659,0.35455543,0.7071686,0.7113164,0.53541076,0.7113164,0.42592648,0.098659,0.16538569905996547,1,"{""type"":""MultiPoint"",""coordinates"":[]}"
1861_0,0.31028667,0.43263188,0.48778522,0.4359447,0.47333014,0.31099352,0.2216097,0.36857706,0.5671889,0.41227594,0.6914812,0.63600785,0.6914812,0.44567606,0.2216097,0.13164020726119252,1,"{""type"":""MultiPoint"",""coordinates"":[]}"
1862_0,0.51875466,0.47068897,0.32997614,0.24305555,0.35369992,0.29604173,0.24273756,0.542433,0.17577706,0.14190318,-0.1,-0.15301903,0.542433,0.25517073,-0.15301903,0.2096858549056293,1,"{""type"":""MultiPoint"",""coordinates"":[]}"
1863_0,0.7413771,0.61953574,0.24566968,0.20651564,0.21334432,0.42394823,0.7004662,0.7960367,0.1448135,0.30987433,0.77429086,0.73578197,0.7960367,0.49263787,0.1448135,0.24691968003591314,1,"{""type"":""MultiPoint"",""coordinates"":[]}"
1864_0,0.6014206,0.5211105,0.34974304,0.28518918,0.36350507,0.48951912,0.63526314,0.7361319,0.19119428,0.38801712,0.6482558,0.673938,0.7361319,0.49027398,0.19119428,0.1661445065975457,1,"{""type"":""MultiPoint"",""coordinates"":[]}"
1865_0,0.61075515,0.5493035,0.3965294,0.38144806,0.5919799,0.57979655,0.6634039,0.70291775,0.49875262,0.33911535,0.7065569,0.6254237,0.7065569,0.55383193,0.33911535,0.11960710875211775,1,"{""type"":""MultiPoint"",""coordinates"":[]}"
1866_0,0.2580717,0.28917748,0.2760144,0.21499728,0.16936354,0.27039027,0.14719345,0.12689805,0.16220737,0.71109337,0.77024275,0.20212331,0.77024275,0.2998144,0.12689805,0.20404756555209558,1,"{""type"":""MultiPoint"",""coordinates"":[]}"
1867_0,0.34525025,0.28607088,0.2741608,0.24011187,0.2883721,0.27222875,0.37146702,0.6231111,0.40133578,0.05822785,0.4447817,0.30509079,0.6231111,0.32585073,0.05822785,0.1286474095634549,1,"{""type"":""MultiPoint"",""coordinates"":[]}"
1868_0,0.18296014,0.13245033,0.1689981,0.13448057,0.24646227,0.32060185,0.49022207,0.8023256,0.08273381,0.16634981,0.13534316,0.31076506,0.8023256,0.2644744,0.08273381,0.1947830976678974,1,"{""type"":""MultiPoint"",""coordinates"":[]}"
1869_0,0.38886374,0.3466698,0.31587878,0.38271606,0.51272386,0.3607456,0.382273,0.53271025,0.4047187,0.64903224,0.70807284,0.36404493,0.70807284,0.44570416,0.31587878,0.12099986852902392,1,"{""type"":""MultiPoint"",""coordinates"":[]}"
1870_0,0.32248315,0.28368965,0.2716375,0.3949367,0.25733933,0.3970433,0.3236212,0.43824336,0.54422206,0.75026286,0.5235804,0.3962008,0.75026286,0.40860504,0.25733933,0.13588557927466965,1,"{""type"":""MultiPoint"",""coordinates"":[]}"
1871_0,0.4198432,0.27500638,0.28498986,0.45668933,0.28777525,0.6268204,0.7689016,0.4461392,0.1849711,0.73079145,0.72351277,0.2530237,0.7689016,0.454872,0.1849711,0.2001059985654164,1,"{""type"":""MultiPoint"",""coordinates"":[]}"
1872_0,0.2995606,0.24134015,0.22109866,0.2882031,0.40710863,0.34905925,0.32119372,0.33949944,0.2959359,0.7446602,0.65619755,0.48338503,0.7446602,0.38727018,0.22109866,0.1561375344612616,1,"{""type"":""MultiPoint"",""coordinates"":[]}"
1873_0,0.3815893,0.25543636,0.21258973,0.2798077,0.4697716,0.31928864,0.21746725,0.14165351,0.2897744,0.7680141,0.8102055,0.468794,0.8102055,0.38453266,0.14165351,0.2041168484096496,1,"{""type"":""MultiPoint"",""coordinates"":[]}"
1874_0,0.35242063,0.24907696,0.21195352,0.24650265,0.42258653,0.3095934,0.3003111,0.12894596,0.32144788,0.8570766,0.8495776,0.464588,0.8570766,0.39284006,0.12894596,0.22301382758949861,1,"{""type"":""MultiPoint"",""coordinates"":[]}"
1875_0,0.5596847,0.510832,0.4305535,0.6346414,0.6979676,0.6475149,0.632166,0.6158814,0.15178859,0.6029144,0.75238097,0.6585117,0.75238097,0.57456976,0.15178859,0.15066954684502998,1,"{""type"":""MultiPoint"",""coordinates"":[]}"
1876_0,0.56473476,0.51945716,0.4564389,0.5875764,0.59837914,0.5043825,0.5217952,0.63076925,0.2827744,0.69773126,0.692002,0.6629108,0.69773126,0.5599126,0.2827744,0.1110647900223888,1,"{""type"":""MultiPoint"",""coordinates"":[]}"
1877_0,0.59782314,0.5588865,0.45903733,0.64949495,0.6855531,0.670689,0.64844906,0.71164083,0.3252688,0.6922353,0.7473684,0.6689504,0.7473684,0.6179497,0.3252688,0.11464888184411967,1,"{""type"":""MultiPoint"",""coordinates"":[]}"
1878_0,0.5392279,0.37352857,0.34350282,0.65114236,0.7620253,0.6250952,0.4855463,0.56361926,0.16688919,0.7824014,0.83581066,0.3511111,0.83581066,0.5399917,0.16688919,0.19576552045263398,1,"{""type"":""MultiPoint"",""coordinates"":[]}"
1879_0,0.46093625,0.39551747,0.34421617,0.6157324,0.71784234,0.56178606,0.5205149,0.5284637,0.49412775,0.79253113,0.8565217,0.48113933,0.8565217,0.56411076,0.34421617,0.14898521525966343,1,"{""type"":""MultiPoint"",""coordinates"":[]}"
1880_0,0.4505527,0.3529596,0.32172903,0.630839,0.738698,0.5516296,0.5702218,0.50431824,0.4692711,0.7994451,0.8537329,0.44069642,0.8537329,0.5570078,0.32172903,0.16274065133971694,1,"{""type"":""MultiPoint"",""coordinates"":[]}"
1881_0,0.4146085,0.42735448,0.36615384,0.45928338,0.27722684,0.31395587,0.32863188,0.39516485,0.42916957,0.4241049,0.5613182,0.56337094,0.56337094,0.41336194,0.27722684,0.08427061007787108,1,"{""type"":""MultiPoint"",""coordinates"":[]}"
1882_0,0.415123,0.36501518,0.314578,0.4630763,0.5182865,0.4332523,0.2724699,0.3697664,0.3837254,0.36327,0.48499262,0.39424703,0.5182865,0.39815024,0.2724699,0.06697843132102364,1,"{""type"":""MultiPoint"",""coordinates"":[]}"
1883_0,0.36301556,0.45853928,0.3224852,0.42941052,0.56222516,0.49988562,0.6715345,0.32046947,0.58646065,0.43259847,0.40392026,0.42036125,0.6715345,0.45590883,0.32046947,0.10278174750260759,1,"{""type"":""MultiPoint"",""coordinates"":[]}"
1884_0,0.30860743,0.2811245,0.23271075,0.21491486,0.3634822,0.44756278,0.57407135,0.49012777,0.7336726,0.40881872,0.37341774,0.3693441,0.7336726,0.39982122,0.21491486,0.14136448082781114,1,"{""type"":""MultiPoint"",""coordinates"":[]}"
1885_0,0.31109872,0.4198953,0.35599622,0.36049327,0.29805014,0.3882888,0.5093662,0.42736128,0.30160016,0.47201017,0.66547745,0.6202179,0.66547745,0.42748797,0.29805014,0.11540221577495785,1,"{""type"":""MultiPoint"",""coordinates"":[]}"
1886_0,0.32582068,0.26928222,0.23760241,0.22941546,0.14797261,0.4635848,0.45661628,0.86302805,0.24520548,-0.053304903,-0.11287855,0.27353597,0.86302805,0.27882338,-0.11287855,0.2407457110710837,1,"{""type"":""MultiPoint"",""coordinates"":[]}"
1887_0,0.43238094,0.3306199,0.3492667,0.50908244,0.5092955,0.3649635,0.37079778,0.2682243,0.26297775,0.7420382,0.7650825,0.36322463,0.7650825,0.4389962,0.26297775,0.15913309385433544,1,"{""type"":""MultiPoint"",""coordinates"":[]}"
1888_0,0.3105857,0.41753653,0.40583554,0.5105796,0.45893273,0.3578544,0.34233767,0.15990889,0.2324511,0.72361463,0.7965261,0.6752427,0.7965261,0.44928378,0.15990889,0.1878443875593341,1,"{""type"":""MultiPoint"",""coordinates"":[]}"
1889_0,0.3368116,0.42632905,0.4330011,0.6550752,0.4957346,0.4950048,0.53097105,0.18740477,0.40212443,0.7590909,0.7743918,0.38155767,0.7743918,0.4897914,0.18740477,0.16433951572757138,1,"{""type"":""MultiPoint"",""coordinates"":[]}"
1890_0,0.26278612,0.21649988,0.19829223,0.20436959,0.22302811,0.27183342,0.19395249,0.34434435,0.7281038,0.5193727,0.46218488,0.7003596,0.7281038,0.36042726,0.19395249,0.1875164061392416,1,"{""type"":""MultiPoint"",""coordinates"":[]}"
1891_0,0.40551084,0.37933534,0.26542604,0.34335202,0.43125293,0.33703998,0.37026495,0.65020025,0.72191185,0.88214475,0.6940557,0.74953157,0.88214475,0.51916885,0.26542604,0.1967483312565709,1,"{""type"":""MultiPoint"",""coordinates"":[]}"
1892_0,0.2758304,0.22045203,0.20250723,0.17844523,0.15910965,0.2037291,0.14491804,0.26683047,0.56733274,0.75478774,0.3846498,0.65986395,0.75478774,0.33487135,0.14491804,0.201212052426883,1,"{""type"":""MultiPoint"",""coordinates"":[]}"
1893_0,0.24601687,0.28393754,0.27438706,0.28318584,0.2503636,0.19336787,0.15241906,0.22440787,0.30097088,0.28429425,0.21750212,0.19459963,0.30097088,0.24212106,0.15241906,0.04416114546081353,1,"{""type"":""MultiPoint"",""coordinates"":[]}"
1894_0,0.29060748,0.28734538,0.23947488,0.36210814,0.09880869,0.72240365,0.83507305,0.16705607,0.6459586,0.7654185,0.6686125,0.18826056,0.83507305,0.43926063,0.09880869,0.2553738229839855,1,"{""type"":""MultiPoint"",""coordinates"":[]}"
1895_0,0.18507269,0.18489796,0.17341514,0.16687791,0.27116212,0.80403537,0.81154686,0.16655608,0.38785625,-0.016443988,-0.16046967,0.13722268,0.81154686,0.25931078,-0.16046967,0.27705138326045303,1,"{""type"":""MultiPoint"",""coordinates"":[]}"
1896_0,0.37896186,0.34344828,0.2598391,0.32611403,0.5190998,0.46522582,0.5777894,0.17445573,0.45996776,0.8648069,0.78928816,0.30827066,0.8648069,0.45560563,0.17445573,0.19836007424347127,1,"{""type"":""MultiPoint"",""coordinates"":[]}"
1897_0,0.2642311,0.2483165,0.21434635,0.22838601,0.17126045,0.38145363,0.33835343,0.6152461,0.15785381,0.78732544,0.86401725,0.5937116,0.86401725,0.40537515,0.15785381,0.2361676520943793,1,"{""type"":""MultiPoint"",""coordinates"":[]}"
1898_0,0.4087008,0.40703517,0.2953417,0.3552798,0.42795232,0.5571186,0.57671434,0.68967485,0.239293,0.78474784,0.7792765,0.63979197,0.78474784,0.51341057,0.239293,0.17667071830987477,1,"{""type"":""MultiPoint"",""coordinates"":[]}"
1899_0,0.7149557,0.28869376,0.36918697,0.74076146,0.38500315,0.5276653,0.87004495,0.6794752,0.19474196,0.8613569,0.7066042,0.17531021,0.87004495,0.54281664,0.17531021,0.24133992986904848,1,"{""type"":""MultiPoint"",""coordinates"":[]}"
1900_0,0.3880845,0.5261044,0.33989224,0.38674402,0.34971336,0.43845817,0.6857288,0.65543795,0.3679108,0.5560795,0.3623472,0.29079574,0.6857288,0.44560805,0.29079574,0.1239969455820133,1,"{""type"":""MultiPoint"",""coordinates"":[]}"
1901_0,0.30238226,0.3583802,0.29528427,0.30116278,0.5180723,0.6041276,0.37364072,0.13634771,0.61523044,0.8214597,0.48946008,0.24093528,0.8214597,0.4213736,0.13634771,0.184749211963064,1,"{""type"":""MultiPoint"",""coordinates"":[]}"
1902_0,0.32891622,0.23288889,0.21272886,0.36338088,0.4698686,0.36076224,0.37181076,0.15076287,0.3499663,0.534358,0.10298146,0.21704088,0.534358,0.3079555,0.10298146,0.12223907467931715,1,"{""type"":""MultiPoint"",""coordinates"":[]}"
1903_0,0.4484137,0.25508982,0.24575937,0.40930477,0.67408407,0.49417794,0.47084233,0.28545344,0.74291366,0.86196053,0.1630912,0.3167481,0.86196053,0.4473199,0.1630912,0.20747179757827167,1,"{""type"":""MultiPoint"",""coordinates"":[]}"
1904_0,0.42629057,0.26621735,0.24995197,0.39138305,0.6369813,0.42094862,0.437212,0.18822424,0.7724031,0.8697264,0.11012783,0.3455818,0.8697264,0.42625403,0.11012783,0.220237226596239,1,"{""type"":""MultiPoint"",""coordinates"":[]}"
1905_0,0.25022182,0.24014968,0.22197004,0.2647241,0.66624683,0.3310962,0.40274766,0.21547861,0.08885018,0.6051974,0.73176014,0.3716614,0.73176014,0.365842,0.08885018,0.19223629663278613,1,"{""type"":""MultiPoint"",""coordinates"":[]}"
1906_0,0.26408064,0.2686018,0.20753926,0.23042044,0.43668744,0.40647045,0.4027225,0.33637747,-0.26057908,0.6971081,0.7210804,0.5024188,0.7210804,0.35107735,-0.26057908,0.24434948558333142,1,"{""type"":""MultiPoint"",""coordinates"":[]}"
1907_0,0.23094529,0.2211559,0.2079536,0.15854411,0.18500827,0.20335172,0.1645697,0.2376857,-0.22767684,0.6241692,0.8717949,0.6318182,0.8717949,0.2924433,-0.22767684,0.27449220238177213,1,"{""type"":""MultiPoint"",""coordinates"":[]}"
1908_0,0.32684004,0.2631579,0.24208608,0.2238007,0.44144145,0.3886894,0.4850432,0.47258225,0.23943663,0.5305191,0.76421946,0.47854176,0.76421946,0.4046965,0.2238007,0.15159781545471976,1,"{""type"":""MultiPoint"",""coordinates"":[]}"
1909_0,0.27862903,0.22595549,0.2082879,0.15903382,0.4602249,0.3182865,0.13525279,0.23933922,0.17847025,0.74368566,0.80493456,0.36275375,0.80493456,0.34290448,0.13525279,0.2120305662092411,1,"{""type"":""MultiPoint"",""coordinates"":[]}"
1910_0,0.7104225,0.6475359,0.37935638,0.45345968,0.54461354,0.40261137,0.7042592,0.73606557,0.6979114,0.39606717,0.7706156,0.6788821,0.7706156,0.5934834,0.37935638,0.14201582163767418,1,"{""type"":""MultiPoint"",""coordinates"":[]}"
1911_0,0.60779285,0.6157818,0.49801588,0.6085695,0.53951555,0.5158359,0.5992122,0.4611059,0.5621583,0.7208944,0.60618615,0.49222222,0.7208944,0.5689409,0.4611059,0.06888631544764084,1,"{""type"":""MultiPoint"",""coordinates"":[]}"
1912_0,0.34662545,0.31031507,0.31770948,0.46556702,0.48234382,0.29103816,0.3315519,0.51400393,0.22337188,0.7512098,0.583511,0.35662547,0.7512098,0.41448942,0.22337188,0.14314397097610662,1,"{""type"":""MultiPoint"",""coordinates"":[]}"
1913_0,0.40828696,0.3444613,0.3090546,0.5269097,0.52059597,0.35556212,0.397744,0.5434833,0.40671057,0.78841925,0.803113,0.41743413,0.803113,0.48514792,0.3090546,0.15581976935667052,1,"{""type"":""MultiPoint"",""coordinates"":[]}"
1914_0,0.4267101,0.47890154,0.30707762,0.4857685,0.6693208,0.63117427,0.37018254,0.22331049,0.53110045,0.706383,0.67465913,0.25061426,0.706383,0.47960022,0.22331049,0.1617071575384906,1,"{""type"":""MultiPoint"",""coordinates"":[]}"
1915_0,0.3970606,0.36368534,0.29185522,0.48371413,0.64711756,0.5820012,0.42258066,0.4144869,0.49460045,0.66926795,0.6886447,0.3478458,0.6886447,0.4835717,0.29185522,0.1286537783336402,1,"{""type"":""MultiPoint"",""coordinates"":[]}"
1916_0,0.3241528,0.28688106,0.26083487,0.4425211,0.71136034,0.5307629,0.27109703,0.14932127,0.45924225,0.7534161,0.59099615,0.28702852,0.7534161,0.4223012,0.14932127,0.183691370267261,1,"{""type"":""MultiPoint"",""coordinates"":[]}"
1917_0,0.549399,0.2697316,0.25903308,0.30125898,0.63993376,0.41903988,0.22081575,0.37333333,0.26815814,0.6769984,0.6951086,0.379278,0.6951086,0.42100736,0.22081575,0.1673303465219055,1,"{""type"":""MultiPoint"",""coordinates"":[]}"
1918_0,0.5386445,0.34796238,0.31688106,0.327594,0.6506727,0.44279945,0.2704591,0.38057482,0.6708532,0.6980664,0.72665834,0.50982064,0.72665834,0.4900822,0.2704591,0.1579825843868035,1,"{""type"":""MultiPoint"",""coordinates"":[]}"
1919_0,0.5578339,0.2249499,0.20891784,0.23422645,0.61928034,0.31841654,0.20968372,0.32608697,0.120317824,0.6375761,0.735339,0.34316617,0.735339,0.37798288,0.120317824,0.19589544922683008,1,"{""type"":""MultiPoint"",""coordinates"":[]}"
1920_0,0.6484722,0.61796373,0.50750506,0.6948322,0.7784118,0.72689074,0.7018696,0.79791975,0.79626364,0.7690176,0.7527617,0.762419,0.79791975,0.7128606,0.50750506,0.08248973592360039,1,"{""type"":""MultiPoint"",""coordinates"":[]}"
1921_0,0.55767745,0.56640303,0.44882676,0.65380114,0.65015477,0.6862109,0.6509505,0.6954157,0.7744209,0.7872106,0.60383385,0.7618677,0.7872106,0.6530644,0.44882676,0.09496143632769154,1,"{""type"":""MultiPoint"",""coordinates"":[]}"
1922_0,0.6012617,0.5656869,0.47807932,0.5569664,0.7307692,0.69479537,0.6739642,0.7281947,0.7324428,0.67005074,0.75573725,0.69943506,0.75573725,0.657282,0.47807932,0.083217489384466,1,"{""type"":""MultiPoint"",""coordinates"":[]}"
1923_0,0.25665963,0.33590883,0.4084507,0.14420399,0.17094389,0.23779854,0.19968708,0.530653,0.79588866,0.61482877,0.40776476,0.72477067,0.79588866,0.40229654,0.14420399,0.2110451877023005,1,"{""type"":""MultiPoint"",""coordinates"":[]}"
1924_0,0.24288248,0.30745137,0.36567467,0.15341157,0.15638107,0.23429047,0.15649198,0.591825,0.76165366,0.6304762,0.4126258,0.704372,0.76165366,0.393128,0.15341157,0.21491969904094158,1,"{""type"":""MultiPoint"",""coordinates"":[]}"
1925_0,0.22040604,0.2909108,0.36692402,0.13903743,0.1481185,0.21832883,0.16532785,0.5617703,0.7914397,0.66463,0.40108892,0.70809346,0.7914397,0.389673,0.13903743,0.22508079053374735,1,"{""type"":""MultiPoint"",""coordinates"":[]}"
1926_0,0.22132228,0.22146027,0.21777222,0.25179857,0.7711658,0.71866447,0.15961395,0.4572025,0.5632289,0.24145535,0.31974095,0.74932814,0.7711658,0.40772945,0.15961395,0.22339730690641277,1,"{""type"":""MultiPoint"",""coordinates"":[]}"
1927_0,0.5597968,0.54595536,0.30538923,0.2848212,0.46829268,0.7449838,0.84138656,0.46973887,0.24944222,0.5821071,0.601462,0.4524669,0.84138656,0.50882024,0.24944222,0.17065728751161902,1,"{""type"":""MultiPoint"",""coordinates"":[]}"
1928_0,0.21230944,0.19850984,0.41453323,0.13589275,0.68029994,0.87882036,0.8377111,0.08351811,0.11649911,0.8549747,0.61008626,0.15016834,0.87882036,0.43111026,0.08351811,0.3065522391300368,1,"{""type"":""MultiPoint"",""coordinates"":[]}"
1929_0,0.29095238,0.24633282,0.23430467,0.16531275,0.16297336,0.54761904,0.66134727,0.67234045,0.20340012,0.52742845,0.77336174,0.54461277,0.77336174,0.4191655,0.16297336,0.21394631500490724,1,"{""type"":""MultiPoint"",""coordinates"":[]}"
1930_0,0.28974426,0.2697051,0.24245472,0.33117852,0.3661434,0.34007075,0.37543622,0.39175746,0.29224318,0.29258516,0.403452,0.30533117,0.403452,0.3250085,0.24245472,0.04893701315219487,1,"{""type"":""MultiPoint"",""coordinates"":[]}"
1931_0,0.36468014,0.33738267,0.31179926,0.35354078,0.46429387,0.43212548,0.5675676,0.5136597,0.4628623,0.5059475,0.5486072,0.46825397,0.5675676,0.44422668,0.31179926,0.08150492828549667,1,"{""type"":""MultiPoint"",""coordinates"":[]}"
1932_0,0.35705867,0.5002147,0.41423878,0.7414324,0.21235175,0.15431875,0.15005247,0.59831756,0.7283571,0.0540013,0.5712057,0.73609596,0.7414324,0.43480375,0.0540013,0.23827684711245387,1,"{""type"":""MultiPoint"",""coordinates"":[]}"
1933_0,0.53865415,0.6014898,0.5065136,0.6648213,0.64201725,0.6301283,0.66781837,0.623293,0.7152882,0.7372593,0.5039337,0.6654325,0.7372593,0.6247208,0.5039337,0.07235924712363744,1,"{""type"":""MultiPoint"",""coordinates"":[]}"
1934_0,0.55959064,0.5846154,0.467148,0.604256,0.6743649,0.6371348,0.6932271,0.62059623,0.72478884,0.7290108,0.55182797,0.6382691,0.7290108,0.6237358,0.467148,0.07348608115741694,1,"{""type"":""MultiPoint"",""coordinates"":[]}"
1935_0,0.2814669,0.25140923,0.27400976,0.21415068,0.25922158,0.38672006,0.6977765,0.5611746,0.21868652,0.2169576,0.69918257,0.72732097,0.72732097,0.39900643,0.21415068,0.20087356863550465,1,"{""type"":""MultiPoint"",""coordinates"":[]}"
1936_0,0.2189593,0.2079459,0.18661466,0.14546537,0.1510945,0.49181402,0.7936896,0.7385582,0.13522537,0.21094312,0.74279773,0.7669455,0.7936896,0.3991711,0.13522537,0.2704899514014471,1,"{""type"":""MultiPoint"",""coordinates"":[]}"
1937_0,0.21859904,0.20016143,0.17845659,0.14720812,0.1364562,0.42311084,0.8381227,0.76016873,0.109848484,0.16891356,0.6710386,0.7613745,0.8381227,0.3844549,0.109848484,0.2763198571906352,1,"{""type"":""MultiPoint"",""coordinates"":[]}"
1938_0,0.6362098,0.356448,0.32457495,0.44677353,0.6764377,0.55785245,0.49201903,0.4535124,0.2614841,0.73077846,0.7902973,0.25181082,0.7902973,0.49818322,0.25181082,0.17451088191334016,1,"{""type"":""MultiPoint"",""coordinates"":[]}"
1939_0,0.6493374,0.33990794,0.30337077,0.33140734,0.5854496,0.3918817,0.3857721,0.3637732,0.17909497,0.8024086,0.8034018,0.23504983,0.8034018,0.44757128,0.17909497,0.20193059200368266,1,"{""type"":""MultiPoint"",""coordinates"":[]}"
1940_0,0.645894,0.336858,0.3095061,0.40350878,0.59391814,0.42866004,0.41507247,0.32655138,0.15814793,0.8172066,0.80832446,0.2437276,0.8172066,0.4572813,0.15814793,0.20433422210469146,1,"{""type"":""MultiPoint"",""coordinates"":[]}"
1941_0,0.34254286,0.30364373,0.29524857,0.48942173,0.6171538,0.3904885,0.3888889,0.40980077,0.26821706,0.45320526,0.8097272,0.33252034,0.8097272,0.42507157,0.26821706,0.14835349957121488,1,"{""type"":""MultiPoint"",""coordinates"":[]}"
1942_0,0.4266283,0.38213602,0.35101077,0.5671941,0.63977486,0.40871236,0.44045174,0.34611398,0.23839854,0.30545875,0.7526857,0.3352181,0.7526857,0.43281528,0.23839854,0.1426548330543736,1,"{""type"":""MultiPoint"",""coordinates"":[]}"
1943_0,0.27268496,0.27565393,0.23896174,0.39813954,0.4967451,0.37178683,0.31335703,0.27148438,0.23649712,0.6700259,0.80564916,0.3378623,0.80564916,0.39073732,0.23649712,0.17292017697997744,1,"{""type"":""MultiPoint"",""coordinates"":[]}"
1944_0,0.38881597,0.3137646,0.26349545,0.45728156,0.69570214,0.5064737,0.38143176,0.22943723,0.28145388,0.7273684,0.7631394,0.28791025,0.7631394,0.4413562,0.22943723,0.18321725551240106,1,"{""type"":""MultiPoint"",""coordinates"":[]}"
1945_0,0.33690906,0.26816094,0.24899706,0.44444445,0.6099624,0.468238,0.33693305,0.15704057,0.16459978,0.7176861,0.67063093,0.2787817,0.7176861,0.39186534,0.15704057,0.1828854826769642,1,"{""type"":""MultiPoint"",""coordinates"":[]}"
1946_0,0.3319598,0.32384342,0.26247063,0.4751174,0.6816593,0.5099154,0.35056543,0.15092592,0.22803347,0.68,0.752164,0.2697226,0.752164,0.41803145,0.15092592,0.19060076972693948,1,"{""type"":""MultiPoint"",""coordinates"":[]}"
1947_0,0.65047234,0.8180791,0.36061496,0.1399409,0.35686612,0.7952468,0.7862439,0.10866753,0.08867486,0.83902436,0.7977825,0.4356589,0.83902436,0.5147727,0.08867486,0.2872198542219883,1,"{""type"":""MultiPoint"",""coordinates"":[]}"
1948_0,0.24181305,0.21454546,0.15544812,0.27301905,0.8564148,0.74945694,0.21626125,0.54768926,0.81871516,0.6768204,0.23087218,0.6135747,0.8564148,0.4662192,0.15544812,0.2573751225933759,1,"{""type"":""MultiPoint"",""coordinates"":[]}"
1949_0,0.22410235,0.23297213,0.20095368,0.088,0.485042,0.864607,0.8385068,0.17608836,0.20608751,0.7271719,0.7386018,0.54817635,0.864607,0.4441925,0.088,0.27675702105004046,1,"{""type"":""MultiPoint"",""coordinates"":[]}"
1950_0,0.77173334,0.74047273,0.30611292,0.16473317,0.4576103,0.4707437,0.7317153,0.6346896,-0.22315437,0.45599294,0.84994286,0.77888656,0.84994286,0.51162326,-0.22315437,0.29995189402014305,1,"{""type"":""MultiPoint"",""coordinates"":[]}"
1951_0,0.68547946,0.6401904,0.21154293,0.2046332,0.68268013,0.77066666,0.6857143,0.18733509,0.59894806,0.83048016,0.5104203,0.3114754,0.83048016,0.5266305,0.18733509,0.22537642181564285,1,"{""type"":""MultiPoint"",""coordinates"":[]}"
1952_0,0.56177473,0.54742855,0.41570467,0.356542,0.68377954,0.7692308,0.79631424,0.33521417,0.23772982,0.5349862,0.5456872,0.22543016,0.79631424,0.5008185,0.22543016,0.18313148557807793,1,"{""type"":""MultiPoint"",""coordinates"":[]}"
1953_0,0.4150613,0.40974966,0.35131085,0.43836188,0.37060416,0.35698,0.34470376,0.33608928,0.37122002,0.7136106,0.5615134,0.56153464,0.7136106,0.43589497,0.33608928,0.11177349779448088,1,"{""type"":""MultiPoint"",""coordinates"":[]}"
1954_0,0.35164604,0.31174663,0.29896444,0.6008359,0.61650485,0.53391993,0.5637123,0.50791365,0.30018148,0.8262136,0.82371944,0.4901602,0.8262136,0.5187932,0.29896444,0.17651082643634136,1,"{""type"":""MultiPoint"",""coordinates"":[]}"
1955_0,0.42869574,0.42705166,0.4036115,0.68595743,0.74414754,0.6527546,0.6328193,0.5533981,0.29541734,0.8180605,0.84801906,0.5511186,0.84801906,0.58675426,0.29541734,0.16686876792576064,1,"{""type"":""MultiPoint"",""coordinates"":[]}"
1956_0,0.36597428,0.35270935,0.32815808,0.4812541,0.12334884,0.3850227,0.35872293,0.29388297,0.50153846,0.6881476,0.26469728,0.38417917,0.6881476,0.37730297,0.12334884,0.13247540980834505,1,"{""type"":""MultiPoint"",""coordinates"":[]}"
1957_0,0.3530553,0.37386444,0.33417344,0.512964,0.33821,0.44215247,0.66781664,0.38282162,0.7828477,0.8276636,0.30415335,0.5584537,0.8276636,0.48984802,0.30415335,0.1742812045901888,1,"{""type"":""MultiPoint"",""coordinates"":[]}"
1958_0,0.4410569,0.452368,0.38587096,0.4606711,0.6327601,0.2142245,0.21672662,0.18970737,0.7475561,0.8381995,0.53715897,0.22043443,0.8381995,0.44472787,0.18970737,0.20709781041191314,1,"{""type"":""MultiPoint"",""coordinates"":[]}"
1959_0,0.29840425,0.2734694,0.17770036,0.2339608,0.5928221,0.43202567,0.17079645,0.13566653,0.48182097,0.79046,0.3614821,0.18076581,0.79046,0.34411454,0.13566653,0.19042779672813714,1,"{""type"":""MultiPoint"",""coordinates"":[]}"
1960_0,0.3043478,0.270733,0.19581985,0.2567672,0.62195665,0.43963555,0.18406594,0.16419047,0.4820847,0.7786495,0.3709608,0.22460824,0.7786495,0.3578183,0.16419047,0.18291645451331168,1,"{""type"":""MultiPoint"",""coordinates"":[]}"
1961_0,0.29840425,0.2734694,0.17770036,0.2339608,0.5928221,0.43202567,0.17079645,0.13566653,0.48182097,0.79046,0.3614821,0.18076581,0.79046,0.34411454,0.13566653,0.19042779672813714,1,"{""type"":""MultiPoint"",""coordinates"":[]}"
1962_0,0.31544673,0.2766727,0.22052808,0.22982496,0.30945823,0.31067044,0.28891027,0.20529197,0.32007742,0.5821501,0.4235808,0.4115597,0.5821501,0.32451427,0.20529197,0.10076257329511489,1,"{""type"":""MultiPoint"",""coordinates"":[]}"
1963_0,0.25685558,0.23134328,0.22217004,0.23772357,0.65696204,0.761435,0.72164947,0.16887817,0.23482142,0.80298156,0.6044206,0.17388315,0.80298156,0.4227603,0.16887817,0.24779213284404467,1,"{""type"":""MultiPoint"",""coordinates"":[]}"
1964_0,0.30097994,0.2647059,0.29226735,0.24330735,0.7089964,0.77755857,0.7088935,0.21003963,0.27357098,0.836478,0.6224208,0.23097113,0.836478,0.4558491,0.21003963,0.23820638093833452,1,"{""type"":""MultiPoint"",""coordinates"":[]}"
1965_0,0.45869416,0.43319196,0.30652767,0.5053192,0.5616822,0.43958604,0.3282167,0.47188696,0.660021,0.7855213,0.42159963,0.20490687,0.7855213,0.4647628,0.20490687,0.14911950636808458,1,"{""type"":""MultiPoint"",""coordinates"":[]}"
1966_0,0.52826667,0.33823144,0.2686429,0.38621262,0.6731468,0.4707868,0.44431555,0.38883033,0.47732812,0.6164464,0.79105926,0.6975455,0.79105926,0.5067344,0.2686429,0.15193302030674255,1,"{""type"":""MultiPoint"",""coordinates"":[]}"
1967_0,0.32754168,0.22429228,0.22107784,0.3168239,0.311122,0.118397996,0.31509733,0.7591149,0.7327775,0.21319199,0.6002988,0.72170943,0.7591149,0.40512046,0.118397996,0.22124002436285806,1,"{""type"":""MultiPoint"",""coordinates"":[]}"
1968_0,0.27728087,0.26831612,0.2532824,0.40007913,0.63800704,0.5072464,0.19076066,0.12545587,0.69038564,0.8220005,0.6001785,0.2395264,0.8220005,0.41770998,0.12545587,0.21712116025587874,1,"{""type"":""MultiPoint"",""coordinates"":[]}"
1969_0,0.4283363,0.2475305,0.23464306,0.36970836,0.5449631,0.49098775,0.18331113,0.115998276,0.6226906,0.8323643,0.6336809,0.2608887,0.8323643,0.41375858,0.115998276,0.20765188829949774,1,"{""type"":""MultiPoint"",""coordinates"":[]}"
1970_0,0.36850563,0.37351444,0.3163351,0.46875,0.5153514,0.41428572,0.28564078,0.3211196,0.5559175,0.69854903,0.5387114,0.3611111,0.69854903,0.43481597,0.28564078,0.11757235284287572,1,"{""type"":""MultiPoint"",""coordinates"":[]}"
1971_0,0.39209726,0.328125,0.26562053,0.48046875,0.6776246,0.37428024,0.2607862,0.37390408,0.12572895,0.42415643,0.8204059,0.4727185,0.8204059,0.41632637,0.12572895,0.17846534885169302,1,"{""type"":""MultiPoint"",""coordinates"":[]}"
1972_0,0.34585458,0.2944221,0.25537404,0.41848907,0.62126964,0.33753026,0.31739962,0.39337876,0.10856658,0.48838437,0.76148856,0.4506563,0.76148856,0.39940116,0.10856658,0.16356632801952595,1,"{""type"":""MultiPoint"",""coordinates"":[]}"
1973_0,0.32286304,0.30272108,0.25066242,0.48944157,0.66408837,0.36080113,0.26862997,0.39444736,0.3571114,0.5417661,0.77500707,0.43742317,0.77500707,0.43041357,0.25066242,0.15469082265953724,1,"{""type"":""MultiPoint"",""coordinates"":[]}"
1974_0,0.5379713,0.5945096,0.39670536,0.4611111,0.6719212,0.50359815,0.67551905,0.35098886,0.5842872,0.8434112,0.6939763,0.5145202,0.8434112,0.5690433,0.35098886,0.13254138384309813,1,"{""type"":""MultiPoint"",""coordinates"":[]}"
1975_0,0.26394805,0.28365582,0.25868392,0.24352331,0.5227325,0.3864057,0.4260424,0.40359387,0.39916444,0.64713293,0.6065783,0.40690377,0.64713293,0.4040304,0.24352331,0.12781601032376816,1,"{""type"":""MultiPoint"",""coordinates"":[]}"
1976_0,0.27473462,0.3489109,0.3574152,0.6092226,0.2797375,0.29320186,0.4210742,0.16865493,0.80182004,0.7294542,0.31340274,0.7372421,0.80182004,0.44457257,0.16865493,0.20638007506770065,1,"{""type"":""MultiPoint"",""coordinates"":[]}"
1977_0,0.4622449,0.43227586,0.3430878,0.48574057,0.59624416,0.46469247,0.4435597,0.37683216,0.3373438,0.7191404,0.5726837,0.42821577,0.7191404,0.47183844,0.3373438,0.10610558263504496,1,"{""type"":""MultiPoint"",""coordinates"":[]}"
1978_0,0.25431883,0.24082406,0.2263931,0.36262798,0.21934539,0.12732394,0.10923623,0.26736844,0.7011336,0.8176198,0.60085106,0.26117647,0.8176198,0.34901825,0.10923623,0.21998678497727317,1,"{""type"":""MultiPoint"",""coordinates"":[]}"
1979_0,0.2537447,0.22965467,0.20695403,0.34746137,0.20362903,0.11871345,0.10357143,0.26105264,0.670977,0.7626095,0.5296599,0.27720067,0.7626095,0.3304357,0.10357143,0.20290194399435796,1,"{""type"":""MultiPoint"",""coordinates"":[]}"
1980_0,0.49473685,0.5192563,0.27733755,0.35472044,0.68568206,0.2498416,0.100626305,0.61875147,0.1163066,0.79594046,0.40175438,0.3984196,0.79594046,0.41778114,0.100626305,0.20724269367214845,1,"{""type"":""MultiPoint"",""coordinates"":[]}"
1981_0,0.41601807,0.44360057,0.26504752,0.34731323,0.62741274,0.24416667,0.11913657,0.5950862,0.11790393,0.74622893,0.46985552,0.45714286,0.74622893,0.40407607,0.11790393,0.1878579944203022,1,"{""type"":""MultiPoint"",""coordinates"":[]}"
1982_0,0.5588163,0.55853724,0.30575916,0.3516024,0.7181633,0.29383045,0.11517857,0.6415941,0.119651705,0.79144245,0.50280374,0.38615954,0.79144245,0.44529492,0.11517857,0.2104626160354476,1,"{""type"":""MultiPoint"",""coordinates"":[]}"
1983_0,0.25337783,0.26024362,0.17866161,0.33735183,0.69722813,0.7946569,0.25352797,0.25009236,0.72265625,0.5675165,0.11881188,0.45640278,0.7946569,0.407544,0.11881188,0.22280490372865502,1,"{""type"":""MultiPoint"",""coordinates"":[]}"
1984_0,0.20447396,0.21072227,0.1522428,0.46291155,0.8800358,0.7884471,0.23462863,0.32117066,0.43553498,0.544406,0.15508886,0.5545927,0.8800358,0.41202128,0.1522428,0.23426255905280227,1,"{""type"":""MultiPoint"",""coordinates"":[]}"
1985_0,0.19322807,0.2161057,0.1764706,0.31329325,0.7461586,0.7583548,0.32510465,0.3298893,0.61107403,0.5300622,0.2505263,0.54563105,0.7583548,0.41632488,0.1764706,0.20302814292190696,1,"{""type"":""MultiPoint"",""coordinates"":[]}"
1986_0,0.28942809,0.2917692,0.22235157,0.39811602,0.45372206,0.3976194,0.40725076,0.38584933,0.28213084,0.7047859,0.8121086,0.29421628,0.8121086,0.41161233,0.22235157,0.16951897522504106,1,"{""type"":""MultiPoint"",""coordinates"":[]}"
1987_0,0.357956,0.33169532,0.27301338,0.42482516,0.50889,0.45766807,0.48437896,0.44268775,0.299843,0.6906339,0.8248887,0.33388224,0.8248887,0.4525302,0.27301338,0.1564150903792878,1,"{""type"":""MultiPoint"",""coordinates"":[]}"
1988_0,0.46256304,0.39505836,0.32583067,0.4375546,0.55635667,0.47930443,0.4880443,0.39338765,0.4405242,0.6600985,0.78417575,0.5284949,0.78417575,0.49594942,0.32583067,0.11982695845690627,1,"{""type"":""MultiPoint"",""coordinates"":[]}"
1989_0,0.49123296,0.39352942,0.28956228,0.49168208,0.53312457,0.43414634,0.32949004,0.30165082,0.38627186,0.551824,0.79608065,0.41276595,0.79608065,0.45094675,0.28956228,0.13280146062015055,1,"{""type"":""MultiPoint"",""coordinates"":[]}"
1990_0,0.36775884,0.28946283,0.2667026,0.34402332,0.48789573,0.4170202,0.32282713,0.57710844,0.55902004,0.6943105,0.22882545,0.5258558,0.6943105,0.4234009,0.22882545,0.13843565470478772,1,"{""type"":""MultiPoint"",""coordinates"":[]}"
1991_0,0.4262368,0.61977714,0.37695977,0.269994,0.731275,0.8167961,0.75461555,0.22196262,0.63848394,0.7193387,0.23914893,0.30097994,0.8167961,0.50963074,0.22196262,0.21556854388334007,1,"{""type"":""MultiPoint"",""coordinates"":[]}"
1992_0,0.3937319,0.38214287,0.35422495,0.5469309,0.41781548,0.3922559,0.388123,0.5179221,0.67832845,0.7596685,0.56573826,0.5506474,0.7596685,0.49562746,0.35422495,0.12440621071621343,1,"{""type"":""MultiPoint"",""coordinates"":[]}"
1993_0,0.28722504,0.24060495,0.2457421,0.27575624,0.38153186,0.2430737,0.34574735,0.44526264,0.7416058,0.764473,0.40776235,0.42981264,0.764473,0.40071648,0.24060495,0.17267358530344598,1,"{""type"":""MultiPoint"",""coordinates"":[]}"
1994_0,0.37350675,0.34886518,0.2769477,0.4409811,0.39494064,0.3177388,0.2948229,0.50213677,0.67845035,0.70873785,0.52615386,0.54983205,0.70873785,0.45109284,0.2769477,0.1379362789651826,1,"{""type"":""MultiPoint"",""coordinates"":[]}"
1995_0,0.34916365,0.3305721,0.27963293,0.4886548,0.6431904,0.39107144,0.36826348,0.44347826,0.39941537,0.82289505,0.8168498,0.30596438,0.82289505,0.4699293,0.27963293,0.18134614375378227,1,"{""type"":""MultiPoint"",""coordinates"":[]}"
1996_0,0.3472883,0.34523174,0.2658089,0.4581152,0.6852071,0.48270488,0.36051252,0.41444412,0.3730542,0.8093045,0.80103844,0.32955924,0.8093045,0.4726891,0.2658089,0.17975892964823975,1,"{""type"":""MultiPoint"",""coordinates"":[]}"
1997_0,0.48986617,0.42631865,0.3660999,0.5509843,0.5401906,0.39447197,0.43205944,0.23237835,0.34593263,0.84281844,0.81583697,0.32915097,0.84281844,0.48050904,0.23237835,0.1781136883314338,1,"{""type"":""MultiPoint"",""coordinates"":[]}"
1998_0,0.55915457,0.5428414,0.4542195,0.6136339,0.74858385,0.6944555,0.72525984,0.68568206,0.82640207,0.88210154,0.6727273,0.5976801,0.88210154,0.66689515,0.4542195,0.11648965095421487,1,"{""type"":""MultiPoint"",""coordinates"":[]}"
1999_0,0.58177096,0.24064665,0.20719232,0.3580247,0.6943267,0.5672131,0.57670665,0.69235456,0.8305085,0.79134136,0.17900896,0.47893175,0.8305085,0.5165022,0.17900896,0.21589648914386048,1,"{""type"":""MultiPoint"",""coordinates"":[]}"
2000_0,0.6054345,0.25591984,0.24135756,0.52413017,0.76345843,0.49935594,0.41791046,0.7633847,0.84485406,0.75665224,0.20177853,0.4252101,0.84485406,0.5249539,0.20177853,0.21516323132399778,1,"{""type"":""MultiPoint"",""coordinates"":[]}"
2001_0,0.670948,0.5914118,0.23633157,0.30555555,0.3043478,0.38034377,0.44773382,0.2557143,-0.61656165,-0.56621003,-0.045741912,0.3033202,0.670948,0.18893278,-0.61656165,0.3893146552613257,1,"{""type"":""MultiPoint"",""coordinates"":[]}"
2002_0,0.4185083,0.70957726,0.4979562,0.23281944,0.14901835,0.66281354,0.8397883,0.4807388,-0.040042713,0.15721232,0.22033899,0.5339869,0.8397883,0.4052263,-0.040042713,0.2530162862655945,1,"{""type"":""MultiPoint"",""coordinates"":[]}"
2003_0,0.7016575,0.76360124,0.5274547,0.3212659,0.20972644,0.7658011,0.7550027,0.56799215,0.34613812,0.792754,0.8307263,0.38224348,0.8307263,0.58036363,0.20972644,0.2086732580971673,1,"{""type"":""MultiPoint"",""coordinates"":[]}"
2004_0,0.42378405,0.33315995,0.27436283,0.49043548,0.5894299,0.32915872,0.23908919,0.13621262,0.28864706,0.81429344,0.78563994,0.18476407,0.81429344,0.40741476,0.13621262,0.21287677866861282,1,"{""type"":""MultiPoint"",""coordinates"":[]}"
2005_0,0.4,0.33385053,0.26681557,0.4849856,0.5984887,0.34705076,0.24215686,0.1438505,0.31763574,0.8253744,0.7791732,0.21770091,0.8253744,0.41309023,0.1438505,0.20911341917645107,1,"{""type"":""MultiPoint"",""coordinates"":[]}"
2006_0,0.40153348,0.39270687,0.35255948,0.4829932,0.6441228,0.5244095,0.41655236,0.4166315,0.3479008,0.8051007,0.7996071,0.29839882,0.8051007,0.4902097,0.29839882,0.16431530547252382,1,"{""type"":""MultiPoint"",""coordinates"":[]}"
2007_0,0.2646086,0.34117648,0.28070563,0.5577385,0.24035154,0.3240367,0.20999597,0.55787104,0.7419355,0.8328623,0.48462135,0.39724037,0.8328623,0.43609533,0.20999597,0.1934360464946958,1,"{""type"":""MultiPoint"",""coordinates"":[]}"
2008_0,0.4254346,0.4520548,0.35122627,0.41218162,0.40590265,0.21351504,0.113114014,0.3603649,0.81908464,0.84778935,0.1946551,0.5389077,0.84778935,0.42785254,0.113114014,0.21464501033233513,1,"{""type"":""MultiPoint"",""coordinates"":[]}"
2009_0,0.2635306,0.30653754,0.26341903,0.29429302,0.13687727,0.2432319,0.09245522,0.45077378,0.78419244,0.6420582,0.1891516,0.61333334,0.78419244,0.3566545,0.09245522,0.20852201759611622,1,"{""type"":""MultiPoint"",""coordinates"":[]}"
2010_0,0.2998713,0.274068,0.25184095,0.26702884,0.2496278,0.30277655,0.28028336,0.5148515,0.69197583,0.7038082,0.24605048,0.317131,0.7038082,0.36660948,0.24605048,0.16325902384712732,1,"{""type"":""MultiPoint"",""coordinates"":[]}"
2011_0,0.2805298,0.74032164,0.5074372,0.4718927,0.22402866,0.29151943,0.15411049,0.5048719,0.8472476,0.81124693,0.2915992,0.63255817,0.8472476,0.47978032,0.15411049,0.2272309175555353,1,"{""type"":""MultiPoint"",""coordinates"":[]}"
2012_0,0.29599178,0.2965587,0.246418,0.26252338,0.1600724,0.20967034,0.16477273,0.46522132,0.80455697,0.7649839,0.2579342,0.60546285,0.80455697,0.37784722,0.1600724,0.21809204208646696,1,"{""type"":""MultiPoint"",""coordinates"":[]}"
2013_0,0.34354284,0.38913092,0.2767733,0.37526205,0.35411528,0.37430167,0.29294246,0.5314179,0.8125709,0.085141905,0.30660215,0.5689866,0.8125709,0.39256567,0.085141905,0.17237722433361874,1,"{""type"":""MultiPoint"",""coordinates"":[]}"
2014_0,0.27009413,0.25184995,0.21466091,0.38327092,0.41093197,0.34065104,0.45576465,0.32790223,0.74932927,0.8149814,0.38762966,0.46028405,0.8149814,0.42227918,0.21466091,0.17735918169417633,1,"{""type"":""MultiPoint"",""coordinates"":[]}"
2015_0,0.46228835,0.28614327,0.27774957,0.4767998,0.23931204,0.2365108,0.14790076,0.46891788,0.79546356,0.76654804,0.5219077,0.45687205,0.79546356,0.42803448,0.14790076,0.19535293850547553,1,"{""type"":""MultiPoint"",""coordinates"":[]}"
2016_0,0.5641596,0.44262296,0.36585367,0.5197226,0.63952965,0.56118244,0.53368986,0.5900212,0.6307625,0.8392622,0.7994244,0.7166932,0.8392622,0.6002437,0.36585367,0.1311698867934068,1,"{""type"":""MultiPoint"",""coordinates"":[]}"
2017_0,0.50594336,0.40897465,0.31960648,0.4096951,0.61804384,0.52505964,0.4767624,0.54976743,0.6668091,0.849866,0.78956676,0.7135839,0.849866,0.5694732,0.31960648,0.1550206827055231,1,"{""type"":""MultiPoint"",""coordinates"":[]}"
2018_0,0.45012847,0.4147415,0.37443033,0.56020945,0.5282786,0.5690537,0.7010844,0.6895339,0.21314599,0.5918885,0.7463312,0.44632205,0.7463312,0.52376235,0.21314599,0.1467959319902193,1,"{""type"":""MultiPoint"",""coordinates"":[]}"
2019_0,0.40853456,0.32944405,0.26154786,0.27886137,0.49483472,0.44544822,0.3493513,0.38917795,0.0699261,0.63441306,0.7218045,0.6687562,0.7218045,0.42100832,0.0699261,0.1795889304472506,1,"{""type"":""MultiPoint"",""coordinates"":[]}"
2020_0,0.5085034,0.4736502,0.41016948,0.5605257,0.64985776,0.59877235,0.446085,0.4299465,0.63349515,0.8013245,0.6497931,0.27617952,0.8013245,0.5365252,0.27617952,0.13468142070263633,1,"{""type"":""MultiPoint"",""coordinates"":[]}"
2021_0,0.36338946,0.29556355,0.26068252,0.47841567,0.5926654,0.27969736,0.31713447,0.1656078,0.30120483,0.7681974,0.66282934,0.28125,0.7681974,0.3972198,0.1656078,0.17786293226368427,1,"{""type"":""MultiPoint"",""coordinates"":[]}"
2022_0,0.34549192,0.31906876,0.22791946,0.29738745,0.5130168,0.44725856,0.42629904,0.2191717,0.3037597,0.5340464,0.5512269,0.3340143,0.5512269,0.3765551,0.2191717,0.11027129669116222,1,"{""type"":""MultiPoint"",""coordinates"":[]}"
2023_0,0.32721576,0.31314623,0.2350317,0.23833671,0.4555113,0.43933463,0.43771887,0.27174887,0.4331984,0.56494194,0.7256247,0.42305836,0.7256247,0.4054056,0.2350317,0.1363851507119452,1,"{""type"":""MultiPoint"",""coordinates"":[]}"
2024_0,0.27896994,0.26645145,0.13008323,0.26592943,0.37056276,0.40526563,0.39747065,0.26751593,0.40938511,0.3607925,0.40713146,0.31928515,0.40938511,0.32323694,0.13008323,0.08126418301665257,1,"{""type"":""MultiPoint"",""coordinates"":[]}"
2025_0,0.23245786,0.23270921,0.22902577,0.22477202,0.124872684,0.24178681,0.23538831,0.30799824,0.80946815,0.8193906,0.1985784,0.3923467,0.8193906,0.33739957,0.124872684,0.22162984740750422,1,"{""type"":""MultiPoint"",""coordinates"":[]}"
2026_0,0.5889754,0.53931886,0.34921092,0.48568532,0.28303176,0.27858984,0.6182014,0.48189563,0.016710643,-0.0945495,-0.14978603,0.13013698,0.6182014,0.29395178,-0.14978603,0.25485447756606894,1,"{""type"":""MultiPoint"",""coordinates"":[]}"
2027_0,0.48509485,0.44578314,0.36585367,0.12638581,0.619542,0.38972542,0.6075515,0.62176543,0.82491064,0.67741936,0.7022776,0.67106843,0.82491064,0.5447815,0.12638581,0.18183095851058753,1,"{""type"":""MultiPoint"",""coordinates"":[]}"
2028_0,0.21475221,0.2144722,0.2034744,0.20266804,0.10995671,0.2360577,0.10660319,0.547275,0.81144506,0.90371567,0.53205407,0.2900347,0.90371567,0.36437574,0.10660319,0.2585845167399807,1,"{""type"":""MultiPoint"",""coordinates"":[]}"
2029_0,0.21475221,0.2144722,0.2034744,0.20266804,0.10995671,0.2360577,0.10660319,0.547275,0.81144506,0.90371567,0.53205407,0.2900347,0.90371567,0.36437574,0.10660319,0.2585845167399807,1,"{""type"":""MultiPoint"",""coordinates"":[]}"
2030_0,0.2865242,0.28258967,0.25013277,0.30255058,0.22747177,0.28539214,0.28962946,0.26647276,0.7346217,0.88660765,0.41322783,0.2691758,0.88660765,0.37453303,0.22747177,0.20203063013076294,1,"{""type"":""MultiPoint"",""coordinates"":[]}"
2031_0,0.2418843,0.1982171,0.29815304,0.4917268,0.22447293,0.19824341,0.23288815,0.17304318,0.14556135,0.7853922,0.59100735,0.43129194,0.7853922,0.33432347,0.14556135,0.19026803437835677,1,"{""type"":""MultiPoint"",""coordinates"":[]}"
2032_0,0.3168254,0.32782823,0.19903821,0.4826221,0.62545455,0.15754002,0.10346475,0.29294607,0.31420234,0.8102578,0.72163165,0.19866815,0.8102578,0.3792066,0.10346475,0.22038126937223743,1,"{""type"":""MultiPoint"",""coordinates"":[]}"
2033_0,0.26110774,0.2561873,0.2535488,0.41863075,0.6465827,0.3376422,0.1996427,0.1118177,0.4044507,0.740634,0.65776175,0.13882864,0.740634,0.36890292,0.1118177,0.20181477212625967,1,"{""type"":""MultiPoint"",""coordinates"":[]}"
2034_0,0.5825947,0.5807284,0.4023104,0.56140584,0.68742186,0.45763573,0.59151196,0.5839586,0.8131461,0.87833333,0.69172114,0.59692407,0.87833333,0.6189743,0.4023104,0.12796066777753143,1,"{""type"":""MultiPoint"",""coordinates"":[]}"
2035_0,0.65607566,0.22915207,0.19752955,0.3660196,0.47752592,0.39530623,0.46851435,0.446928,0.40964592,0.6084544,0.7516497,0.6307089,0.7516497,0.46979252,0.19752955,0.16119860448171414,1,"{""type"":""MultiPoint"",""coordinates"":[]}"
2036_0,0.43959448,0.24158126,0.20904978,0.23681098,0.1891892,0.19775717,0.24024509,0.19666667,0.44810307,0.28432733,0.38515177,0.4327791,0.44810307,0.29177132,0.1891892,0.0993285611854278,1,"{""type"":""MultiPoint"",""coordinates"":[]}"
2037_0,0.3116615,0.4080429,0.28211525,0.42857143,0.12548512,0.14167812,0.13812155,0.46391752,0.84368825,0.73371106,0.38196802,0.5338866,0.84368825,0.39940393,0.12548512,0.21675730265572943,1,"{""type"":""MultiPoint"",""coordinates"":[]}"
2038_0,0.33015367,0.45557266,0.32322714,0.4178499,0.121094756,0.1268623,0.10084034,0.4200714,0.80834913,0.8003914,0.41324693,0.45368567,0.80834913,0.39761212,0.10084034,0.22108119214245683,1,"{""type"":""MultiPoint"",""coordinates"":[]}"
2039_0,0.45917836,0.31152073,0.25399256,0.16887368,0.11274736,0.15228014,0.14212766,0.35913312,0.8410816,0.8567493,0.2029172,0.3018463,0.8567493,0.34687066,0.11274736,0.2442491289068367,1,"{""type"":""MultiPoint"",""coordinates"":[]}"
2040_0,0.393012,0.43637612,0.35584977,0.5740817,0.6018274,0.42869732,0.35675183,0.25329694,0.23594204,0.5664299,0.7945946,0.29673958,0.7945946,0.44113326,0.23594204,0.15791715692157832,1,"{""type"":""MultiPoint"",""coordinates"":[]}"
2041_0,0.39811102,0.33204526,0.2797858,0.5151014,0.6393589,0.4203105,0.37126866,0.3432225,0.2674897,0.6016797,0.80736685,0.36695504,0.80736685,0.4452246,0.2674897,0.15673910053676257,1,"{""type"":""MultiPoint"",""coordinates"":[]}"
2042_0,0.28647155,0.27189824,0.22786425,0.44338807,0.5362114,0.35287672,0.33244562,0.32239926,0.3151845,0.724,0.8298092,0.27391508,0.8298092,0.4097053,0.22786425,0.18344942789034382,1,"{""type"":""MultiPoint"",""coordinates"":[]}"
2043_0,0.3152286,0.32627952,0.2610966,0.39820743,0.40352422,0.35291353,0.4477685,0.52501214,0.27944326,0.630713,0.75254583,0.23893805,0.75254583,0.41097257,0.23893805,0.14961195346395686,1,"{""type"":""MultiPoint"",""coordinates"":[]}"
2044_0,0.22584641,0.22079562,0.24715339,0.4190705,0.25227687,0.28987765,0.33227345,0.2365196,0.8305812,0.8459371,0.33614865,0.66142595,0.8459371,0.40815887,0.22079562,0.22496536159025973,1,"{""type"":""MultiPoint"",""coordinates"":[]}"
2045_0,0.20250086,0.20950156,0.21674336,0.3830726,0.16600963,0.14563966,0.23090827,0.08978328,0.21685575,0.66063976,0.70916337,0.21389891,0.70916337,0.28705975,0.08978328,0.1897513054901798,1,"{""type"":""MultiPoint"",""coordinates"":[]}"
2046_0,0.2799346,0.31092438,0.29118264,0.58151525,0.29643634,0.3935935,0.52196836,0.24369748,0.59368837,0.89022756,0.700771,0.27555075,0.89022756,0.44829085,0.24369748,0.19853996309647978,1,"{""type"":""MultiPoint"",""coordinates"":[]}"
2047_0,0.3673559,0.36040825,0.3593315,0.5018913,0.2578877,0.32737955,0.4183174,0.28495198,0.5521739,0.8961802,0.7258285,0.26542324,0.8961802,0.44309413,0.2578877,0.18820461241481015,1,"{""type"":""MultiPoint"",""coordinates"":[]}"
2048_0,0.47130945,0.4455542,0.38955066,0.54130363,0.34594205,0.364909,0.4950166,0.43405026,0.6075991,0.8614987,0.68671364,0.36914963,0.8614987,0.50104976,0.34594205,0.14670821710940413,1,"{""type"":""MultiPoint"",""coordinates"":[]}"
2049_0,0.5158602,0.5168409,0.38322863,0.52166,0.5805224,0.5514825,0.5953757,0.7582296,0.33832029,0.5944355,0.6799052,0.7428068,0.7582296,0.56488895,0.33832029,0.12090136687612017,1,"{""type"":""MultiPoint"",""coordinates"":[]}"
2050_0,0.27324277,0.30207095,0.3035357,0.13867925,0.1647584,0.4162331,0.7491725,0.65405405,0.19652821,0.55402297,0.7169707,0.17417061,0.7491725,0.38695326,0.13867925,0.21599942037468398,1,"{""type"":""MultiPoint"",""coordinates"":[]}"
2051_0,0.585512,0.39673775,0.32387275,0.35645723,0.458891,0.73387676,0.79291856,0.39322534,0.58672374,0.787358,0.60911274,0.36604515,0.79291856,0.53256094,0.32387275,0.16593515077385854,1,"{""type"":""MultiPoint"",""coordinates"":[]}"
2052_0,0.36091954,0.64219844,0.5400838,0.25197017,0.38649157,0.39174196,0.15861773,0.5536701,0.69567794,0.7717391,0.2860202,0.62799543,0.7717391,0.4722605,0.15861773,0.18524398623263627,1,"{""type"":""MultiPoint"",""coordinates"":[]}"
2053_0,0.51451355,0.55474985,0.40033785,0.5255016,0.56804883,0.4492259,0.61931247,0.63811564,0.73661774,0.8596848,0.4994142,0.734315,0.8596848,0.5916531,0.40033785,0.12707364795035314,1,"{""type"":""MultiPoint"",""coordinates"":[]}"
2054_0,0.23248883,0.25146627,0.21490182,0.26457205,0.22777566,0.3870141,0.4843718,0.39076924,0.6411983,0.88794875,0.35901386,0.33448574,0.88794875,0.3896672,0.21490182,0.19164189272940932,1,"{""type"":""MultiPoint"",""coordinates"":[]}"
2055_0,0.47278127,0.29299453,0.3234391,0.41296625,0.39248252,0.4109333,0.4119171,0.472,0.5172578,0.6843267,0.6840764,0.49225518,0.6843267,0.4639525,0.29299453,0.1165480824928185,1,"{""type"":""MultiPoint"",""coordinates"":[]}"
2056_0,0.3031088,0.235611,0.23133276,0.33266634,0.5587097,0.314309,0.3973363,0.35881755,0.27477103,0.69653946,0.78032035,0.29154795,0.78032035,0.39792252,0.23133276,0.17406907149984738,1,"{""type"":""MultiPoint"",""coordinates"":[]}"
2057_0,0.34473792,0.26420453,0.26963425,0.43314403,0.5784992,0.34459037,0.4627868,0.3340122,0.3419355,0.76798016,0.7633136,0.2613391,0.76798016,0.4305148,0.2613391,0.1736009528612756,1,"{""type"":""MultiPoint"",""coordinates"":[]}"
2058_0,0.31354228,0.32324484,0.31544957,0.3617443,0.3740123,0.5976074,0.5630445,0.55901027,0.7594108,0.7258709,0.6505252,0.5522552,0.7594108,0.5079765,0.31354228,0.1567843247052104,1,"{""type"":""MultiPoint"",""coordinates"":[]}"
2059_0,0.2898148,0.34825426,0.31654853,0.18696296,0.3032327,0.34297282,0.31149143,0.79140365,0.73100984,0.6403311,0.3810056,0.29875,0.79140365,0.4118148,0.18696296,0.18643089409785624,1,"{""type"":""MultiPoint"",""coordinates"":[]}"
2060_0,0.32940847,0.35756156,0.3540683,0.35363558,0.53689426,0.56636333,0.5367688,0.6287234,0.8180983,0.6457734,0.5294488,0.3821032,0.8180983,0.5032373,0.32940847,0.1451646404640016,1,"{""type"":""MultiPoint"",""coordinates"":[]}"
2061_0,0.42843932,0.3306164,0.32020727,0.47480917,0.64292324,0.2629705,0.40349177,0.5828041,0.64890426,0.77608746,0.7593361,0.5729294,0.77608746,0.5169599,0.2629705,0.1650936999391624,1,"{""type"":""MultiPoint"",""coordinates"":[]}"
2062_0,0.65967906,0.6660477,0.5286793,0.7115001,0.7587812,0.5487118,0.58013123,0.70617396,0.6604434,0.8340211,0.8024309,0.76540756,0.8340211,0.68516725,0.5286793,0.09339346602067822,1,"{""type"":""MultiPoint"",""coordinates"":[]}"
2063_0,0.31544825,0.27799043,0.3029316,0.4508772,0.5438261,0.35339233,0.42378753,0.435533,0.5707965,0.36642337,0.79989064,0.6970849,0.79989064,0.4614985,0.27799043,0.15594304659200361,1,"{""type"":""MultiPoint"",""coordinates"":[]}"
2064_0,0.5077215,0.682166,0.49895325,0.17633356,0.34352374,0.55669826,0.7598759,0.63083553,0.2883133,0.7878298,0.6747615,0.30386052,0.7878298,0.51757276,0.17633356,0.19220691558045275,1,"{""type"":""MultiPoint"",""coordinates"":[]}"
2065_0,0.4333064,0.71412987,0.4908877,0.12600783,0.2178643,0.65936476,0.774404,0.72260535,0.27757215,0.70399475,0.75376606,0.17017604,0.774404,0.50367326,0.12600783,0.23878307833184456,1,"{""type"":""MultiPoint"",""coordinates"":[]}"
2066_0,0.40788764,0.45390692,0.41457987,0.17690632,0.21826872,0.5122336,0.6395752,0.5623398,0.32361516,0.668717,0.71916217,0.2739394,0.71916217,0.4475943,0.17690632,0.17101200239962794,1,"{""type"":""MultiPoint"",""coordinates"":[]}"
2067_0,0.27856815,0.28663594,0.24931507,0.32148203,0.28009433,0.37001127,0.3888025,0.6242505,0.79957616,0.7720571,0.34648657,0.4070946,0.79957616,0.4270312,0.24931507,0.185829642094322,1,"{""type"":""MultiPoint"",""coordinates"":[]}"
2068_0,0.23128492,0.17867585,0.17218427,0.21314181,0.15277539,0.2775402,0.30301005,0.10234114,0.7367114,0.6794031,0.09524677,0.1918286,0.7367114,0.2778453,0.09524677,0.20144863916233272,1,"{""type"":""MultiPoint"",""coordinates"":[]}"
2069_0,0.32597172,0.33770207,0.26735538,0.42315057,0.41665027,0.5621634,0.5939448,0.60534066,0.80603725,0.72202426,0.20038314,0.28817093,0.80603725,0.46240786,0.20038314,0.18439697401327784,1,"{""type"":""MultiPoint"",""coordinates"":[]}"
2070_0,0.41344854,0.40089837,0.34997228,0.51348794,0.50544107,0.30997303,0.31477928,0.3395973,0.6647546,0.7863273,0.523322,0.4853486,0.7863273,0.4672792,0.30997303,0.13940836253704494,1,"{""type"":""MultiPoint"",""coordinates"":[]}"
2071_0,0.36454183,0.44356826,0.31382346,0.46380195,0.44968835,0.26147124,0.2404514,0.087950565,0.22517845,0.7860465,0.8765872,0.6785801,0.8765872,0.4326408,0.087950565,0.22925495416741826,1,"{""type"":""MultiPoint"",""coordinates"":[]}"
2072_0,0.49705845,0.40848154,0.37459633,0.6182895,0.712984,0.38558164,0.40820512,0.18117088,0.14128566,0.22892529,0.35373887,0.26808867,0.712984,0.38153383,0.14128566,0.16216161824260275,1,"{""type"":""MultiPoint"",""coordinates"":[]}"
2073_0,0.29948387,0.24736843,0.2852761,0.4135887,0.5459207,0.3146603,0.43356448,0.4349084,0.45253253,0.79249215,0.80313104,0.21973786,0.80313104,0.43688872,0.21973786,0.18555245047952387,1,"{""type"":""MultiPoint"",""coordinates"":[]}"
2074_0,0.2819056,0.2503,0.27704355,0.49886724,0.60997844,0.37845623,0.48240906,0.43335024,0.26732674,0.6296296,0.7922535,0.3125506,0.7922535,0.4345059,0.2503,0.16614809174511022,1,"{""type"":""MultiPoint"",""coordinates"":[]}"
2075_0,0.30755475,0.32826602,0.32364193,0.5344523,0.6060539,0.29399085,0.2708963,0.13039167,0.36973375,0.713915,0.71681416,0.210823,0.71681416,0.40054446,0.13039167,0.1862495405087324,1,"{""type"":""MultiPoint"",""coordinates"":[]}"
2076_0,0.2230842,0.29281768,0.3922778,0.44084683,0.48885727,0.44817343,0.3753455,0.15686275,0.87638074,0.8957015,0.5872956,0.26707,0.8957015,0.4537261,0.15686275,0.22457847234309405,1,"{""type"":""MultiPoint"",""coordinates"":[]}"
2077_0,0.39888507,0.39565346,0.19218062,0.08494784,0.5724496,0.8567901,0.8404826,0.14608234,0.5487863,0.8824136,0.73845404,0.2426795,0.8824136,0.49165043,0.08494784,0.2787958636835935,1,"{""type"":""MultiPoint"",""coordinates"":[]}"
2078_0,0.33814874,0.35701805,0.34036225,0.4158403,0.46633166,0.44013304,0.53976184,0.48203355,0.47290543,0.30864197,0.59352416,0.32909784,0.59352416,0.4236499,0.30864197,0.08716956730746961,1,"{""type"":""MultiPoint"",""coordinates"":[]}"
2079_0,0.65964645,0.31646994,0.26380682,0.31747574,0.22121212,0.37985003,0.78497314,0.7791719,0.17180094,-0.047875926,0.6625173,0.7763489,0.78497314,0.44044977,-0.047875926,0.26889998044690394,1,"{""type"":""MultiPoint"",""coordinates"":[]}"
2080_0,0.44671273,0.34869888,0.31246343,0.37308696,0.42049026,0.47340947,0.740059,0.7329256,0.26623377,0.2629981,0.67683613,0.72842485,0.740059,0.4818616,0.2629981,0.17940583411638777,1,"{""type"":""MultiPoint"",""coordinates"":[]}"
2081_0,0.33940107,0.23298284,0.2269392,0.2854587,0.26238146,0.54320544,0.7727781,0.682084,0.44970205,0.5262055,0.68526465,0.71800137,0.7727781,0.4770337,0.2269392,0.1962793243197619,1,"{""type"":""MultiPoint"",""coordinates"":[]}"
2082_0,0.22791165,0.20783266,0.1720524,0.28498206,0.3283761,0.24516629,0.30646387,0.26325247,0.36307615,0.3430572,0.3198789,0.26010823,0.36307615,0.2768465,0.1720524,0.055436006250836646,1,"{""type"":""MultiPoint"",""coordinates"":[]}"
2083_0,0.18036176,0.1699029,0.14833277,0.17415565,0.1493441,0.2525205,0.124615386,0.4405079,0.73894167,0.71909255,0.17270702,0.5330189,0.73894167,0.31695843,0.124615386,0.22001715877219347,1,"{""type"":""MultiPoint"",""coordinates"":[]}"
2084_0,0.21434139,0.1720482,0.14769334,0.16978922,0.13703515,0.23030019,0.09908507,0.47288725,0.7588689,0.7237354,0.15140186,0.5161588,0.7588689,0.31611207,0.09908507,0.2275479550034757,1,"{""type"":""MultiPoint"",""coordinates"":[]}"
2085_0,0.3227262,0.29953918,0.30340958,0.320448,0.29622757,0.48676986,0.5229794,0.69673604,0.7634675,0.6229023,0.63374716,0.49503723,0.7634675,0.4803325,0.29622757,0.16361028845258124,1,"{""type"":""MultiPoint"",""coordinates"":[]}"
2086_0,0.50391364,0.3978045,0.31177408,0.4224174,0.46497518,0.49551252,0.5497137,0.6306231,0.7943062,0.563099,0.44804385,0.52380955,0.7943062,0.50883275,0.31177408,0.11747900007450934,1,"{""type"":""MultiPoint"",""coordinates"":[]}"
2087_0,0.7219707,0.78993434,0.5071903,0.19329897,0.54189086,0.7345461,0.8475177,0.6848702,-0.03897945,0.43817112,0.27003136,0.7938563,0.8475177,0.5403582,-0.03897945,0.2666420466455853,1,"{""type"":""MultiPoint"",""coordinates"":[]}"
2088_0,0.22841288,0.2073903,0.20255047,0.175319,0.15727003,0.13715953,0.16459559,0.22192867,0.79887956,0.70333815,0.22018927,0.60556465,0.79887956,0.31854984,0.13715953,0.22679546865637998,1,"{""type"":""MultiPoint"",""coordinates"":[]}"
2089_0,0.7490657,0.5400283,0.2256143,0.15962672,0.70715475,0.82477677,0.5602992,0.6851344,0.28462073,0.87515503,0.6964201,0.18699187,0.87515503,0.54124063,0.15962672,0.2490575890970233,1,"{""type"":""MultiPoint"",""coordinates"":[]}"
2090_0,0.6765526,0.54401076,0.39030483,0.3299095,0.6235103,0.73491544,0.71748924,0.5949467,0.43538767,0.73535794,0.72874004,0.4834437,0.73535794,0.58288074,0.3299095,0.1386126840349573,1,"{""type"":""MultiPoint"",""coordinates"":[]}"
2091_0,0.35868675,0.36161157,0.3741885,0.4471755,0.4381271,0.4533195,0.48486304,0.5070956,0.68402606,0.76316553,0.50569886,0.5105457,0.76316553,0.49070865,0.35868675,0.11770584018833045,1,"{""type"":""MultiPoint"",""coordinates"":[]}"
2092_0,0.2281167,0.26058933,0.33820173,0.43962848,0.11350885,0.11190476,0.16765873,0.2692683,0.83715343,0.7233943,0.15374331,0.6408865,0.83715343,0.35700452,0.11190476,0.23851804152792,1,"{""type"":""MultiPoint"",""coordinates"":[]}"
2093_0,0.23297003,0.26318267,0.25289255,0.42654735,0.13107453,0.2236645,0.21679598,0.33020636,0.85529613,0.70825416,0.15066573,0.6309871,0.85529613,0.36854476,0.13107453,0.22671163419544738,1,"{""type"":""MultiPoint"",""coordinates"":[]}"
2094_0,0.67297614,0.7179345,0.32260498,0.45519236,0.54334676,0.7630662,0.7422264,0.5025114,0.78451717,0.8572251,0.47468054,0.6620499,0.8572251,0.62486094,0.32260498,0.15519706894530597,1,"{""type"":""MultiPoint"",""coordinates"":[]}"
2095_0,0.3284974,0.28014672,0.22576419,0.18281211,0.32132426,0.7679163,0.75508696,0.6938725,0.113641754,0.73134327,0.775,0.6169992,0.775,0.48270038,0.113641754,0.24973937007526734,1,"{""type"":""MultiPoint"",""coordinates"":[]}"
2096_0,0.75812465,0.7507788,0.24963072,0.14613779,0.44728634,0.8035427,0.70580417,0.24650161,0.6768076,0.87491214,0.26289308,0.51792043,0.87491214,0.536695,0.14613779,0.24683966959924272,1,"{""type"":""MultiPoint"",""coordinates"":[]}"
2097_0,0.18700717,0.19329388,0.1958161,0.16944444,0.231011,0.39332658,0.34610215,0.09461756,0.08026659,0.43953487,0.431061,0.15369774,0.43953487,0.24293159,0.08026659,0.12147762206282278,1,"{""type"":""MultiPoint"",""coordinates"":[]}"
2098_0,0.23242234,0.21109399,0.20164986,0.21373878,0.41920236,0.7326027,0.6967133,0.2,0.09522379,0.7584803,0.61716545,0.14354451,0.7584803,0.3768198,0.09522379,0.2423349845872809,1,"{""type"":""MultiPoint"",""coordinates"":[]}"
2099_0,0.23131673,0.21583776,0.24283071,0.2319324,0.65067464,0.78563654,0.76063645,0.13778785,0.16903135,0.800683,0.5547765,0.16260487,0.800683,0.41197908,0.13778785,0.26111452254200446,1,"{""type"":""MultiPoint"",""coordinates"":[]}"
2100_0,0.34623978,0.31081423,0.32361808,0.47800085,0.49513593,0.36752138,0.34438917,0.12959054,0.3392857,0.5137876,0.70616114,0.25486472,0.70616114,0.38411742,0.12959054,0.14067924817770605,1,"{""type"":""MultiPoint"",""coordinates"":[]}"
2101_0,0.35763973,0.35140276,0.36370006,0.579377,0.59309494,0.46702996,0.4960452,0.15608466,0.2548818,0.7071707,0.72670805,0.27428058,0.72670805,0.44395128,0.15608466,0.17390706763225927,1,"{""type"":""MultiPoint"",""coordinates"":[]}"
2102_0,0.31305507,0.3705115,0.4516201,0.6747262,0.64396363,0.60866976,0.6142675,0.18227965,0.30306345,0.74880314,0.786,0.2554648,0.786,0.4960354,0.18227965,0.19858149647045864,1,"{""type"":""MultiPoint"",""coordinates"":[]}"
2103_0,0.44899517,0.26727447,0.2561907,0.41123778,0.2731855,0.10299317,0.09720484,0.18808895,-0.0010881393,0.6688868,0.8171278,0.3251366,0.8171278,0.32126948,-0.0010881393,0.22732138362041626,1,"{""type"":""MultiPoint"",""coordinates"":[]}"
2104_0,0.4789648,0.24435411,0.24036945,0.35315102,0.30044842,0.10157699,0.078872085,0.11512415,-0.053235907,0.6595186,0.79450226,0.30884954,0.79450226,0.30187464,-0.053235907,0.23497377264500496,1,"{""type"":""MultiPoint"",""coordinates"":[]}"
2105_0,0.5806317,0.23679914,0.22634968,0.33806705,0.2486513,0.12686208,0.113598675,0.124295905,0.20064205,0.6518069,0.8011939,0.41029486,0.8011939,0.3382661,0.113598675,0.21742462362851236,1,"{""type"":""MultiPoint"",""coordinates"":[]}"
2106_0,0.7091488,0.23286937,0.18522167,0.33490565,0.30787364,0.21368654,0.11468647,0.22669736,0.7585709,0.82402617,0.6460324,0.39259258,0.82402617,0.41219264,0.11468647,0.2407772845798433,1,"{""type"":""MultiPoint"",""coordinates"":[]}"
2107_0,0.6027493,0.28183404,0.26564345,0.4147105,0.42440447,0.18791485,0.15542763,0.27639753,0.7139448,0.7972028,0.64445615,0.43400103,0.7972028,0.43322387,0.15542763,0.20371708474491562,1,"{""type"":""MultiPoint"",""coordinates"":[]}"
2108_0,0.65877324,0.2240717,0.20512821,0.3734472,0.3291506,0.17410916,0.11048614,0.196601,0.7962181,0.84536874,0.635086,0.3573544,0.84536874,0.40881622,0.11048614,0.24652985338131106,1,"{""type"":""MultiPoint"",""coordinates"":[]}"
2109_0,0.4096186,0.53257674,0.51627904,0.44391635,0.40711066,0.2595221,0.25301206,0.517083,0.847498,0.77472055,0.26001704,0.7538688,0.847498,0.49793524,0.25301206,0.19549288868875117,1,"{""type"":""MultiPoint"",""coordinates"":[]}"
2110_0,0.24600138,0.25103042,0.3054048,0.29834712,0.21798134,0.15728992,0.19453207,0.3303421,0.8457831,0.7836388,0.20738874,0.6616958,0.8457831,0.37495297,0.15728992,0.23242457542920114,1,"{""type"":""MultiPoint"",""coordinates"":[]}"
2111_0,0.36745313,0.40005028,0.34591863,0.40106434,0.46585736,0.4130003,0.43857965,0.39853558,0.65217394,0.61988306,0.5729614,0.5420653,0.65217394,0.46812856,0.34591863,0.09845572455282647,1,"{""type"":""MultiPoint"",""coordinates"":[]}"
2112_0,0.46162048,0.3278832,0.27859238,0.45770344,0.19326065,0.19079979,0.3050672,0.18165989,0.33257532,-0.013168086,0.5200352,0.8451087,0.8451087,0.34009486,-0.013168086,0.20715907135941272,1,"{""type"":""MultiPoint"",""coordinates"":[]}"
2113_0,0.5646189,0.51304346,0.40503433,0.5326908,0.62799615,0.56798273,0.5739107,0.5519236,0.7356544,0.6676942,0.7034261,0.67736924,0.7356544,0.5934454,0.40503433,0.0891199182043555,1,"{""type"":""MultiPoint"",""coordinates"":[]}"
2114_0,0.44060004,0.38070044,0.35307518,0.40676117,0.44227886,0.326977,0.34116444,0.47323543,0.18885988,0.24751067,0.56354916,0.7539238,0.7539238,0.40988633,0.18885988,0.1410921780412713,1,"{""type"":""MultiPoint"",""coordinates"":[]}"
2115_0,0.27210227,0.2576419,0.23874874,0.17660192,0.54681647,0.89543766,0.5229246,0.33333334,0.746014,0.8785878,0.38061467,0.56257135,0.89543766,0.48428288,0.17660192,0.23969331903110971,1,"{""type"":""MultiPoint"",""coordinates"":[]}"
2116_0,0.32029018,0.29451397,0.30525297,0.2067277,0.21935987,0.67666423,0.35755545,0.5214724,0.20414777,0.7248295,0.6290909,0.5975904,0.7248295,0.42145795,0.20414777,0.18695248260541494,1,"{""type"":""MultiPoint"",""coordinates"":[]}"
2117_0,0.24485643,0.2174696,0.27348208,0.10318821,0.13502936,0.25,0.32720986,0.56168664,0.18666667,0.6841046,0.74891275,0.634729,0.74891275,0.3639446,0.10318821,0.2185378965275001,1,"{""type"":""MultiPoint"",""coordinates"":[]}"
2118_0,0.4569293,0.45195004,0.36757934,0.58094823,0.53230625,0.33436534,0.2900868,0.28918323,0.50333685,0.66651607,0.68270165,0.2551069,0.68270165,0.45091748,0.2551069,0.14065906880362197,1,"{""type"":""MultiPoint"",""coordinates"":[]}"
2119_0,0.48048657,0.44313726,0.34518012,0.49097314,0.54111767,0.2891187,0.30418944,0.32582244,0.41244724,0.50591415,0.6124304,0.28754485,0.6124304,0.4198635,0.28754485,0.10445171855806787,1,"{""type"":""MultiPoint"",""coordinates"":[]}"
2120_0,0.48048657,0.44313726,0.34518012,0.49097314,0.54111767,0.2891187,0.30418944,0.32582244,0.41244724,0.50591415,0.6124304,0.28754485,0.6124304,0.4198635,0.28754485,0.10445171855806787,1,"{""type"":""MultiPoint"",""coordinates"":[]}"
2121_0,0.464509,0.41829553,0.39794755,0.49520233,0.55509734,0.41651207,0.45712885,0.51376575,0.51074237,0.57396775,0.6124624,0.47052947,0.6124624,0.49051338,0.39794755,0.06352776010786808,1,"{""type"":""MultiPoint"",""coordinates"":[]}"
2122_0,0.49688724,0.2998713,0.35828662,0.5329001,0.5914634,0.37275332,0.42090553,0.4038734,0.16772152,0.55384177,0.85257596,0.6926125,0.85257596,0.47864106,0.16772152,0.17571820873660593,1,"{""type"":""MultiPoint"",""coordinates"":[]}"
2123_0,0.46900585,0.28315413,0.34030768,0.5600485,0.5859649,0.39580703,0.43085107,0.42198235,0.17264387,0.4912847,0.8356241,0.67726874,0.8356241,0.47199523,0.17264387,0.1703181493755164,1,"{""type"":""MultiPoint"",""coordinates"":[]}"
2124_0,0.26910993,0.2944882,0.31327802,0.39593416,0.49856734,0.4881933,0.47905633,0.50248754,0.43150184,0.54905933,0.564566,0.4880996,0.564566,0.43952847,0.26910993,0.09546113238242183,1,"{""type"":""MultiPoint"",""coordinates"":[]}"
2125_0,0.2316136,0.2651722,0.25850606,0.405817,0.48063782,0.51586735,0.50933874,0.47396818,0.5109324,0.6939152,0.5328058,0.5180633,0.6939152,0.44971982,0.2316136,0.13055796135090705,1,"{""type"":""MultiPoint"",""coordinates"":[]}"
2126_0,0.34478936,0.37423313,0.27611846,0.48185816,0.5,0.41416368,0.4537169,0.3114421,0.4886635,0.7480219,0.4115983,0.5739837,0.7480219,0.44821578,0.27611846,0.12185249141826268,1,"{""type"":""MultiPoint"",""coordinates"":[]}"
2127_0,0.531284,0.6946108,0.4478496,0.26006904,0.56256706,0.8252908,0.31033957,0.41381186,0.7719298,0.19234857,0.44724303,0.6820341,0.8252908,0.51161486,0.19234857,0.19475686833172817,1,"{""type"":""MultiPoint"",""coordinates"":[]}"
2128_0,0.6076441,0.7252806,0.49641433,0.33312538,0.72720814,0.6971098,0.24593575,0.6138433,0.77816594,0.38588133,0.41647422,0.6271621,0.77816594,0.5545204,0.24593575,0.16734688497855063,1,"{""type"":""MultiPoint"",""coordinates"":[]}"
2129_0,0.7931624,0.7031093,0.32783407,0.322908,0.80910766,0.9014543,0.41593885,0.7054903,0.8433307,0.12558624,0.62248015,0.74532783,0.9014543,0.6096442,0.12558624,0.2386057742043297,1,"{""type"":""MultiPoint"",""coordinates"":[]}"
2130_0,0.2087707,0.1840188,0.249426,0.5860992,0.5536853,0.45962894,0.42475247,0.33513513,0.26831684,0.5744227,0.6527867,0.3079848,0.6527867,0.40041897,0.1840188,0.15616401950831174,1,"{""type"":""MultiPoint"",""coordinates"":[]}"
2131_0,0.18513048,0.21079174,0.28127813,0.62167686,0.49031296,0.3978892,0.3494705,0.31636092,0.30753767,0.5581761,0.7805834,0.28,0.7805834,0.39826733,0.18513048,0.17216524433544644,1,"{""type"":""MultiPoint"",""coordinates"":[]}"
2132_0,0.23080428,0.25199437,0.345713,0.6396104,0.521815,0.48386273,0.38810757,0.34023783,0.32798395,0.596603,0.7502614,0.3383392,0.7502614,0.43461105,0.23080428,0.15610545250201197,1,"{""type"":""MultiPoint"",""coordinates"":[]}"
2133_0,0.297952,0.2899816,0.31577665,0.41252303,0.31267604,0.28613412,0.36354378,0.35847208,0.2782897,0.65640074,0.7157447,0.25079703,0.7157447,0.37819096,0.25079703,0.14439994426924535,1,"{""type"":""MultiPoint"",""coordinates"":[]}"
2134_0,0.31003484,0.34358004,0.34916404,0.39884904,0.46958637,0.39072847,0.44143224,0.23395225,0.30040053,0.72754794,0.70952123,0.28663102,0.72754794,0.41345233,0.23395225,0.15049122784618113,1,"{""type"":""MultiPoint"",""coordinates"":[]}"
2135_0,0.3390681,0.35361597,0.38167566,0.39956802,0.4709077,0.46522155,0.40075716,0.23307493,0.2961525,0.76171994,0.68449485,0.32738426,0.76171994,0.42613673,0.23307493,0.14803853274089732,1,"{""type"":""MultiPoint"",""coordinates"":[]}"
2136_0,0.4174894,0.33630407,0.1693989,0.12755671,0.17149517,0.13794301,0.2907143,0.49565902,0.78673655,0.65642273,0.56350875,0.45046365,0.78673655,0.38364103,0.12755671,0.20719066804754313,1,"{""type"":""MultiPoint"",""coordinates"":[]}"
2137_0,0.28501385,0.26923078,0.25804147,0.302898,0.1382392,0.13001125,0.3276501,0.37888676,0.4831366,0.528914,0.4934537,0.48860103,0.528914,0.34033972,0.13001125,0.13051130763024874,1,"{""type"":""MultiPoint"",""coordinates"":[]}"
2138_0,0.4681648,0.32698414,0.33136967,0.15775749,0.16624685,0.18822896,0.23087431,0.32169577,0.701486,0.5311664,0.52819216,0.53911203,0.701486,0.3742732,0.15775749,0.1691974383295215,1,"{""type"":""MultiPoint"",""coordinates"":[]}"
2139_0,0.4791351,0.40429184,0.38036808,0.45696017,0.5783989,0.2955368,0.2505938,0.19653407,0.352459,0.77369326,0.7807174,0.31006575,0.7807174,0.4382295,0.19653407,0.1811474337586617,1,"{""type"":""MultiPoint"",""coordinates"":[]}"
2140_0,0.48925447,0.36308694,0.31838042,0.34294543,0.47910643,0.26558754,0.24093567,0.1526336,0.32492724,0.80297196,0.80020595,0.31520155,0.80297196,0.40793642,0.1526336,0.1967833202205428,1,"{""type"":""MultiPoint"",""coordinates"":[]}"
2141_0,0.5037711,0.33602422,0.3860034,0.5714286,0.5998092,0.23698422,0.30599114,0.5710919,0.62859756,0.80352175,0.4827175,0.70739657,0.80352175,0.51111144,0.23698422,0.16261545785389464,1,"{""type"":""MultiPoint"",""coordinates"":[]}"
2142_0,0.43076387,0.300208,0.25658807,0.35178778,0.31935343,0.1566885,0.24211462,0.41081995,0.22332175,0.6717006,0.71321636,0.35516143,0.71321636,0.36931035,0.1566885,0.16288918723721416,1,"{""type"":""MultiPoint"",""coordinates"":[]}"
2143_0,0.42925152,0.31953105,0.28838223,0.525075,0.48582056,0.3036558,0.27695748,0.4993135,0.6043863,0.79741275,0.727176,0.4867807,0.79741275,0.47864524,0.27695748,0.1625699769945022,1,"{""type"":""MultiPoint"",""coordinates"":[]}"
2144_0,0.46516755,0.294244,0.2206837,0.35507247,0.2214533,0.15002412,0.20259741,0.37723026,0.17590362,0.6654758,0.77911556,0.3189018,0.77911556,0.3521558,0.15002412,0.1886333226224464,1,"{""type"":""MultiPoint"",""coordinates"":[]}"
2145_0,0.53552616,0.4881136,0.37124047,0.47622973,0.597861,0.6276791,0.4682819,0.63762695,0.77996314,0.78763866,0.74031115,0.70740306,0.78763866,0.60148954,0.37124047,0.12995275376878565,1,"{""type"":""MultiPoint"",""coordinates"":[]}"
2146_0,0.47222954,0.46066135,0.30478874,0.51287335,0.57614976,0.52027565,0.23321514,0.66300046,0.6226331,0.78380907,0.39525577,0.374092,0.78380907,0.49324867,0.23321514,0.1489990928105374,1,"{""type"":""MultiPoint"",""coordinates"":[]}"
2147_0,0.4868654,0.63009405,0.5512452,0.55874586,0.7685009,0.5703704,0.6363834,0.5883925,0.7647796,0.6913319,0.7188622,0.7301762,0.7685009,0.6413123,0.4868654,0.08878833766918445,1,"{""type"":""MultiPoint"",""coordinates"":[]}"
2148_0,0.21614227,0.19126506,0.18126073,0.51965064,0.54819125,0.4060606,0.4622057,0.3174274,0.2958668,0.70690566,0.72571945,0.2462794,0.72571945,0.40141457,0.18126073,0.1841548714660414,1,"{""type"":""MultiPoint"",""coordinates"":[]}"
2149_0,0.23505977,0.20949867,0.20631686,0.5181347,0.5909528,0.43761995,0.4368687,0.32911393,0.34357223,0.67480576,0.71994597,0.27451947,0.71994597,0.41470075,0.20631686,0.171621467878888,1,"{""type"":""MultiPoint"",""coordinates"":[]}"
2150_0,0.30386066,0.2671796,0.24213333,0.5016062,0.5548857,0.36383516,0.43676427,0.38986453,0.30356193,0.7043673,0.58519554,0.2744898,0.7043673,0.41064534,0.24213333,0.14127739355746463,1,"{""type"":""MultiPoint"",""coordinates"":[]}"
2151_0,0.24805386,0.23069936,0.20519713,0.23366083,0.48735586,0.20618168,0.26541555,0.13966666,0.5707801,0.69386667,0.7330268,0.24855243,0.7330268,0.35520476,0.13966666,0.19869103604804164,1,"{""type"":""MultiPoint"",""coordinates"":[]}"
2152_0,0.1761385,0.15849535,0.12954876,0.12271914,0.23743387,0.24112275,0.15526472,0.158753,-0.02543838,0.34221599,0.7625845,0.6590842,0.7625845,0.25982687,-0.02543838,0.21897090630647004,1,"{""type"":""MultiPoint"",""coordinates"":[]}"
2153_0,0.37759337,0.22646432,0.19990914,0.15597668,0.23364486,0.19705935,0.12557481,0.10854313,0.25137213,0.603746,0.58431375,0.33302152,0.603746,0.2831016,0.10854313,0.15742540896704052,1,"{""type"":""MultiPoint"",""coordinates"":[]}"
2154_0,0.29218492,0.3280485,0.2503536,0.44016227,0.29692155,0.16853467,0.15338883,0.11298077,0.6242915,0.4449213,0.7700024,0.5842376,0.7700024,0.372169,0.11298077,0.19623152974877062,1,"{""type"":""MultiPoint"",""coordinates"":[]}"
2155_0,0.39042026,0.41167882,0.25929165,0.63046664,0.17024936,0.19279754,0.21052632,0.14225054,0.5328467,0.7615023,0.45204222,0.18620038,0.7615023,0.3616894,0.14225054,0.19372093239010776,1,"{""type"":""MultiPoint"",""coordinates"":[]}"
2156_0,0.44802466,0.33063006,0.3062444,0.5339758,0.58014184,0.40929344,0.50177217,0.43185377,0.22829582,0.8130578,0.717184,0.3024911,0.8130578,0.46691373,0.22829582,0.1668959805740167,1,"{""type"":""MultiPoint"",""coordinates"":[]}"
2157_0,0.30467057,0.32871974,0.28597367,0.56431055,0.5700283,0.26352853,0.3921091,0.19826087,0.26042485,0.74314415,0.70430225,0.24383302,0.74314415,0.40494213,0.19826087,0.18174790182350886,1,"{""type"":""MultiPoint"",""coordinates"":[]}"
2158_0,0.5960544,0.28128198,0.2584177,0.47705442,0.47341985,0.24714686,0.24271011,0.112837285,0.31612903,0.7986283,0.7852385,0.3759235,0.7986283,0.41373682,0.112837285,0.2095896977045965,1,"{""type"":""MultiPoint"",""coordinates"":[]}"
2159_0,0.39569536,0.38160163,0.29233742,0.57397896,0.6039878,0.40971133,0.59117305,0.4734014,0.41765913,0.5204969,0.586585,0.60390246,0.6039878,0.4875442,0.29233742,0.10210731276831753,1,"{""type"":""MultiPoint"",""coordinates"":[]}"
2160_0,0.40004835,0.42496356,0.38651234,0.59791577,0.55109173,0.22367324,0.12160468,0.20466201,0.48282713,0.8430839,0.6355234,0.32491767,0.8430839,0.43306863,0.12160468,0.19594351800183873,1,"{""type"":""MultiPoint"",""coordinates"":[]}"
2161_0,0.23136874,0.25183955,0.29888198,0.41254902,0.50344825,0.34689674,0.35985532,0.375,0.5795796,0.54558337,0.5975872,0.40941384,0.5975872,0.40933365,0.23136874,0.11834122155191185,1,"{""type"":""MultiPoint"",""coordinates"":[]}"
2162_0,0.14442284,0.15987842,0.16096747,0.17828947,0.12150171,0.12237704,0.28881356,0.2785127,0.3809524,0.45709023,0.48076922,0.34676942,0.48076922,0.26002872,0.12150171,0.12546688693140082,1,"{""type"":""MultiPoint"",""coordinates"":[]}"
2163_0,0.4927581,0.38357142,0.2893701,0.5808705,0.50605464,0.34087694,0.48903304,0.43367624,0.3556127,0.6723869,0.6465517,0.5988498,0.6723869,0.48246768,0.2893701,0.11990065613092013,1,"{""type"":""MultiPoint"",""coordinates"":[]}"
2164_0,0.37005898,0.30542803,0.26553673,0.41357768,0.51579845,0.3705715,0.4920071,0.4395797,0.6001669,0.47716895,0.46609652,0.45947382,0.6001669,0.4312887,0.26553673,0.08878446394094477,1,"{""type"":""MultiPoint"",""coordinates"":[]}"
2165_0,0.67487794,0.49747476,0.36666146,0.58518517,0.5952719,0.4372981,0.5105438,0.500244,0.65325934,0.7168196,0.686897,0.6957763,0.7168196,0.57669246,0.36666146,0.1087508851175391,1,"{""type"":""MultiPoint"",""coordinates"":[]}"
2166_0,0.44965518,0.47523028,0.47733846,0.641357,0.39529222,0.33448607,0.2790066,0.27118644,0.52682495,0.72856486,0.68967116,0.2,0.72856486,0.45571777,0.2,0.1629420766307509,1,"{""type"":""MultiPoint"",""coordinates"":[]}"
2167_0,0.3248265,0.297425,0.28594965,0.6220667,0.43554604,0.25979623,0.4116022,0.34815404,0.6409091,0.6879433,0.6989843,0.15378611,0.6989843,0.43058243,0.15378611,0.17841314674616746,1,"{""type"":""MultiPoint"",""coordinates"":[]}"
2168_0,0.17700626,0.16756356,0.15875912,0.14302884,0.098534904,0.14111198,0.09875142,0.12013929,0.24430177,0.1520328,0.16993682,0.1573604,0.24430177,0.15237726,0.098534904,0.03729349653654629,1,"{""type"":""MultiPoint"",""coordinates"":[]}"
2169_0,0.24110033,0.21915878,0.18414533,0.15894157,0.14020619,0.22074927,0.25354856,0.7764624,0.7292378,0.32111552,0.11686143,0.42905405,0.7764624,0.31588176,0.11686143,0.21137880521575805,1,"{""type"":""MultiPoint"",""coordinates"":[]}"
2170_0,0.22170077,0.21908371,0.21372409,0.15292354,0.197556,0.19903867,0.0992677,0.16251482,0.7184265,0.84153104,0.3165506,0.36540854,0.84153104,0.30897716,0.0992677,0.22240326498912052,1,"{""type"":""MultiPoint"",""coordinates"":[]}"
2171_0,0.39031515,0.25236362,0.16203462,0.101002865,0.26421207,0.22,0.28947368,0.27112913,0.39411342,0.50769234,0.61184025,0.34925133,0.61184025,0.3177857,0.101002865,0.13709879713012046,1,"{""type"":""MultiPoint"",""coordinates"":[]}"
2172_0,0.25366193,0.2712177,0.2527689,0.093333334,0.4206278,0.5538414,0.615765,0.21563461,0.71767366,0.7918819,0.33685005,0.55484897,0.7918819,0.42317542,0.093333334,0.2110228746999768,1,"{""type"":""MultiPoint"",""coordinates"":[]}"
2173_0,0.21270776,0.21911322,0.19023016,0.097288676,0.5351213,0.77565634,0.72796035,0.22521739,0.7343934,0.79960316,0.26234707,0.6294326,0.79960316,0.45075595,0.097288676,0.2603032912749253,1,"{""type"":""MultiPoint"",""coordinates"":[]}"
2174_0,0.2967195,0.3472367,0.23391813,0.43793392,0.5278916,0.7431579,0.7183258,0.27128896,0.7704261,0.80331373,0.5204856,0.65125096,0.80331373,0.52682906,0.23391813,0.19978704030050212,1,"{""type"":""MultiPoint"",""coordinates"":[]}"
2175_0,0.34510574,0.31144762,0.26670066,0.4441934,0.5555027,0.466273,0.580574,0.44614002,0.6517344,0.728863,0.7414141,0.6135266,0.7414141,0.51262295,0.26670066,0.15148072601323437,1,"{""type"":""MultiPoint"",""coordinates"":[]}"
2176_0,0.2789536,0.26645604,0.2319138,0.4086223,0.51812977,0.35778636,0.5461642,0.33505154,0.66864747,0.76145744,0.7022727,0.63567364,0.76145744,0.4759274,0.2319138,0.17857925353466267,1,"{""type"":""MultiPoint"",""coordinates"":[]}"
2177_0,0.5749567,0.4996873,0.21947709,0.41839495,0.48577037,0.3144318,0.43434343,0.34979424,0.29491988,0.68669707,0.76709616,0.32489833,0.76709616,0.44753894,0.21947709,0.15768384315173098,1,"{""type"":""MultiPoint"",""coordinates"":[]}"
2178_0,0.3830871,0.42992875,0.37109473,0.43954882,0.47948286,0.7275823,0.56109774,0.5313352,0.7010551,0.8330976,0.7132505,0.56427604,0.8330976,0.5612364,0.37109473,0.14484606757301308,1,"{""type"":""MultiPoint"",""coordinates"":[]}"
2179_0,0.5541069,0.2617801,0.29510427,0.23278457,0.64947134,0.82431763,0.6137706,0.45750305,0.79352033,0.814433,0.31324345,0.60582614,0.82431763,0.5346551,0.23278457,0.21055951263300873,1,"{""type"":""MultiPoint"",""coordinates"":[]}"
2180_0,0.52838546,0.3846154,0.2657139,0.25672767,0.53838176,0.6074241,0.6601116,0.5694996,0.24752475,0.76491433,0.69478774,0.42472118,0.76491433,0.49523395,0.24752475,0.1705211903988403,1,"{""type"":""MultiPoint"",""coordinates"":[]}"
2181_0,0.25695845,0.24829523,0.21583602,0.24995577,0.14074074,0.1856018,0.35169342,0.3645933,0.32991278,0.46173868,0.35245448,0.50402975,0.50402975,0.30515087,0.14074074,0.10429299160059283,1,"{""type"":""MultiPoint"",""coordinates"":[]}"
2182_0,0.27946126,0.2524776,0.21493582,0.19750196,0.33499584,0.66081196,0.785142,0.73146474,0.086280994,0.5896033,0.78214484,0.6183206,0.785142,0.4610951,0.086280994,0.24584457063931053,1,"{""type"":""MultiPoint"",""coordinates"":[]}"
2183_0,0.2275566,0.24057521,0.21373457,0.27148965,0.19440669,0.258512,0.30825537,0.29594544,0.62655383,0.76532596,0.1747851,0.4872818,0.76532596,0.33870184,0.1747851,0.17933548290351012,1,"{""type"":""MultiPoint"",""coordinates"":[]}"
2184_0,0.5361422,0.47269088,0.40744767,0.47368422,0.64205605,0.5378907,0.5191919,0.568589,0.62870276,0.7261411,0.6902507,0.64568394,0.7261411,0.5707059,0.40744767,0.09270486554086482,1,"{""type"":""MultiPoint"",""coordinates"":[]}"
2185_0,0.29244295,0.26574713,0.2532881,0.30063292,0.19354838,0.16997792,0.11646999,0.21811916,0.25925925,0.7537135,0.7969476,0.33557612,0.7969476,0.32964358,0.11646999,0.20761173059024837,1,"{""type"":""MultiPoint"",""coordinates"":[]}"
2186_0,0.2690377,0.25625423,0.25295618,0.3861465,0.4429617,0.27715164,0.20118344,0.17095777,0.49895397,0.5465073,0.5368421,0.24767226,0.5465073,0.34055206,0.17095777,0.12888323582516553,1,"{""type"":""MultiPoint"",""coordinates"":[]}"
2187_0,0.7722324,0.27709708,0.2525298,0.18393946,0.16155268,0.49485445,0.42453223,0.7757256,0.85536546,-0.11732606,0.1766513,0.65337956,0.85536546,0.40921116,-0.11732606,0.29122863526571907,1,"{""type"":""MultiPoint"",""coordinates"":[]}"
2188_0,0.13757226,0.08648649,0.19132501,0.052888528,0.7338173,0.8998183,0.7680347,0.122703895,0.011218568,0.83142686,0.7072496,0.14525993,0.8998183,0.39065012,0.011218568,0.34160302922175795,1,"{""type"":""MultiPoint"",""coordinates"":[]}"
2189_0,0.7662905,0.5965874,0.23913608,0.16767769,0.6107056,0.6647763,0.75798905,0.21316166,0.7632933,0.68538135,0.2607117,0.45400298,0.7662905,0.51497614,0.16767769,0.22497077836108198,1,"{""type"":""MultiPoint"",""coordinates"":[]}"
2190_0,0.30804598,0.2593674,0.21364452,0.3046532,0.4450077,0.32937413,0.1809363,0.13559322,0.72276586,0.19637682,0.447541,0.36347198,0.72276586,0.32556483,0.13559322,0.15267436850926705,1,"{""type"":""MultiPoint"",""coordinates"":[]}"
2191_0,0.34857142,0.26575342,0.21137339,0.32360604,0.40879327,0.14954834,0.29947722,0.18821293,0.42571086,0.6336073,0.5281793,0.34329128,0.6336073,0.34384373,0.14954834,0.13443769710093617,1,"{""type"":""MultiPoint"",""coordinates"":[]}"
2192_0,0.40339652,0.39060938,0.30378485,0.301085,0.31646714,0.12231405,0.22387137,0.2119227,0.7020283,0.6274368,0.60328937,0.44234693,0.7020283,0.38737938,0.12231405,0.17170223403844667,1,"{""type"":""MultiPoint"",""coordinates"":[]}"
2193_0,0.7247496,0.3932961,0.30638778,0.1641791,0.2,0.34264952,0.7710381,0.877855,0.20649967,0.30607736,0.79794705,0.82764226,0.877855,0.49319348,0.1641791,0.2680903363988478,1,"{""type"":""MultiPoint"",""coordinates"":[]}"
2194_0,0.7217313,0.360134,0.28718376,0.20756547,0.1838843,0.32979977,0.7773843,0.8319455,0.21163636,0.23067254,0.74444443,0.77952754,0.8319455,0.47215912,0.1838843,0.25817327966626186,1,"{""type"":""MultiPoint"",""coordinates"":[]}"
2195_0,0.7077107,0.3168636,0.25346586,0.19002314,0.16155843,0.38287333,0.7251544,0.7664281,0.21147431,0.28236493,0.7180373,0.7700831,0.7700831,0.45716977,0.16155843,0.24368205159950238,1,"{""type"":""MultiPoint"",""coordinates"":[]}"
2196_0,0.32593432,0.3052729,0.2810139,0.22882883,0.26140013,0.19626866,0.28230768,0.40180102,0.52852935,0.6017335,0.673041,0.36979723,0.673041,0.37132737,0.19626866,0.14585999397280322,1,"{""type"":""MultiPoint"",""coordinates"":[]}"
2197_0,0.24804644,0.21938325,0.19641332,0.19649658,0.14337716,0.10375276,0.11234783,0.17419854,0.74758196,0.7493622,0.5801232,0.22232871,0.7493622,0.30778432,0.10375276,0.22926605437983846,1,"{""type"":""MultiPoint"",""coordinates"":[]}"
2198_0,0.2467397,0.21898128,0.19554715,0.2049272,0.15543436,0.1241292,0.12607351,0.19849056,0.74409586,0.7162207,0.5964968,0.20239466,0.74409586,0.31079426,0.1241292,0.22140349145518584,1,"{""type"":""MultiPoint"",""coordinates"":[]}"
2199_0,0.32260704,0.28067228,0.22668947,0.2351009,0.41918716,0.3760076,0.3510896,0.22154684,0.30437943,0.07494646,0.7524126,0.53123486,0.7524126,0.34132284,0.07494646,0.16521270052818615,1,"{""type"":""MultiPoint"",""coordinates"":[]}"
2200_0,0.5036094,0.211171,0.1899811,0.18085968,0.3476165,0.45976156,0.32882884,0.10844322,0.3483527,0.22313432,0.63595504,0.24778637,0.63595504,0.3154583,0.10844322,0.1477421749132369,1,"{""type"":""MultiPoint"",""coordinates"":[]}"
2201_0,0.42211404,0.34411862,0.24248993,0.28893661,0.54167783,0.38830298,0.5123426,0.29843986,0.40011784,-0.007721046,0.8193072,0.57117635,0.8193072,0.40177524,-0.007721046,0.19476899390146526,1,"{""type"":""MultiPoint"",""coordinates"":[]}"
2202_0,0.45233202,0.40683925,0.33016494,0.4401985,0.5238592,0.44617155,0.31988797,0.09337239,0.1543943,0.7188991,0.6441475,0.2837959,0.7188991,0.4011719,0.09337239,0.17375828801321694,1,"{""type"":""MultiPoint"",""coordinates"":[]}"
2203_0,0.34449095,0.27676162,0.24934076,0.45454547,0.52102804,0.38524115,0.2934473,0.33300638,0.19902617,0.6566029,0.82357025,0.33276883,0.82357025,0.40581915,0.19902617,0.1742628731001756,1,"{""type"":""MultiPoint"",""coordinates"":[]}"
2204_0,0.34910733,0.348659,0.30624157,0.60747665,0.5876537,0.36842105,0.27633068,0.21435693,0.73651195,0.85282815,0.71520513,0.28820115,0.85282815,0.47091612,0.21435693,0.20672636176116305,1,"{""type"":""MultiPoint"",""coordinates"":[]}"
2205_0,0.37276074,0.330366,0.30489022,0.27746418,0.35920176,0.25414848,0.1944056,0.16223304,0.51772153,0.71829504,0.75773716,0.44447145,0.75773716,0.39114127,0.16223304,0.1815610748179156,1,"{""type"":""MultiPoint"",""coordinates"":[]}"
2206_0,0.626339,0.22724459,0.19411924,0.30165508,0.37284482,0.081228666,0.09688347,0.08561279,0.32420716,0.18323094,0.5013369,0.2375189,0.626339,0.2693518,0.081228666,0.16092936428386972,1,"{""type"":""MultiPoint"",""coordinates"":[]}"
2207_0,0.28057554,0.27565983,0.22554712,0.21308793,0.36638895,0.07267267,0.0948814,0.19405204,0.54305136,0.63797843,0.68370646,0.23318778,0.68370646,0.31839913,0.07267267,0.19243745165240056,1,"{""type"":""MultiPoint"",""coordinates"":[]}"
2208_0,0.34261584,0.29529873,0.3182489,0.30737135,0.17327976,0.17196496,0.16731855,0.14526525,0.53824854,0.7430017,0.6829493,0.22162162,0.7430017,0.34226537,0.14526525,0.19591529426539558,1,"{""type"":""MultiPoint"",""coordinates"":[]}"
2209_0,0.30556214,0.35,0.31102794,0.4121832,0.42185202,0.313359,0.25881767,0.14491363,0.24397777,0.593805,0.7498744,0.23507659,0.7498744,0.3617041,0.14491363,0.15978759716765192,1,"{""type"":""MultiPoint"",""coordinates"":[]}"
2210_0,0.4994985,0.274244,0.2859864,0.30951232,0.49686846,0.3075611,0.31810585,0.36206895,0.3249706,-0.023330651,0.5542312,0.7952163,0.7952163,0.3754111,-0.023330651,0.18941612391925888,1,"{""type"":""MultiPoint"",""coordinates"":[]}"
2211_0,0.21887118,0.25429273,0.2414479,0.22273782,0.30664206,0.24849345,0.21043713,0.07632876,0.22218347,0.53012997,0.6091805,0.1515795,0.6091805,0.2743604,0.07632876,0.1436326301435078,1,"{""type"":""MultiPoint"",""coordinates"":[]}"
2212_0,0.2507851,0.2777778,0.2579975,0.2271479,0.3064394,0.24027133,0.20838971,0.09933036,0.30126727,0.5705744,0.6486679,0.19967663,0.6486679,0.29902712,0.09933036,0.14919007039353482,1,"{""type"":""MultiPoint"",""coordinates"":[]}"
2213_0,0.46221521,0.43137255,0.3058196,0.42816365,0.5933423,0.51108736,0.17490953,0.15472586,0.7794841,0.67166126,0.6743855,0.32865086,0.7794841,0.45965147,0.15472586,0.1894182735812989,1,"{""type"":""MultiPoint"",""coordinates"":[]}"
2214_0,0.36853334,0.3084562,0.27096206,0.51452285,0.13027744,0.09267793,0.19132653,0.29656607,0.1812133,0.2385904,0.046189375,0.13804398,0.51452285,0.23144662,0.046189375,0.12495922126179182,1,"{""type"":""MultiPoint"",""coordinates"":[]}"
2215_0,0.363649,0.30790356,0.26702508,0.5010548,0.080921754,0.02665482,0.07344332,0.14774115,-0.04462935,-0.026455026,-0.09004417,-0.026230136,0.5010548,0.13175291,-0.09004417,0.17959803016182666,1,"{""type"":""MultiPoint"",""coordinates"":[]}"
2216_0,0.35806587,0.30363137,0.2735794,0.49373978,0.08675799,0.0318069,0.08169935,0.14277337,-0.08694146,-0.07868723,-0.038820993,-0.07412587,0.49373978,0.12445654,-0.08694146,0.18473055381839418,1,"{""type"":""MultiPoint"",""coordinates"":[]}"
2217_0,0.2905601,0.23465289,0.20528017,0.26534653,0.37298056,0.13226299,0.0987613,0.18597092,0.6987522,0.5799513,0.5370333,0.4838966,0.6987522,0.34045407,0.0987613,0.18466952700211645,1,"{""type"":""MultiPoint"",""coordinates"":[]}"
2218_0,0.29834104,0.27561837,0.2172043,0.23186344,0.33870247,0.12062257,0.13070756,0.16522029,0.7066131,0.6208549,0.52640545,0.5885093,0.7066131,0.3517219,0.12062257,0.1964840677665408,1,"{""type"":""MultiPoint"",""coordinates"":[]}"
2219_0,0.28013664,0.2807831,0.22974308,0.23183711,0.36247477,0.18599747,0.10191519,0.19528678,0.51393795,0.5045424,0.55151904,0.46559832,0.55151904,0.32531434,0.10191519,0.14377357750749784,1,"{""type"":""MultiPoint"",""coordinates"":[]}"
2220_0,0.34290272,0.28445137,0.25811282,0.27802294,0.47945833,0.48374942,0.3979872,0.16299936,0.6915016,0.6362389,0.7599019,0.3210604,0.7599019,0.42469892,0.16299936,0.18035735555873253,1,"{""type"":""MultiPoint"",""coordinates"":[]}"
2221_0,0.45105073,0.32676348,0.2530426,0.31409332,0.46365562,0.4994664,0.4410058,0.3229449,0.32447562,0.6473311,0.7173232,0.49619588,0.7173232,0.43811238,0.2530426,0.13475420939480157,1,"{""type"":""MultiPoint"",""coordinates"":[]}"
2222_0,0.26971796,0.24551356,0.26268187,0.22976601,0.33615145,0.32667127,0.28746593,0.30140844,0.15149245,0.3969968,0.6932383,0.27338058,0.6932383,0.3145404,0.15149245,0.12801672496627692,1,"{""type"":""MultiPoint"",""coordinates"":[]}"
2223_0,0.26182964,0.23147722,0.21369243,0.3735683,0.47842228,0.33764207,0.33754864,0.1414102,0.507498,0.7590206,0.6406206,0.17752235,0.7590206,0.3716877,0.1414102,0.1830151871288989,1,"{""type"":""MultiPoint"",""coordinates"":[]}"
2224_0,0.3354775,0.28373381,0.2513787,0.3772501,0.38307554,0.29718173,0.31428573,0.33178222,0.20231214,0.82114244,0.69504035,0.15504979,0.82114244,0.3706425,0.15504979,0.18625564140132178,1,"{""type"":""MultiPoint"",""coordinates"":[]}"
2225_0,0.26810512,0.2670753,0.23961511,0.49668875,0.53921133,0.38523436,0.37033826,0.1783567,0.5048593,0.74781525,0.7087079,0.2527754,0.74781525,0.4132319,0.1783567,0.1794868234250887,1,"{""type"":""MultiPoint"",""coordinates"":[]}"
2226_0,0.31699255,0.5207034,0.26685715,0.37698412,0.16800736,0.23056994,0.20044877,0.20488231,0.47863248,0.8344863,0.42481288,0.21052632,0.8344863,0.35282528,0.16800736,0.18369062539416822,1,"{""type"":""MultiPoint"",""coordinates"":[]}"
2227_0,0.25174308,0.51608145,0.26578644,0.33745876,0.10222905,0.16459681,0.15085423,0.10466697,0.69368833,0.8268271,0.4219243,0.26309663,0.8268271,0.34157944,0.10222905,0.22313280225698234,1,"{""type"":""MultiPoint"",""coordinates"":[]}"
2228_0,0.32339388,0.5021322,0.3385376,0.5775792,0.31953427,0.2607818,0.34071147,0.18018018,0.6372315,0.6494218,0.5171371,0.38898164,0.6494218,0.4196352,0.18018018,0.14634714040866667,1,"{""type"":""MultiPoint"",""coordinates"":[]}"
2229_0,0.27837634,0.26122823,0.23620112,0.22217625,0.115636624,0.09836752,0.11362169,0.1579912,0.5841664,0.76127464,0.6102161,0.26515642,0.76127464,0.30870104,0.09836752,0.210497626567661,1,"{""type"":""MultiPoint"",""coordinates"":[]}"
2230_0,0.2679584,0.23317412,0.19478883,0.18403909,0.13660811,0.08412699,0.08614668,0.14722537,0.5724432,0.74537814,0.63004,0.25834084,0.74537814,0.2950225,0.08412699,0.2151223796429553,1,"{""type"":""MultiPoint"",""coordinates"":[]}"
2231_0,0.32106537,0.2563246,0.2187858,0.20493197,0.22222222,0.14314929,0.11951044,0.1630481,0.48525074,0.62084365,0.56524414,0.33912683,0.62084365,0.3049586,0.11951044,0.16042070132002054,1,"{""type"":""MultiPoint"",""coordinates"":[]}"
2232_0,0.17421538,0.17541613,0.17413355,0.17829457,0.31152308,0.28811088,0.25104022,0.27598172,0.15963358,0.49857107,0.7046625,0.53736657,0.7046625,0.31074578,0.15963358,0.16908767511556388,1,"{""type"":""MultiPoint"",""coordinates"":[]}"
2233_0,0.28175464,0.27519584,0.2194617,0.17941834,0.21756487,0.12484946,0.114964195,0.33841464,0.70121413,0.733242,0.729297,0.62896466,0.733242,0.37869513,0.114964195,0.23488147152577105,1,"{""type"":""MultiPoint"",""coordinates"":[]}"
2234_0,0.27967072,0.24822022,0.20394737,0.19278169,0.27297622,0.1010938,0.10213777,0.27045372,0.43275103,0.7194164,0.6981132,0.47945204,0.7194164,0.33341786,0.1010938,0.19894760238507786,1,"{""type"":""MultiPoint"",""coordinates"":[]}"
2235_0,0.2832,0.257223,0.2116671,0.23964342,0.26999247,0.27304885,0.25476602,0.22861882,0.37257397,0.4974227,0.48178554,0.13412091,0.4974227,0.29200524,0.13412091,0.10261720101229772,1,"{""type"":""MultiPoint"",""coordinates"":[]}"
2236_0,0.30584902,0.23167469,0.19676685,0.28314716,0.26409775,0.25389197,0.27770755,0.18437631,0.5018011,0.55997586,0.57051736,0.17633274,0.57051736,0.3171782,0.17633274,0.13728548285870604,1,"{""type"":""MultiPoint"",""coordinates"":[]}"
2237_0,0.30382398,0.24575128,0.20341109,0.30404395,0.30059755,0.2886391,0.3353955,0.22731277,0.44808576,0.5505618,0.60141844,0.2723658,0.60141844,0.34011725,0.20341109,0.12110037946450683,1,"{""type"":""MultiPoint"",""coordinates"":[]}"
2238_0,0.53189856,0.28401586,0.25500867,0.5188849,0.46889558,0.3143242,0.29153606,0.21876648,0.59128976,0.38592234,0.783022,0.4362606,0.783022,0.42331874,0.21876648,0.15837404763581792,1,"{""type"":""MultiPoint"",""coordinates"":[]}"
2239_0,0.32240438,0.3250352,0.2574281,0.27913496,0.35462734,0.26291794,0.30068028,0.25306946,0.5081051,0.48766446,0.66250676,0.43307087,0.66250676,0.37055373,0.25306946,0.12174062043769411,1,"{""type"":""MultiPoint"",""coordinates"":[]}"
2240_0,0.29250535,0.27518725,0.26818296,0.5393508,0.6386781,0.40537873,0.38023952,0.32485157,0.29887885,0.5824031,0.7177459,0.51127476,0.7177459,0.4362231,0.26818296,0.1494593666044271,1,"{""type"":""MultiPoint"",""coordinates"":[]}"
2241_0,0.46256816,0.29586968,0.2730906,0.45309213,0.24725944,0.5594898,0.2175884,0.13106796,0.052160952,0.55032414,0.79608774,0.44919914,0.79608774,0.37398317,0.052160952,0.20058677968380975,1,"{""type"":""MultiPoint"",""coordinates"":[]}"
2242_0,0.45961893,0.2927928,0.28164148,0.49244967,0.22479403,0.5992572,0.36039832,0.1320132,0.12280702,0.5586793,0.77121305,0.4217236,0.77121305,0.39311573,0.12280702,0.1873291833068931,1,"{""type"":""MultiPoint"",""coordinates"":[]}"
2243_0,0.48087433,0.26266873,0.22418135,0.38388625,0.21506684,0.54306823,0.3835561,0.118421055,0.11723164,0.5662492,0.78898007,0.39887926,0.78898007,0.3735886,0.11723164,0.19177482873479235,1,"{""type"":""MultiPoint"",""coordinates"":[]}"
2244_0,0.2993091,0.3470603,0.3118224,0.38503402,0.575524,0.22834373,0.1499388,0.35358256,0.4279134,0.65210843,0.7741786,0.3927088,0.7741786,0.408127,0.1499388,0.1706625084901934,1,"{""type"":""MultiPoint"",""coordinates"":[]}"
2245_0,0.30363807,0.30870712,0.2597226,0.35462344,0.6,0.23702665,0.14784703,0.29333824,0.40614334,0.6484667,0.7670268,0.35378894,0.7670268,0.3900274,0.14784703,0.17755259541367732,1,"{""type"":""MultiPoint"",""coordinates"":[]}"
2246_0,0.38542622,0.33733734,0.28405064,0.3631033,0.60133046,0.2825079,0.20798668,0.25596768,0.63707066,0.79317373,0.776,0.37135506,0.79317373,0.4412758,0.20798668,0.19651923066247248,1,"{""type"":""MultiPoint"",""coordinates"":[]}"
2247_0,0.34511378,0.30232558,0.27216813,0.3388672,0.4204474,0.40327084,0.35250545,0.3361014,0.45060572,0.5795084,0.70830077,0.57627976,0.70830077,0.4237912,0.27216813,0.12698898939895348,1,"{""type"":""MultiPoint"",""coordinates"":[]}"
2248_0,0.30061957,0.25699747,0.21338913,0.25520363,0.30324563,0.3786897,0.24990462,0.26957992,0.40554392,0.5098518,0.7204748,0.54151475,0.7204748,0.36708456,0.21338913,0.1464288626746219,1,"{""type"":""MultiPoint"",""coordinates"":[]}"
2249_0,0.6696371,0.57918555,0.22542565,0.2300163,0.5903101,0.5458515,0.3375796,0.3114754,0.2203149,0.025803054,0.77868855,0.7315492,0.77868855,0.43715307,0.025803054,0.23138739237468664,1,"{""type"":""MultiPoint"",""coordinates"":[]}"
2250_0,0.25857353,0.20250812,0.19405714,0.27547842,0.32180515,0.09636893,0.11592506,0.10201588,0.36604062,0.38921162,0.6796918,0.38396227,0.6796918,0.28213656,0.09636893,0.1575263873266693,1,"{""type"":""MultiPoint"",""coordinates"":[]}"
2251_0,0.2842304,0.23720223,0.2247557,0.34254688,0.54608905,0.10444178,0.097367585,0.113031454,0.6454209,0.616544,0.652844,0.25098258,0.652844,0.34295473,0.097367585,0.206308868611512,1,"{""type"":""MultiPoint"",""coordinates"":[]}"
2252_0,0.3235366,0.24739385,0.21828172,0.3362919,0.52185863,0.24543777,0.22315511,0.12761754,0.44686908,0.56774193,0.625,0.34898445,0.625,0.3526807,0.12761754,0.14919593950613463,1,"{""type"":""MultiPoint"",""coordinates"":[]}"
2253_0,0.2859087,0.29071102,0.2257878,0.3460283,0.46673387,0.43192714,0.41117764,0.3768154,0.5980672,0.6336096,0.76025915,0.5968847,0.76025915,0.45199254,0.2257878,0.15659783921780823,1,"{""type"":""MultiPoint"",""coordinates"":[]}"
2254_0,0.24447647,0.25877422,0.20043455,0.2641604,0.37636364,0.2892948,0.28865978,0.3442761,0.5065574,0.49947864,0.652237,0.4435058,0.652237,0.36401823,0.20043455,0.12972973389728087,1,"{""type"":""MultiPoint"",""coordinates"":[]}"
2255_0,0.375969,0.30848587,0.27759635,0.32552403,0.44585425,0.30375037,0.46105146,0.4763564,0.8470466,0.7527734,0.7873278,0.6621701,0.8470466,0.5019921,0.27759635,0.19761765155959177,1,"{""type"":""MultiPoint"",""coordinates"":[]}"
2256_0,0.23705225,0.21921922,0.17240028,0.15224612,0.11870727,0.23508354,0.10061469,0.22378854,0.7619048,0.75468975,0.16962783,0.6915493,0.7619048,0.3197403,0.10061469,0.24443389204741645,1,"{""type"":""MultiPoint"",""coordinates"":[]}"
2257_0,0.28954422,0.23195216,0.22314401,0.16164432,0.28949952,0.40688968,0.631245,0.6148703,0.12915851,0.31483087,0.37641057,0.7674051,0.7674051,0.3697162,0.12915851,0.19269576142995468,1,"{""type"":""MultiPoint"",""coordinates"":[]}"
2258_0,0.3760504,0.49562532,0.37121966,0.5569686,0.56164384,0.3736749,0.5142706,0.3453997,0.69891095,0.35023773,0.3446901,0.55233,0.69891095,0.46175182,0.3446901,0.11194275151970115,1,"{""type"":""MultiPoint"",""coordinates"":[]}"
2259_0,0.3432161,0.29116,0.20833333,0.293,0.5254237,0.48758465,0.37612838,0.2816584,0.6913774,0.6746643,0.54044116,0.4663951,0.6913774,0.4316152,0.20833333,0.15102744804590756,1,"{""type"":""MultiPoint"",""coordinates"":[]}"
2260_0,0.42032856,0.43079865,0.2978022,0.4010811,0.50618416,0.48484167,0.40028423,0.32807708,0.7356566,0.72053355,0.5769916,0.541905,0.7356566,0.48704037,0.2978022,0.13273137356902276,1,"{""type"":""MultiPoint"",""coordinates"":[]}"
2261_0,0.5295757,0.32984293,0.21192053,0.28347826,0.30488816,0.41092438,0.45238096,0.3344739,0.19394922,0.29411766,0.77095807,0.4013875,0.77095807,0.37649143,0.19394922,0.15041999675008647,1,"{""type"":""MultiPoint"",""coordinates"":[]}"
2262_0,0.7652629,0.84315234,0.4813021,0.12684825,0.31795385,0.4660151,0.8018037,0.8238884,0.12138016,0.60514235,0.84292656,0.82568586,0.84315234,0.58511347,0.12138016,0.2660107944907853,1,"{""type"":""MultiPoint"",""coordinates"":[]}"
2263_0,0.23941551,0.2761004,0.2736823,0.4311319,0.29400572,0.23128898,0.22901098,0.27327326,0.6945701,0.8424989,0.09737029,0.13391624,0.8424989,0.33468872,0.09737029,0.21150932460403765,1,"{""type"":""MultiPoint"",""coordinates"":[]}"
2264_0,0.21988682,0.20768602,0.18562658,0.2064571,0.19512194,0.20312107,0.09000217,0.7426941,0.88564533,0.6782236,0.29662174,0.59716314,0.88564533,0.37568748,0.09000217,0.25865701755667814,1,"{""type"":""MultiPoint"",""coordinates"":[]}"
2265_0,0.1357577,0.13709494,0.12243969,0.13333334,0.11146701,0.16231373,0.12029161,0.07078764,0.36980087,0.67082787,0.5737101,0.23416618,0.67082787,0.23683256,0.07078764,0.18839450568497884,1,"{""type"":""MultiPoint"",""coordinates"":[]}"
2266_0,0.299757,0.26171172,0.22646993,0.31056762,0.35793203,0.3384263,0.3515656,0.2103915,0.42564103,0.49678084,0.52027315,0.43875968,0.52027315,0.3531897,0.2103915,0.09610711897899496,1,"{""type"":""MultiPoint"",""coordinates"":[]}"
2267_0,0.23781168,0.20927665,0.1752797,0.32215098,0.5326908,0.39297548,0.3232371,0.32381392,0.5659749,0.20087655,0.7959455,0.66845256,0.7959455,0.39570716,0.1752797,0.19244251884735533,1,"{""type"":""MultiPoint"",""coordinates"":[]}"
2268_0,0.21908322,0.20890816,0.19632147,0.19153439,0.23085618,0.22786178,0.2690151,0.21966593,0.3763608,0.44420323,0.32599837,0.41239893,0.44420323,0.27685064,0.19153439,0.08576224195491895,1,"{""type"":""MultiPoint"",""coordinates"":[]}"
2269_0,0.43740296,0.42630288,0.30708215,0.47011766,0.6821032,0.5445846,0.43795937,0.51107097,0.53262645,0.7264472,0.73782974,0.63973737,0.73782974,0.53777206,0.30708215,0.1284174533956042,1,"{""type"":""MultiPoint"",""coordinates"":[]}"
2270_0,0.29787233,0.26398852,0.23520854,0.412101,0.7027471,0.42434743,0.35971788,0.2596882,0.50058126,0.769163,0.7562327,0.38480493,0.769163,0.4472044,0.23520854,0.1863200572598111,1,"{""type"":""MultiPoint"",""coordinates"":[]}"
2271_0,0.28995606,0.2475291,0.2112676,0.37379912,0.5056926,0.42393604,0.2786734,0.093550675,0.54489976,0.5925926,0.71756977,0.34168816,0.71756977,0.38509625,0.093550675,0.17119965252728161,1,"{""type"":""MultiPoint"",""coordinates"":[]}"
2272_0,0.3849866,0.38014388,0.2718232,0.426703,0.51582456,0.16365445,0.13074414,0.15011702,0.6692913,0.50365674,0.70851225,0.34806034,0.70851225,0.38779312,0.13074414,0.1828771816132096,1,"{""type"":""MultiPoint"",""coordinates"":[]}"
2273_0,0.26489916,0.24086894,0.23187023,0.34649742,0.62786347,0.16521144,0.126094,0.13188766,0.7133815,0.63896006,0.646931,0.25753158,0.7133815,0.36599973,0.126094,0.21435389372950944,1,"{""type"":""MultiPoint"",""coordinates"":[]}"
2274_0,0.21236184,0.21509972,0.18955187,0.28392684,0.36916667,0.3651877,0.21869016,0.21807909,0.16364773,0.52152437,0.5859355,0.2761527,0.5859355,0.30161035,0.16364773,0.1289906541605543,1,"{""type"":""MultiPoint"",""coordinates"":[]}"
2275_0,0.30114606,0.3242643,0.2858732,0.3657289,0.45359018,0.21202855,0.123081945,0.09619835,0.2887139,0.3303527,-0.010159652,0.11506276,0.45359018,0.2404901,-0.010159652,0.1285257036015468,1,"{""type"":""MultiPoint"",""coordinates"":[]}"
2276_0,0.23897523,0.23519458,0.20937115,0.29139072,0.5113043,0.26954177,0.063197024,0.058973543,0.24984577,0.12805182,-0.016524788,0.027355623,0.5113043,0.18888973,-0.016524788,0.13976669014700557,1,"{""type"":""MultiPoint"",""coordinates"":[]}"
2277_0,0.42248175,0.19535698,0.18390118,0.19654265,0.57632655,0.30672055,0.2591876,0.2266881,-0.15780999,-0.26508474,-0.24419335,-0.22698179,0.57632655,0.122761294,-0.26508474,0.26760984397159554,1,"{""type"":""MultiPoint"",""coordinates"":[]}"
2278_0,0.26098534,0.24233983,0.21464762,0.36176935,0.55921906,0.19727346,0.1312519,0.15191546,0.594386,0.5769231,0.68421054,0.36121672,0.68421054,0.36134487,0.1312519,0.18566456054192004,1,"{""type"":""MultiPoint"",""coordinates"":[]}"
2279_0,0.5068956,0.42667472,0.26695707,0.60559684,0.35588482,0.14553991,0.16691579,0.31202045,0.27115718,-0.28931573,0.13066846,0.48018193,0.60559684,0.2815981,-0.28931573,0.22423398063201244,1,"{""type"":""MultiPoint"",""coordinates"":[]}"
2280_0,0.32900098,0.2971154,0.29364517,0.43656343,0.60803014,0.5245709,0.37798595,0.28518057,0.46548507,0.62304866,0.7524613,0.33864054,0.7524613,0.44431067,0.28518057,0.14697183148073695,1,"{""type"":""MultiPoint"",""coordinates"":[]}"
2281_0,0.28162017,0.2811008,0.21672355,0.24345295,0.19361857,0.4651594,0.34730786,0.25009847,0.20740019,0.40218353,0.7988727,0.56827307,0.7988727,0.35465094,0.19361857,0.17276436532202527,1,"{""type"":""MultiPoint"",""coordinates"":[]}"
2282_0,0.3107415,0.3261339,0.24884081,0.23556371,0.18670076,0.29507267,0.24481659,0.24581224,0.26877132,0.3447594,0.70638424,0.46005046,0.70638424,0.32280397,0.18670076,0.1335143106058356,1,"{""type"":""MultiPoint"",""coordinates"":[]}"
2283_0,0.29456005,0.28180355,0.22433837,0.19822617,0.381367,0.37921846,0.2872428,0.17233728,0.4588826,0.6140092,0.70281506,0.29783222,0.70281506,0.3577194,0.17233728,0.15597322704895406,1,"{""type"":""MultiPoint"",""coordinates"":[]}"
2284_0,0.3828285,0.34508815,0.2799803,0.38015717,0.6154141,0.5218987,0.57764995,0.484714,0.7867345,0.64640886,0.6830601,0.51094246,0.7867345,0.51790637,0.2799803,0.14548660718270529,1,"{""type"":""MultiPoint"",""coordinates"":[]}"
2285_0,0.37486434,0.320719,0.26663476,0.32926255,0.56113434,0.531344,0.55960184,0.42895502,0.7443845,0.649342,0.7055282,0.4676259,0.7443845,0.4949497,0.26663476,0.14992818129496174,1,"{""type"":""MultiPoint"",""coordinates"":[]}"
2286_0,0.38909477,0.32799146,0.27779198,0.29936925,0.50251025,0.4071111,0.33633906,0.16329645,0.4250416,0.62732345,0.6695934,0.40216854,0.6695934,0.4023026,0.16329645,0.13721346484013458,1,"{""type"":""MultiPoint"",""coordinates"":[]}"
2287_0,0.27673796,0.26210046,0.22260042,0.28390753,0.45065826,0.40834057,0.307947,0.11782364,0.6393939,0.7334326,0.73928875,0.30598554,0.73928875,0.39568472,0.11782364,0.19623749189437878,1,"{""type"":""MultiPoint"",""coordinates"":[]}"
2288_0,0.6977025,0.5924883,0.21449,0.20672269,0.13699907,0.36025965,0.43937126,0.10490566,0.08800568,0.14714715,0.6969697,0.5105882,0.6977025,0.34963748,0.08800568,0.22137587908442996,1,"{""type"":""MultiPoint"",""coordinates"":[]}"
2289_0,0.56554574,0.39361125,0.20195213,0.27739727,0.15151516,0.36067414,0.29448572,0.13583922,0.18168947,0.33436373,0.67529935,0.45482865,0.67529935,0.33560017,0.13583922,0.15992223530890515,1,"{""type"":""MultiPoint"",""coordinates"":[]}"
2290_0,0.34721842,0.3115061,0.2659854,0.42068547,0.56611335,0.5119013,0.41354293,0.27902946,0.17447162,0.32622334,0.77556986,0.62005126,0.77556986,0.41769153,0.17447162,0.1648138175399024,1,"{""type"":""MultiPoint"",""coordinates"":[]}"
2291_0,0.28590444,0.29157248,0.23095898,0.40808016,0.52955514,0.35636666,0.4129111,0.36184582,0.31714025,0.6132662,0.8029302,0.58078605,0.8029302,0.4326098,0.23095898,0.16029895956450926,1,"{""type"":""MultiPoint"",""coordinates"":[]}"
2292_0,0.22790357,0.22891566,0.20405811,0.28239202,0.4190851,0.33826086,0.27533633,0.2665994,0.63792723,0.63732326,0.5281407,0.33333334,0.63792723,0.36493963,0.20405811,0.14935138810218007,1,"{""type"":""MultiPoint"",""coordinates"":[]}"
2293_0,0.25484765,0.25447044,0.23059818,0.23195876,0.35181898,0.38454786,0.23380281,0.21313651,0.73820347,0.6655738,0.43889844,0.36950204,0.73820347,0.3639466,0.21313651,0.16734161409219356,1,"{""type"":""MultiPoint"",""coordinates"":[]}"
2294_0,0.25656185,0.25034705,0.22150056,0.21629567,0.3159726,0.33278888,0.24743083,0.18548001,0.5762303,0.5860838,0.6154984,0.32119808,0.6154984,0.34378234,0.18548001,0.14996179681324526,1,"{""type"":""MultiPoint"",""coordinates"":[]}"
2295_0,0.27659574,0.24871795,0.21606816,0.23217158,0.3580247,0.37004632,0.42673796,0.34641173,0.65067875,0.4669299,0.5410918,0.40265742,0.65067875,0.378011,0.21606816,0.1250963419734632,1,"{""type"":""MultiPoint"",""coordinates"":[]}"
2296_0,0.26777178,0.2543783,0.22003973,0.29813933,0.41562155,0.36720648,0.22116482,0.10458945,0.18063314,0.3088843,0.78267527,0.43740496,0.78267527,0.3215424,0.10458945,0.16643727650496348,1,"{""type"":""MultiPoint"",""coordinates"":[]}"
2297_0,0.26996198,0.2542153,0.2334344,0.32457292,0.46518847,0.4163015,0.2588486,0.12689996,0.20372723,0.37714776,0.7801047,0.4405712,0.7801047,0.3459145,0.12689996,0.16347450728079202,1,"{""type"":""MultiPoint"",""coordinates"":[]}"
2298_0,0.3892409,0.38445267,0.31068984,0.29078013,0.3593371,0.44326392,0.44285715,0.44881564,0.7935684,0.653546,0.5529132,0.5962175,0.7935684,0.4721402,0.29078013,0.14335927314435612,1,"{""type"":""MultiPoint"",""coordinates"":[]}"
2299_0,0.42672414,0.4010039,0.38575983,0.38882804,0.4344384,0.43871596,0.45317978,0.50167495,0.65178186,0.6031286,0.47685063,0.5187258,0.65178186,0.47340098,0.38575983,0.08005118716515314,1,"{""type"":""MultiPoint"",""coordinates"":[]}"
2300_0,0.2846361,0.26955476,0.2685469,0.30287054,0.30097613,0.3322314,0.38271606,0.39146185,0.5838108,0.52858454,0.49993038,0.45502958,0.5838108,0.3833624,0.2685469,0.1048100671115199,1,"{""type"":""MultiPoint"",""coordinates"":[]}"
2301_0,0.3277394,0.36301368,0.30394432,0.30481514,0.19303483,0.32792363,0.21877095,0.5086705,0.7330623,0.83887994,0.37538463,0.31131497,0.83887994,0.4005462,0.19303483,0.18920288508060318,1,"{""type"":""MultiPoint"",""coordinates"":[]}"
2302_0,0.35131964,0.31166822,0.19187987,0.18184382,0.120473996,0.28482974,0.35308343,0.5679325,0.6244712,0.4936212,0.12683992,0.40593472,0.6244712,0.33449152,0.120473996,0.15947503036798796,1,"{""type"":""MultiPoint"",""coordinates"":[]}"
2303_0,0.3217793,0.3167982,0.16669784,0.30026746,0.24754634,0.33333334,0.33765674,0.56729496,0.68767637,0.46436608,0.38436744,0.4633991,0.68767637,0.3825986,0.16669784,0.13678119574652994,1,"{""type"":""MultiPoint"",""coordinates"":[]}"
2304_0,0.573443,0.60804766,0.2539386,0.25189394,0.32097238,0.28248587,0.29406318,0.47013783,0.6912829,0.675103,0.18717012,0.4835061,0.6912829,0.42433706,0.18717012,0.1728492244936049,1,"{""type"":""MultiPoint"",""coordinates"":[]}"
2305_0,0.2846924,0.18522543,0.17110467,0.11914894,0.15138282,0.6362054,0.75636303,0.38853973,0.0,0.5697902,0.7844926,0.4737415,0.7844926,0.3767239,0.0,0.2534797091422529,1,"{""type"":""MultiPoint"",""coordinates"":[]}"
2306_0,0.27584863,0.24210526,0.24349394,0.22089875,0.24970508,0.5445996,0.7294029,0.6581239,0.12836568,0.49727127,0.72017837,0.4244763,0.7294029,0.4112058,0.12836568,0.20420595611081183,1,"{""type"":""MultiPoint"",""coordinates"":[]}"
2307_0,0.3919264,0.32843652,0.28028563,0.31317902,0.5023812,0.37020224,0.43793264,0.46961084,0.7290461,0.5525324,0.7059003,0.6308609,0.7290461,0.4760245,0.28028563,0.1454197363304351,1,"{""type"":""MultiPoint"",""coordinates"":[]}"
2308_0,0.27016646,0.2434568,0.21700118,0.19744137,0.37339744,0.067301586,0.070658684,0.14304948,0.4792368,0.6304687,0.63044304,0.22209594,0.6304687,0.2953931,0.067301586,0.18587703669289254,1,"{""type"":""MultiPoint"",""coordinates"":[]}"
2309_0,0.24345252,0.22588833,0.19114935,0.20385356,0.27292168,0.08674621,0.072004296,0.15418077,0.6998854,0.6249568,0.5867966,0.18931828,0.6998854,0.2959295,0.072004296,0.20596270816989357,1,"{""type"":""MultiPoint"",""coordinates"":[]}"
2310_0,0.43449807,0.31891322,0.24654731,0.3286783,0.45654345,0.27738598,0.32777005,0.39963338,0.3004099,0.5425748,0.68930435,0.45595354,0.68930435,0.39818436,0.24654731,0.1214092186640347,1,"{""type"":""MultiPoint"",""coordinates"":[]}"
2311_0,0.2781122,0.21948744,0.19885002,0.28065923,0.508595,0.27366105,0.29727685,0.26559713,0.56087494,0.6478957,0.6469286,0.42394146,0.6478957,0.38348997,0.19885002,0.15919707406459074,1,"{""type"":""MultiPoint"",""coordinates"":[]}"
2312_0,0.18322212,0.1728188,0.16607302,0.32339156,0.15233523,0.44174573,0.46554023,0.26547232,0.6494952,0.58566886,0.38119087,0.27933452,0.6494952,0.33885738,0.15233523,0.1611009245047948,1,"{""type"":""MultiPoint"",""coordinates"":[]}"
2313_0,0.25397527,0.22716628,0.18169273,0.18518518,0.33326623,0.27864006,0.3780055,0.36258012,0.5379449,0.37781954,0.3020085,0.5888689,0.5888689,0.33392945,0.18169273,0.121954426441769,1,"{""type"":""MultiPoint"",""coordinates"":[]}"
2314_0,0.2037037,0.17626974,0.17113665,0.17767362,0.31782317,0.24709302,0.33570582,0.2531105,0.42952502,0.5023436,0.3305749,0.35718042,0.5023436,0.29184502,0.17113665,0.10159890401586534,1,"{""type"":""MultiPoint"",""coordinates"":[]}"
2315_0,0.29067641,0.2811657,0.25900784,0.3167109,0.38235295,0.3563778,0.3265306,0.31681502,0.43650794,0.46732277,0.48337293,0.38790035,0.48337293,0.35872844,0.25900784,0.07067734220553877,1,"{""type"":""MultiPoint"",""coordinates"":[]}"
2316_0,0.53070015,0.44171357,0.37142858,0.4684727,0.5923961,0.60429555,0.6055008,0.5045783,0.22907616,0.7020218,0.6483117,0.67931837,0.7020218,0.5314845,0.22907616,0.13194034618821893,1,"{""type"":""MultiPoint"",""coordinates"":[]}"
2317_0,0.4125619,0.3919316,0.36053333,0.6327103,0.6893688,0.65972054,0.6169947,0.63401735,0.17780173,0.77001804,0.6596906,0.6611595,0.77001804,0.55554235,0.17780173,0.1684691533583891,1,"{""type"":""MultiPoint"",""coordinates"":[]}"
2318_0,0.45952678,0.36220473,0.25494388,0.5409608,0.59484977,0.50312936,0.4595163,0.5414132,0.08011267,0.7260101,0.6869664,0.66727227,0.7260101,0.4897422,0.08011267,0.17883322614262834,1,"{""type"":""MultiPoint"",""coordinates"":[]}"
2319_0,0.26292714,0.28220552,0.22490157,0.34985423,0.24741298,0.5744267,0.77054185,0.32294786,0.22511096,0.16763754,-0.017085427,0.22042342,0.77054185,0.3026087,-0.017085427,0.19143101842922824,1,"{""type"":""MultiPoint"",""coordinates"":[]}"
2320_0,0.23609802,0.24729939,0.23921257,0.33629748,0.12753624,0.67912555,0.7873101,0.27562112,0.095491655,-0.15088576,-0.082474224,0.19322623,0.7873101,0.24865486,-0.15088576,0.25732465676907623,1,"{""type"":""MultiPoint"",""coordinates"":[]}"
2321_0,0.23954011,0.23187537,0.24755302,0.37985137,0.17043121,0.48832837,0.7110915,0.25017136,0.15570033,-0.1822863,-0.047503047,0.17714755,0.7110915,0.2351584,-0.1822863,0.2198443425863917,1,"{""type"":""MultiPoint"",""coordinates"":[]}"
2322_0,0.3411821,0.39520958,0.33676356,0.35137573,0.5150685,0.40393013,0.24919982,0.43737957,0.34159833,0.4052356,0.4590301,0.5228377,0.5228377,0.39656755,0.24919982,0.07588930033452218,1,"{""type"":""MultiPoint"",""coordinates"":[]}"
2323_0,0.22992854,0.21235347,0.22557567,0.31789473,0.6795063,0.6190351,0.1826087,0.4317516,0.5344828,0.394387,0.37652504,0.7594462,0.7594462,0.41362458,0.1826087,0.1873744316318826,1,"{""type"":""MultiPoint"",""coordinates"":[]}"
2324_0,0.36387664,0.37384725,0.36754966,0.42121345,0.6541706,0.5779265,0.118355066,0.41601256,0.50088185,0.5526545,0.38527724,0.7596239,0.7596239,0.45761576,0.118355066,0.15877772621308284,1,"{""type"":""MultiPoint"",""coordinates"":[]}"
2325_0,0.28706753,0.3340202,0.3646239,0.6881613,0.7552907,0.3046916,0.19706841,0.17191863,0.53570396,0.7974822,0.46672785,0.15496098,0.7974822,0.42147645,0.15496098,0.2170411896974809,1,"{""type"":""MultiPoint"",""coordinates"":[]}"
2326_0,0.28279388,0.35530514,0.434962,0.7036583,0.6164139,0.31719875,0.1965812,0.18660678,0.5803723,0.7385534,0.4601467,0.1764706,0.7385534,0.42075524,0.1764706,0.1926436128870793,1,"{""type"":""MultiPoint"",""coordinates"":[]}"
2327_0,0.28980723,0.41815096,0.47646815,0.67969066,0.4519966,0.26119402,0.21000212,0.238873,0.59169054,0.8530489,0.42484212,0.20994794,0.8530489,0.425476,0.20994794,0.1939770531577663,1,"{""type"":""MultiPoint"",""coordinates"":[]}"
2328_0,0.41999528,0.37307298,0.27891156,0.5319324,0.6133519,0.28578132,0.27453768,0.1762261,0.5987138,0.7806835,0.61737764,0.37191978,0.7806835,0.443542,0.1762261,0.1749456388454811,1,"{""type"":""MultiPoint"",""coordinates"":[]}"
2329_0,0.30458793,0.28909513,0.23268293,0.41903988,0.4321849,0.22082092,0.13063063,0.14296937,0.7581506,0.80417913,0.5600739,0.42811754,0.80417913,0.3935444,0.13063063,0.2119499215844948,1,"{""type"":""MultiPoint"",""coordinates"":[]}"
2330_0,0.24206042,0.22076826,0.20180587,0.3550537,0.49445128,0.22137767,0.10689794,0.15371564,0.75712717,0.80722237,0.6026616,0.39718738,0.80722237,0.38002744,0.10689794,0.22646274315486278,1,"{""type"":""MultiPoint"",""coordinates"":[]}"
2331_0,0.44711465,0.43613216,0.3504981,0.49351272,0.33270895,0.41998374,0.44163764,0.40676495,0.48084775,0.5376623,0.5296769,0.5796825,0.5796825,0.4546852,0.33270895,0.07078771804670328,0,"{""type"":""MultiPoint"",""coordinates"":[]}"
2332_0,0.52344066,0.5148556,0.41137123,0.6180971,0.6400774,0.67525965,0.6167472,0.49498805,0.6989996,0.68850434,0.68678814,0.6870455,0.6989996,0.6046812,0.41137123,0.09132244687463348,0,"{""type"":""MultiPoint"",""coordinates"":[]}"
2333_0,0.533022,0.56252307,0.49198607,0.54480463,0.6964184,0.61858726,0.5354722,0.52292633,0.56513023,0.6229435,0.34945056,0.57312703,0.6964184,0.551366,0.34945056,0.08021145276096979,0,"{""type"":""MultiPoint"",""coordinates"":[]}"
2334_0,0.6738064,0.72787166,0.528622,0.7229803,0.74833125,0.7522164,0.72523963,0.6723485,0.65982175,0.74483377,0.73874575,0.6756757,0.7522164,0.6975411,0.528622,0.06018739435063106,0,"{""type"":""MultiPoint"",""coordinates"":[]}"
2335_0,0.031578947,0.0188178,0.026141856,0.004076087,-0.085411474,0.16629075,-0.06480098,0.015407855,-0.106368735,-0.09742939,-0.026462914,-0.032610983,0.16629075,-0.012564264,-0.106368735,0.07194435320954229,0,"{""type"":""MultiPoint"",""coordinates"":[]}"
2336_0,0.34153402,0.7020543,0.6714682,0.51802266,0.42172703,0.5570269,0.7472426,0.6802019,0.36680615,0.42312333,-0.05465288,-0.036172695,0.7472426,0.44486514,-0.05465288,0.25510411350540646,0,"{""type"":""MultiPoint"",""coordinates"":[]}"
2337_0,0.5064793,0.47769186,0.41763538,0.5192047,0.50744045,0.48845023,0.48977694,0.38611925,0.37286434,0.7019281,0.6209607,0.5439189,0.7019281,0.5027059,0.37286434,0.0886779819060046,0,"{""type"":""MultiPoint"",""coordinates"":[]}"
2338_0,0.5234591,0.5212355,0.28935185,0.28263444,0.26283637,0.27484578,0.5851281,0.50870925,0.54095215,0.6086201,0.019006336,0.33462977,0.6086201,0.39595073,0.019006336,0.1705745120623754,0,"{""type"":""MultiPoint"",""coordinates"":[]}"
2339_0,0.54215276,0.54900587,0.38669834,0.5305043,0.69967806,0.7737517,0.70984894,0.5800545,0.64567816,0.37811235,0.5655554,0.63331586,0.7737517,0.58286303,0.37811235,0.11509301875750509,0,"{""type"":""MultiPoint"",""coordinates"":[]}"
2340_0,0.653274,0.6017643,0.45980793,0.63050926,0.7000638,0.68495935,0.6432329,0.7419355,0.51888114,0.8129049,0.80215055,0.7149075,0.8129049,0.66369927,0.45980793,0.09998236682033529,0,"{""type"":""MultiPoint"",""coordinates"":[]}"
2341_0,0.46825895,0.6813754,0.55731106,0.38275585,0.3494152,0.6509199,0.6121372,0.4516854,0.4420568,0.25279373,0.5167513,0.43781096,0.6813754,0.48360598,0.25279373,0.12134256082202799,0,"{""type"":""MultiPoint"",""coordinates"":[]}"
2342_0,0.35460347,0.4392614,0.32161036,0.38474295,0.43735036,0.3960014,0.4572203,0.41531497,0.50403875,0.54535174,0.26857144,0.4692711,0.54535174,0.41611153,0.26857144,0.07405399803299224,0,"{""type"":""MultiPoint"",""coordinates"":[]}"
2343_0,0.6798715,0.7154471,0.5239376,0.58418214,0.7294214,0.7446908,0.79967946,0.83593297,0.8512397,0.7957497,0.6502447,0.67942894,0.8512397,0.7158188,0.5239376,0.0949866429372007,0,"{""type"":""MultiPoint"",""coordinates"":[]}"
2344_0,0.5189957,0.4889217,0.39712644,0.49226665,0.59599686,0.60793895,0.63985276,0.5884812,0.50226486,0.7380273,0.6414839,0.6748484,0.7380273,0.5738504,0.39712644,0.09182659056366436,0,"{""type"":""MultiPoint"",""coordinates"":[]}"
2345_0,0.37241906,0.34686148,0.33979097,0.41683367,0.52828765,0.50660145,0.4822034,0.41143394,0.42040184,0.4981236,0.49372384,0.42967618,0.52828765,0.43719643,0.33979097,0.06144717210289491,0,"{""type"":""MultiPoint"",""coordinates"":[]}"
2346_0,0.45670995,0.46474317,0.40227968,0.44503453,0.5790514,0.5340581,0.5835678,0.5581623,0.6422079,0.6081563,0.5435847,0.37574768,0.6422079,0.51610863,0.37574768,0.08144954435289022,0,"{""type"":""MultiPoint"",""coordinates"":[]}"
2347_0,0.47110438,0.47488987,0.4072872,0.5876533,0.7814397,0.074365176,0.78546894,0.1394162,0.52275336,0.15057325,0.21326108,0.38304028,0.78546894,0.41593772,0.074365176,0.2279160511754614,0,"{""type"":""MultiPoint"",""coordinates"":[]}"
2348_0,0.31485894,0.34878018,0.35384616,0.31815934,0.3402609,0.12151872,0.2685379,0.30701125,0.26323566,0.2642948,0.32797244,0.28875464,0.35384616,0.29310256,0.12151872,0.060075986710047435,0,"{""type"":""MultiPoint"",""coordinates"":[]}"
2349_0,0.44050992,0.51196426,0.4869218,0.5331338,0.67829704,0.6890144,0.7037472,0.6321603,0.56694585,0.7705461,0.66503227,0.5241613,0.7705461,0.60020286,0.44050992,0.09851211533519401,0,"{""type"":""MultiPoint"",""coordinates"":[]}"
2350_0,0.22671685,0.29411766,0.2908686,0.23523654,0.19949968,0.2791159,0.08458308,0.16901831,0.12812813,-0.061109547,0.100544825,-0.009454546,0.29411766,0.1614388,-0.061109547,0.11138291219360032,0,"{""type"":""MultiPoint"",""coordinates"":[]}"
2351_0,0.5470988,0.51100093,0.41571447,0.50191796,0.5379005,0.5469401,0.62278086,0.63105786,0.46470758,0.4994161,0.67654353,0.5467422,0.67654353,0.54181844,0.41571447,0.07008991683456428,0,"{""type"":""MultiPoint"",""coordinates"":[]}"
2352_0,0.067060314,0.050217927,0.11654566,0.14598322,0.024403771,0.067682184,-0.012694749,0.10879165,0.08692955,0.10947931,0.113429524,0.11510387,0.14598322,0.08274435,-0.012694749,0.04338222326305787,0,"{""type"":""MultiPoint"",""coordinates"":[]}"
2353_0,0.5261661,0.54370826,0.48159277,0.46256316,0.58879304,0.56816155,0.5742748,0.45046344,0.24903978,0.71881187,0.61907166,0.6348004,0.71881187,0.53478724,0.24903978,0.11310882367109751,0,"{""type"":""MultiPoint"",""coordinates"":[]}"
2354_0,0.06389713,0.0319316,0.08311591,-0.01414879,-0.020346647,0.20711975,-0.01567675,0.018272426,0.019157087,0.15709156,-0.011021308,0.009369461,0.20711975,0.044063453,-0.020346647,0.06955698150638621,0,"{""type"":""MultiPoint"",""coordinates"":[]}"
2355_0,0.5,0.51946926,0.35668156,0.5864117,0.5876756,0.5392157,0.6718086,0.5696767,0.748046,0.6828732,0.42449772,0.63690317,0.748046,0.56860495,0.35668156,0.10603339406188954,0,"{""type"":""MultiPoint"",""coordinates"":[]}"
2356_0,0.05971713,0.07574724,0.13858229,0.11009408,0.07792737,0.23191598,0.014516571,0.10719708,0.0066964286,0.055240795,0.09134045,0.04613342,0.23191598,0.0845924,0.0066964286,0.0576530138335962,0,"{""type"":""MultiPoint"",""coordinates"":[]}"
2357_0,0.37807348,0.40058997,0.32293376,0.5309621,0.55540067,0.6394177,0.57058424,0.5308001,0.4463668,0.71622276,0.39295518,0.6632626,0.71622276,0.51229745,0.32293376,0.11952133790434827,0,"{""type"":""MultiPoint"",""coordinates"":[]}"
2358_0,0.66933024,0.6849227,0.5164774,0.469737,0.6641482,0.6654525,0.6386743,0.5592299,0.53337955,0.73988897,0.6891964,0.5948611,0.73988897,0.61877483,0.469737,0.07920417108419683,0,"{""type"":""MultiPoint"",""coordinates"":[]}"
2359_0,0.6173913,0.65165675,0.4385965,0.54208416,0.58413464,0.6120761,0.55458087,0.6374242,0.7248864,0.8140276,0.68774706,0.6827411,0.8140276,0.6289455,0.4385965,0.09225560284260628,0,"{""type"":""MultiPoint"",""coordinates"":[]}"
2360_0,0.51060975,0.54689753,0.38418224,0.4041143,0.63195145,0.6475513,0.53515,0.2836461,0.64472497,0.70553595,0.6292412,0.5819005,0.70553595,0.54212546,0.2836461,0.1216050782976122,0,"{""type"":""MultiPoint"",""coordinates"":[]}"
2361_0,0.35966387,0.35103092,0.26373628,0.33509934,0.47409666,0.3238075,0.20553233,0.2922519,0.503876,0.55438596,0.7450425,0.489803,0.7450425,0.40819386,0.20553233,0.14389413783695817,0,"{""type"":""MultiPoint"",""coordinates"":[]}"
2362_0,0.4380117,0.40274414,0.37862596,0.4112616,0.46131244,0.46872547,0.41030023,0.51039374,0.59099805,0.5869449,0.6209767,0.48502994,0.6209767,0.48044375,0.37862596,0.0778066357647225,0,"{""type"":""MultiPoint"",""coordinates"":[]}"
2363_0,0.27342746,0.3707165,0.30047193,0.1562753,0.15704697,0.2522306,0.19256623,0.17226277,0.04777134,0.030094583,0.15504184,0.09933436,0.3707165,0.18393666,0.030094583,0.09705653361377296,0,"{""type"":""MultiPoint"",""coordinates"":[]}"
2364_0,0.5135445,0.4500657,0.25897142,0.15073419,0.17643121,0.11764706,0.22460458,0.2649388,0.18536827,0.1860687,0.35810378,0.15207373,0.5135445,0.25321266,0.11764706,0.11994114577497583,0,"{""type"":""MultiPoint"",""coordinates"":[]}"
2365_0,0.3063722,0.30641466,0.28831837,0.33300686,0.3440594,0.31950587,0.35804856,0.3069663,0.4158798,0.42720437,0.044489678,0.3994578,0.42720437,0.32081032,0.044489678,0.09426786504199527,0,"{""type"":""MultiPoint"",""coordinates"":[]}"
2366_0,0.260691,0.28188586,0.31011692,0.43742254,0.4936933,0.45823157,0.477242,0.4690909,0.4244671,0.53854334,0.5074744,0.39002037,0.53854334,0.42073995,0.260691,0.0875728696696777,0,"{""type"":""MultiPoint"",""coordinates"":[]}"
2367_0,0.28086612,0.30866948,0.28558436,0.45774966,0.39258596,0.42871046,0.10064452,0.41426146,0.6494365,0.81929964,0.47152194,0.1414226,0.81929964,0.39589605,0.10064452,0.19136848269365303,0,"{""type"":""MultiPoint"",""coordinates"":[]}"
2368_0,0.391133,0.4788335,0.31766874,0.5238833,0.44351378,0.45212322,0.5113821,0.42553192,0.49447748,-0.21547619,0.28764653,0.29029983,0.5238833,0.36675143,-0.21547619,0.192617009419778,0,"{""type"":""MultiPoint"",""coordinates"":[]}"
2369_0,0.4850889,0.43983525,0.31573445,0.3028825,0.46690124,0.45724526,0.467829,0.24668436,0.65328467,0.7726984,0.7633383,0.6230583,0.7726984,0.49954838,0.24668436,0.1651078225825887,0,"{""type"":""MultiPoint"",""coordinates"":[]}"
2370_0,0.42052162,0.44208038,0.4313083,0.6102635,0.6598186,0.5785458,0.60948616,0.6740627,0.55608594,0.46841207,0.584335,0.62530947,0.6740627,0.55501914,0.42052162,0.08716727790489164,0,"{""type"":""MultiPoint"",""coordinates"":[]}"
2371_0,0.3110048,0.30893117,0.20386186,0.3621809,0.17343578,0.8252329,0.84461504,0.7834368,0.12748344,0.12922174,0.45791972,0.7888925,0.84461504,0.44301805,0.12748344,0.2758239748460402,0,"{""type"":""MultiPoint"",""coordinates"":[]}"
2372_0,0.5894251,0.5490808,0.51939315,0.6315049,0.69024265,0.6036687,0.6233091,0.688228,0.6,0.7444996,0.7999424,0.73902214,0.7999424,0.64819306,0.51939315,0.08113399924887184,0,"{""type"":""MultiPoint"",""coordinates"":[]}"
2373_0,0.60022336,0.53238547,0.37731403,0.028394714,0.64773524,0.6536713,0.51174605,0.609365,0.64637536,0.6369168,0.80042917,0.6196218,0.80042917,0.5553482,0.028394714,0.18575838573785025,0,"{""type"":""MultiPoint"",""coordinates"":[]}"
2374_0,0.09323237,0.07262314,0.07028249,0.11411305,-0.002807169,0.04708291,0.02276867,0.04781365,0.09123435,0.11921098,0.013850415,0.13809991,0.13809991,0.06895873,-0.002807169,0.0425164219692872,0,"{""type"":""MultiPoint"",""coordinates"":[]}"
2375_0,0.20107143,0.2045221,0.18478678,0.20623608,0.23606434,0.20948617,0.39340103,0.35789034,0.23145884,0.23353967,0.2859335,0.2267658,0.39340103,0.24759634,0.18478678,0.06261420722128172,0,"{""type"":""MultiPoint"",""coordinates"":[]}"
2376_0,0.5264188,0.45278174,0.35781384,0.45231608,0.69727546,0.10885886,0.5965616,0.49408984,0.18454106,0.069137566,0.67683506,0.71783227,0.71783227,0.4445385,0.069137566,0.21479697227465014,0,"{""type"":""MultiPoint"",""coordinates"":[]}"
2377_0,0.35265017,0.37093124,0.39974293,0.37679932,0.4570948,0.519839,0.47218415,0.56190974,0.41929877,0.456666,0.49039146,0.39319894,0.56190974,0.43922555,0.35265017,0.06191962854909306,0,"{""type"":""MultiPoint"",""coordinates"":[]}"
2378_0,0.5298287,0.49582636,0.4026387,0.46252066,0.32811782,0.21610668,0.26612467,0.7491444,0.8120703,0.79275364,0.77920157,0.6837663,0.8120703,0.543175,0.21610668,0.20638712915565308,0,"{""type"":""MultiPoint"",""coordinates"":[]}"
2379_0,0.4937279,0.4794903,0.4289358,0.5837611,0.66167444,0.6020632,0.5793509,0.49866667,0.7311089,0.7860685,0.7251951,0.6947396,0.7860685,0.60539854,0.4289358,0.11028619180343248,0,"{""type"":""MultiPoint"",""coordinates"":[]}"
2380_0,0.11880409,0.049541283,0.02094818,0.19664733,0.30358705,0.3575253,0.31567645,0.33868378,0.1656289,0.08322147,0.21436588,0.14285715,0.3575253,0.19229057,0.02094818,0.11069371357367827,0,"{""type"":""MultiPoint"",""coordinates"":[]}"
2381_0,0.66428965,0.67698365,0.49787933,0.68029976,0.7605948,0.76831347,0.80058163,0.7450425,0.6312849,0.7989796,0.7695902,0.72415745,0.80058163,0.7098331,0.49787933,0.08282241055179594,0,"{""type"":""MultiPoint"",""coordinates"":[]}"
2382_0,0.47224805,0.3951965,0.30634442,0.32994762,0.41494662,0.58610916,0.44920728,0.32846716,0.43813682,0.62674963,0.53146625,0.3544764,0.62674963,0.436108,0.30634442,0.09912114266207274,0,"{""type"":""MultiPoint"",""coordinates"":[]}"
2383_0,0.24119388,0.19308035,0.2173913,0.20509055,0.19026853,0.2041403,0.23858823,0.20405343,0.19126602,0.22592767,0.26212373,0.21148588,0.26212373,0.21538416,0.19026853,0.02158366922169305,0,"{""type"":""MultiPoint"",""coordinates"":[]}"
2384_0,0.36291793,0.38036048,0.34217334,0.3839907,0.5549208,0.5468795,0.60801,0.58618885,0.38513842,0.52321064,0.5648296,0.36512357,0.60801,0.46697864,0.34217334,0.09950824977191598,0,"{""type"":""MultiPoint"",""coordinates"":[]}"
2385_0,0.13907658,0.16170032,0.07630923,0.15886416,0.16020672,0.25700095,0.18376705,0.1334054,0.35808966,0.35447338,0.09944751,0.23204345,0.35808966,0.19286537,0.07630923,0.08712164436277735,0,"{""type"":""MultiPoint"",""coordinates"":[]}"
2386_0,0.49755394,0.45824787,0.3935149,0.44360903,0.48372862,0.52371305,0.531445,0.5911439,0.64529717,0.743004,0.65555215,0.50709754,0.743004,0.53949225,0.3935149,0.0966456955528241,0,"{""type"":""MultiPoint"",""coordinates"":[]}"
2387_0,0.54599404,0.57233083,0.5195105,0.6192316,0.64512545,0.67907035,0.6959459,0.63288385,0.5250321,0.6988597,0.8101933,0.7658025,0.8101933,0.6424984,0.5195105,0.0887401821322671,0,"{""type"":""MultiPoint"",""coordinates"":[]}"
2388_0,0.09456647,0.0913371,0.14946446,0.18983833,0.20518981,0.19499569,0.14996934,0.23928945,0.12830189,0.1466423,0.15955918,0.17790344,0.23928945,0.16058812,0.0913371,0.04198361473576009,0,"{""type"":""MultiPoint"",""coordinates"":[]}"
2389_0,0.3344968,0.333713,0.31215948,0.48771575,0.6312769,0.55546147,0.6096618,0.5398141,0.72638655,0.74960977,0.5617755,0.5561257,0.74960977,0.5331831,0.31215948,0.13895651009137938,0,"{""type"":""MultiPoint"",""coordinates"":[]}"
2390_0,0.42453855,0.42981273,0.38803893,0.362878,0.52499354,0.48370928,0.6234568,0.5190237,0.48777777,0.5555556,0.49805447,0.4328695,0.6234568,0.47755906,0.362878,0.07080189210012323,0,"{""type"":""MultiPoint"",""coordinates"":[]}"
2391_0,0.57387346,0.55651724,0.44189993,0.5106007,0.57902133,0.656019,0.47813413,0.37592867,0.6972024,0.77403843,0.8094763,0.6559201,0.8094763,0.59238595,0.37592867,0.12591270108659927,0,"{""type"":""MultiPoint"",""coordinates"":[]}"
2392_0,0.7342719,0.78509676,0.67135966,0.7867828,0.83792907,0.86154085,0.83259094,0.8571152,0.68921185,0.7367497,0.7081818,0.76371855,0.86154085,0.77204573,0.67135966,0.06288865439514818,0,"{""type"":""MultiPoint"",""coordinates"":[]}"
2393_0,0.6834695,0.66735476,0.50475127,0.5742642,0.75743496,0.78843147,0.66026586,0.633358,0.79677707,0.78037685,0.81089574,0.7553045,0.81089574,0.701057,0.50475127,0.09290617125754527,0,"{""type"":""MultiPoint"",""coordinates"":[]}"
2394_0,0.567605,0.57178843,0.47108796,0.58401453,0.7060657,0.66179985,0.6200643,0.63936114,0.10398843,0.7251863,0.5813672,0.56435645,0.7251863,0.56639045,0.10398843,0.1542459348818978,0,"{""type"":""MultiPoint"",""coordinates"":[]}"
2395_0,0.6380547,0.6046163,0.55046743,0.72030073,0.70064574,0.8094072,0.740486,0.71945304,0.57409716,0.62160265,0.72228086,0.7744573,0.8094072,0.68132246,0.55046743,0.07828741721762054,0,"{""type"":""MultiPoint"",""coordinates"":[]}"
2396_0,0.3438515,0.28884462,0.2730384,0.3681043,0.48140097,0.49372968,0.30243337,0.3377953,0.31721714,0.41569608,0.45552453,0.35867426,0.49372968,0.3696925,0.2730384,0.07206041277392357,0,"{""type"":""MultiPoint"",""coordinates"":[]}"
2397_0,0.4772302,0.48277876,0.3914253,0.52213407,0.52233714,0.41050005,0.5634243,0.55301297,0.68169475,0.43563068,0.6425031,0.66005665,0.68169475,0.52856064,0.3914253,0.09207276585288446,0,"{""type"":""MultiPoint"",""coordinates"":[]}"
2398_0,0.32695556,0.31408367,0.3093682,0.103451796,0.64852905,0.39672393,0.35661924,0.32604563,0.5550606,0.62817067,0.3981564,0.4552917,0.64852905,0.40153804,0.103451796,0.1463837627043918,0,"{""type"":""MultiPoint"",""coordinates"":[]}"
2399_0,0.6743674,0.6805703,0.447863,0.57076925,0.7289637,0.7565872,0.70568484,0.77841043,0.7281015,0.76368874,0.7499369,0.7878788,0.7878788,0.6977352,0.447863,0.09422070011338583,0,"{""type"":""MultiPoint"",""coordinates"":[]}"
2400_0,0.6068672,0.5494506,0.44063613,0.5087445,0.5905605,0.58384335,0.50304437,0.5359291,0.54220533,0.5924265,0.7296443,0.72575253,0.7296443,0.5757587,0.44063613,0.08121455859961246,0,"{""type"":""MultiPoint"",""coordinates"":[]}"
2401_0,0.53880733,0.54874575,0.49858576,0.5080843,0.51297355,0.31280276,0.63831526,0.4804992,0.05301441,0.5699732,0.5450644,0.5080386,0.63831526,0.47624204,0.05301441,0.1468237374160555,0,"{""type"":""MultiPoint"",""coordinates"":[]}"
2402_0,0.27806842,0.27916476,0.24243529,0.3744585,0.25347352,0.24211608,0.25114918,0.30623305,0.25431532,0.33072823,0.38766757,0.30195454,0.38766757,0.2918137,0.24211608,0.047984313562625364,0,"{""type"":""MultiPoint"",""coordinates"":[]}"
2403_0,0.10674157,0.07326865,0.08429752,0.048931118,0.030230327,0.15336932,0.045300245,0.030272953,0.0129369665,-0.012782694,0.04340793,0.0841092,0.15336932,0.05834026,-0.012782694,0.042927564311185336,0,"{""type"":""MultiPoint"",""coordinates"":[]}"
2404_0,0.7486026,0.8019589,0.5400405,0.18914606,0.36065283,0.7140274,0.6928431,0.22836404,0.33368367,-0.41968912,-0.12531969,-0.012964563,0.8019589,0.33761215,-0.41968912,0.36952950234170273,0,"{""type"":""MultiPoint"",""coordinates"":[]}"
2405_0,0.5118577,0.5169288,0.42510736,0.6593521,0.49604163,0.47175926,0.48656717,0.47292417,0.6674722,0.6645631,0.61130923,0.4157881,0.6674722,0.5333059,0.4157881,0.08871954432370562,0,"{""type"":""MultiPoint"",""coordinates"":[]}"
2406_0,0.21024807,0.21005677,0.17676768,0.06681487,0.2345679,0.17285785,0.22475822,0.3006736,-0.29016787,-0.35839275,0.47285643,-0.031455744,0.47285643,0.11579876,-0.35839275,0.2284321813360042,0,"{""type"":""MultiPoint"",""coordinates"":[]}"
2407_0,0.49338496,0.51170796,0.4594676,0.5024555,0.5376704,0.5877181,0.5624849,0.5294726,0.7474105,0.74360305,0.65886664,0.6305733,0.7474105,0.5804013,0.4594676,0.09173615148183396,0,"{""type"":""MultiPoint"",""coordinates"":[]}"
2408_0,0.35302895,0.33533475,0.28389058,0.30869564,0.43797195,0.35609755,0.39329806,0.3393521,0.43819144,0.42795962,0.56750154,0.29544035,0.56750154,0.37806353,0.28389058,0.07678620019052018,0,"{""type"":""MultiPoint"",""coordinates"":[]}"
2409_0,0.32929048,0.1764706,0.1804466,0.1502228,0.063643016,0.5341536,0.21112077,0.07022901,0.22263451,0.18651946,0.11709287,0.34632245,0.5341536,0.21567884,0.063643016,0.1269428289453215,0,"{""type"":""MultiPoint"",""coordinates"":[]}"
2410_0,0.5782219,0.48708752,0.39072415,0.6061327,0.6868798,0.5975922,0.5446205,0.5992714,0.60878885,0.84659415,0.80669147,0.7619565,0.84659415,0.62621343,0.39072415,0.1255887080780615,0,"{""type"":""MultiPoint"",""coordinates"":[]}"
2411_0,0.51390696,0.46379232,0.45835727,0.71296084,0.6389513,0.7122285,0.69263357,0.6717724,0.4554324,0.78802854,0.7376178,0.60882556,0.78802854,0.62120897,0.4554324,0.114202050683305,0,"{""type"":""MultiPoint"",""coordinates"":[]}"
2412_0,0.60471493,0.543208,0.4584797,0.70744306,0.75586176,0.72284234,0.727611,0.6875576,0.7308666,0.82844967,0.793484,0.72623575,0.82844967,0.69056284,0.4584797,0.10100364223918855,0,"{""type"":""MultiPoint"",""coordinates"":[]}"
2413_0,0.24586357,0.20807216,0.24889868,0.18743344,0.22196262,0.2636143,0.11804009,0.2173913,0.101933986,0.07219251,0.34545454,0.13280213,0.34545454,0.19697161,0.07219251,0.07515587570167456,0,"{""type"":""MultiPoint"",""coordinates"":[]}"
2414_0,0.6522193,0.6325644,0.50723505,0.69055307,0.844023,0.825384,0.7864629,0.83208257,0.87187624,0.8428538,0.8150068,0.7767677,0.87187624,0.75641906,0.50723505,0.10658904165518979,0,"{""type"":""MultiPoint"",""coordinates"":[]}"
2415_0,0.566993,0.4844026,0.3996665,0.45330438,0.68170494,0.6766716,0.6059194,0.6476765,0.53505313,0.7222416,0.73005795,0.6842814,0.73005795,0.5989978,0.3996665,0.10572572516503337,0,"{""type"":""MultiPoint"",""coordinates"":[]}"
2416_0,0.4615937,0.5046729,0.42949662,0.5044223,0.42334905,0.48050883,0.5202263,0.5298588,0.53961635,0.68561876,0.6188463,0.563575,0.68561876,0.5218154,0.42334905,0.07218156338422972,0,"{""type"":""MultiPoint"",""coordinates"":[]}"
2417_0,0.35597953,0.32810202,0.2948272,0.37373737,0.6554658,0.4725324,0.41105992,0.34157035,0.5666429,0.6198953,0.57396746,0.47357824,0.6554658,0.4556132,0.2948272,0.11818294874580554,0,"{""type"":""MultiPoint"",""coordinates"":[]}"
2418_0,0.22153609,0.21345615,0.1780997,0.16139631,0.24965517,0.19127086,0.30394924,0.21266294,0.025446171,0.49055776,0.43871805,0.339601,0.49055776,0.25219578,0.025446171,0.12069146741055958,0,"{""type"":""MultiPoint"",""coordinates"":[]}"
2419_0,0.428195,0.4171073,0.37127098,0.4989102,0.5719134,0.40252978,0.33961868,0.38156304,0.7074362,0.73185223,0.54080224,0.6151345,0.73185223,0.5005278,0.33961868,0.12738512222460835,0,"{""type"":""MultiPoint"",""coordinates"":[]}"
2420_0,0.39390785,0.40532672,0.33275363,0.45486313,0.68595874,0.7000645,0.575419,0.42626914,0.7992433,0.7379095,0.79519594,0.69170475,0.7992433,0.58321804,0.33275363,0.16403606199525234,0,"{""type"":""MultiPoint"",""coordinates"":[]}"
2421_0,0.6679657,0.5733109,0.30745813,0.36352137,0.44120818,0.4352757,0.71308017,0.31422147,0.14578006,0.11827957,0.2,0.37677726,0.71308017,0.3880732,0.11827957,0.18323098222230844,0,"{""type"":""MultiPoint"",""coordinates"":[]}"
2422_0,0.579788,0.5568067,0.46028405,0.57369405,0.6921739,0.6119151,0.4675702,0.5021834,0.25229928,0.53478855,0.5196305,0.6011759,0.6921739,0.52935916,0.25229928,0.10406643058019598,0,"{""type"":""MultiPoint"",""coordinates"":[]}"
2423_0,0.46007603,0.48812664,0.41771403,0.58232045,0.7224975,0.75887895,0.78310853,0.49526814,0.6633394,0.71033657,0.76113415,0.64378107,0.78310853,0.6238818,0.41771403,0.12503456804096308,0,"{""type"":""MultiPoint"",""coordinates"":[]}"
2424_0,0.10172414,0.049492385,0.047954246,0.07888993,0.14558823,0.09437751,0.24434783,0.32216495,0.12702854,0.016881827,0.093180284,0.009097271,0.32216495,0.11089393,0.009097271,0.08781453063160366,0,"{""type"":""MultiPoint"",""coordinates"":[]}"
2425_0,0.394443,0.39646202,0.3160109,0.39319158,0.45028457,0.71904546,0.6876446,0.2503209,0.49513382,0.56577265,0.5775829,0.46068174,0.71904546,0.47554785,0.2503209,0.1353590832522806,0,"{""type"":""MultiPoint"",""coordinates"":[]}"
2426_0,0.21239838,0.2572383,0.24144971,0.26475716,0.26030862,0.26460132,0.29882964,0.22664016,0.38315672,0.45091122,0.22345483,0.3196669,0.45091122,0.28361773,0.21239838,0.0677611969307088,0,"{""type"":""MultiPoint"",""coordinates"":[]}"
2427_0,0.3028693,0.35990387,0.29407114,0.35765344,0.24994831,0.32363805,0.42168674,0.4042342,0.53864664,0.5726708,0.3594349,0.2626559,0.5726708,0.37061778,0.24994831,0.09664297044085879,0,"{""type"":""MultiPoint"",""coordinates"":[]}"
2428_0,0.5880337,0.58739597,0.46176708,0.6057301,0.6221437,0.6460724,0.71058935,0.61871225,0.6027682,0.5003195,0.50310194,0.6337654,0.71058935,0.5900333,0.46176708,0.06703082072828741,0,"{""type"":""MultiPoint"",""coordinates"":[]}"
2429_0,0.6938211,0.6806723,0.5096434,0.6967876,0.7656863,0.7526205,0.7912088,0.73670274,0.8111993,0.748495,0.5452951,0.71983176,0.8111993,0.7043303,0.5096434,0.08766715397123671,0,"{""type"":""MultiPoint"",""coordinates"":[]}"
2430_0,0.57339966,0.6007276,0.49891257,0.5774773,0.61214453,0.6688153,0.6901232,0.6448677,0.12789927,0.7101147,0.56705385,0.5642043,0.7101147,0.569645,0.12789927,0.145133961515645,0,"{""type"":""MultiPoint"",""coordinates"":[]}"
2431_0,0.72938687,0.7680141,0.57524467,0.74638844,0.8465495,0.87961984,0.8464364,0.81917095,0.82830524,0.85557985,0.81107163,0.8058741,0.87961984,0.7926368,0.57524467,0.07843538218855309,0,"{""type"":""MultiPoint"",""coordinates"":[]}"
2432_0,0.6474886,0.61768985,0.455628,0.5493352,0.6507801,0.65457183,0.49505734,0.6635945,0.33876947,0.7149028,0.72683907,0.73556393,0.73556393,0.60418504,0.33876947,0.11629410252444632,0,"{""type"":""MultiPoint"",""coordinates"":[]}"
2433_0,0.32715574,0.28707987,0.19843215,0.0941073,0.23830093,0.2021858,0.19428572,0.18820861,0.1948502,0.175,0.39976415,0.06543779,0.39976415,0.21373402,0.06543779,0.08803946961551577,0,"{""type"":""MultiPoint"",""coordinates"":[]}"
2434_0,0.20744418,0.17411402,0.15106438,0.24899136,0.2154944,0.23009282,0.18745917,0.23023716,0.26278967,0.29107982,0.26290226,0.2343451,0.29107982,0.22466786,0.15106438,0.038524748507256325,0,"{""type"":""MultiPoint"",""coordinates"":[]}"
2435_0,0.43491736,0.42432895,0.33752292,0.42107728,0.5913357,0.5844552,0.47660953,0.20362382,0.45244956,0.69250816,0.78453606,0.49432406,0.78453606,0.49147406,0.20362382,0.14885435646945663,0,"{""type"":""MultiPoint"",""coordinates"":[]}"
2436_0,0.5248361,0.376,0.3462733,0.27823693,0.48582643,0.5567108,0.45818505,0.39042822,0.6564626,0.62604284,0.6885731,0.5493888,0.6885731,0.494747,0.27823693,0.12383132484147244,0,"{""type"":""MultiPoint"",""coordinates"":[]}"
2437_0,0.28917313,0.34695753,0.36444157,0.4841702,0.42920157,0.37876105,0.15976821,0.35786858,0.16761619,0.12172775,0.33384645,0.15678215,0.4841702,0.29919288,0.12172775,0.11447680809987498,0,"{""type"":""MultiPoint"",""coordinates"":[]}"
2438_0,0.18850806,0.20105541,0.17369477,0.13499886,0.1492986,0.14083542,0.1360163,0.17898023,0.0114697255,0.22673656,0.18500407,0.18708797,0.22673656,0.15947384,0.0114697255,0.05212067738297888,0,"{""type"":""MultiPoint"",""coordinates"":[]}"
2439_0,0.6679137,0.6832028,0.5338346,0.5794969,0.78746533,0.09501682,0.8349983,0.6955778,0.78296334,0.85628086,0.75477153,0.6876785,0.85628086,0.6632667,0.09501682,0.19442412720654317,0,"{""type"":""MultiPoint"",""coordinates"":[]}"
2440_0,0.3302678,0.34783837,0.24605086,0.3808792,0.4215584,0.49729168,0.48228198,0.3500746,0.2658228,0.37375414,0.19322783,0.1480663,0.49729168,0.33642617,0.1480663,0.1029808899893263,0,"{""type"":""MultiPoint"",""coordinates"":[]}"
2441_0,0.39709258,0.3655914,0.3648465,0.45592704,0.58984774,0.53771645,0.52468985,0.42541435,0.5084202,0.6528029,0.7236842,0.595,0.7236842,0.5117528,0.3648465,0.11005830548063276,0,"{""type"":""MultiPoint"",""coordinates"":[]}"
2442_0,0.38787398,0.37323546,0.32622033,0.56847614,0.6165749,0.5768884,0.57877815,0.54357684,0.57798165,0.7525126,0.6415556,0.57818866,0.7525126,0.54348856,0.32622033,0.1170599747705423,0,"{""type"":""MultiPoint"",""coordinates"":[]}"
2443_0,0.35749128,0.39748335,0.34629405,0.48096603,0.4716312,0.43083373,0.41461053,0.28203124,0.48375115,0.49405548,0.50871795,0.47988224,0.50871795,0.428979,0.28203124,0.06797612534100213,0,"{""type"":""MultiPoint"",""coordinates"":[]}"
2444_0,0.33253556,0.3542084,0.3127451,0.32833722,0.28092137,0.37580362,0.50652266,0.48289794,0.10010831,0.58549786,0.4506989,0.51015,0.58549786,0.38503557,0.10010831,0.12541341352074017,0,"{""type"":""MultiPoint"",""coordinates"":[]}"
2445_0,0.41789246,0.490186,0.43635932,0.66515017,0.38635337,0.53034765,0.510045,0.3874396,0.7161017,0.73723537,0.6713309,0.5682188,0.73723537,0.54305506,0.38635337,0.12230895992200454,0,"{""type"":""MultiPoint"",""coordinates"":[]}"
2446_0,0.4296941,0.36034116,0.28960183,0.5891371,0.58516604,0.5360641,0.57930875,0.5183884,0.6676977,0.72864836,0.44585788,0.61,0.72864836,0.52832544,0.28960183,0.12167176289205929,0,"{""type"":""MultiPoint"",""coordinates"":[]}"
2447_0,0.3901809,0.36459908,0.26468822,0.3289918,0.32717645,0.28642714,0.34929726,0.3949296,0.3673938,0.3371675,0.3273643,0.33054394,0.3949296,0.33906332,0.26468822,0.03657351729842299,0,"{""type"":""MultiPoint"",""coordinates"":[]}"
2448_0,0.4473212,0.3819644,0.27160493,0.25762045,0.28021017,0.2721519,0.23030303,0.22109705,0.17531979,0.22178477,0.6756593,0.33936653,0.6756593,0.31453362,0.17531979,0.1307262366533095,0,"{""type"":""MultiPoint"",""coordinates"":[]}"
2449_0,0.53653514,0.613851,0.5251349,0.7007735,0.67518973,0.61750674,0.549799,0.6324856,0.8191985,0.75104755,0.71058315,0.65680474,0.8191985,0.6490758,0.5251349,0.08511399323715524,0,"{""type"":""MultiPoint"",""coordinates"":[]}"
2450_0,0.5964592,0.60619956,0.53628415,0.55826426,0.69142354,0.735749,0.73666507,0.6280042,0.5619501,0.76010025,0.7205882,0.7025008,0.76010025,0.652849,0.53628415,0.07676357755109155,0,"{""type"":""MultiPoint"",""coordinates"":[]}"
2451_0,0.7236899,0.7898391,0.6707527,0.7620793,0.83044213,0.6705191,0.78888994,0.80247414,0.8279395,0.69831413,0.7328034,0.73004633,0.83044213,0.7523158,0.6705191,0.054110264909171556,0,"{""type"":""MultiPoint"",""coordinates"":[]}"
2452_0,0.24195339,0.25468385,0.21619388,0.26612467,0.3905412,0.38260627,0.4215784,0.2929293,0.3978907,0.24623115,0.41257143,0.29355323,0.4215784,0.31807145,0.21619388,0.07343671632938455,0,"{""type"":""MultiPoint"",""coordinates"":[]}"
2453_0,0.12577386,0.07631347,0.12382899,0.05398594,0.018862877,0.2330168,-0.010309278,0.06900776,0.07140849,0.03827751,0.09090909,0.082096934,0.2330168,0.08109771,-0.010309278,0.05920202658301508,0,"{""type"":""MultiPoint"",""coordinates"":[]}"
2454_0,0.47403684,0.58961684,0.5577061,0.5683261,0.5968442,0.7079004,0.6978093,0.5510338,0.20882714,0.7186435,0.5868996,0.67873853,0.7186435,0.57803184,0.20882714,0.13230520243198007,0,"{""type"":""MultiPoint"",""coordinates"":[]}"
2455_0,0.31240505,0.31092855,0.2802803,0.35451135,0.2882494,0.360213,0.4247714,0.55529684,0.47673884,0.5222325,0.41649625,0.51005787,0.55529684,0.4010151,0.2802803,0.09310060592996125,0,"{""type"":""MultiPoint"",""coordinates"":[]}"
2456_0,0.6648434,0.67740333,0.6192917,0.64903444,0.50613916,0.4590651,0.51423323,0.68392617,0.58797747,0.72243184,0.7671879,0.7250646,0.7671879,0.6313832,0.4590651,0.09262500854778007,0,"{""type"":""MultiPoint"",""coordinates"":[]}"
2457_0,0.5500977,0.48970458,0.3830874,0.34368822,0.6190775,0.8833228,0.86569875,0.7777778,0.3664438,0.22374429,0.52098763,0.4167993,0.8833228,0.53670245,0.22374429,0.2037322592601996,0,"{""type"":""MultiPoint"",""coordinates"":[]}"
2458_0,0.51363635,0.53419054,0.46064302,0.5193628,0.60754716,0.5966387,0.62000465,0.49087003,0.5241935,0.68318754,0.6949956,0.57897955,0.6949956,0.56868744,0.46064302,0.07097956431152903,0,"{""type"":""MultiPoint"",""coordinates"":[]}"
2459_0,0.4168951,0.35510427,0.3259552,0.4150691,0.5238979,0.49654543,0.37,0.41300192,0.5760554,0.6696404,0.60644805,0.55249935,0.6696404,0.47675934,0.3259552,0.10512923960087889,0,"{""type"":""MultiPoint"",""coordinates"":[]}"
2460_0,0.76688635,0.8075909,0.72112143,0.78148085,0.8767136,0.51610184,0.887784,0.87073725,0.5137961,0.8826406,0.8575375,0.8653179,0.887784,0.77897567,0.5137961,0.12842854887698502,0,"{""type"":""MultiPoint"",""coordinates"":[]}"
2461_0,0.062068965,0.13675214,0.08061293,0.18309858,0.46961325,0.35737705,0.36147758,0.29195803,0.065868266,0.23152709,0.18249762,0.19749217,0.46961325,0.21836197,0.062068965,0.12409884671978637,0,"{""type"":""MultiPoint"",""coordinates"":[]}"
2462_0,0.67649746,0.7110631,0.56623465,0.7069443,0.49620077,0.44738388,0.43385753,0.4422233,0.64152354,0.8119446,0.76727426,0.6458952,0.8119446,0.61225355,0.43385753,0.12657566634722192,0,"{""type"":""MultiPoint"",""coordinates"":[]}"
2463_0,0.20398912,0.27242523,0.09993792,0.18171297,0.0015898251,0.38251367,0.15698586,0.18738404,0.37265137,0.07462686,0.14058356,0.26334208,0.38251367,0.19481188,0.0015898251,0.10917944840607012,0,"{""type"":""MultiPoint"",""coordinates"":[]}"
2464_0,0.18796198,0.16286308,0.20790593,0.29578087,0.21377183,0.2589852,0.2908012,0.35308403,0.33490565,0.24338283,0.26977196,0.28624535,0.35308403,0.25878832,0.16286308,0.05554594379014975,0,"{""type"":""MultiPoint"",""coordinates"":[]}"
2465_0,0.60620326,0.57453054,0.48136273,0.5227687,0.64718384,0.7023384,0.5564409,0.68281937,0.4262601,0.18522073,0.7331009,0.45781928,0.7331009,0.54800403,0.18522073,0.14430818581234178,0,"{""type"":""MultiPoint"",""coordinates"":[]}"
2466_0,0.51106715,0.4710615,0.4090672,0.54107386,0.65887946,0.5588723,0.608992,0.6240049,0.5421875,0.64347184,0.61092466,0.5968436,0.65887946,0.5647038,0.4090672,0.07111536168993274,0,"{""type"":""MultiPoint"",""coordinates"":[]}"
2467_0,0.28271407,0.30266666,0.29784718,0.3793722,0.404709,0.46536145,0.66333663,0.6212121,0.27793697,0.63061166,0.6364138,0.5951766,0.66333663,0.4631132,0.27793697,0.15025893116088795,0,"{""type"":""MultiPoint"",""coordinates"":[]}"
2468_0,0.5399376,0.5013376,0.39005467,0.48715392,0.6924888,0.47977498,0.59164387,0.7549387,0.5037485,0.5257393,0.66572577,0.5506639,0.7549387,0.556934,0.39005467,0.09853672724880996,0,"{""type"":""MultiPoint"",""coordinates"":[]}"
2469_0,0.47193754,0.4672705,0.43271002,0.6948011,0.749782,0.5481336,0.7175409,0.7030114,0.8553888,0.8501687,0.8010381,0.7345309,0.8553888,0.6688595,0.43271002,0.1443276078266973,0,"{""type"":""MultiPoint"",""coordinates"":[]}"
2470_0,-0.017608898,-0.10576556,0.034768213,0.10066006,-0.16707416,-0.108052306,-0.042833608,0.09555126,-0.2109686,-0.29775882,-0.086021505,-0.25285995,0.10066006,-0.08816366,-0.29775882,0.12403745878466248,0,"{""type"":""MultiPoint"",""coordinates"":[]}"
2471_0,0.17373341,0.14718506,0.11070111,0.109400064,0.18974021,0.18572587,0.21881512,0.15944467,0.09230149,-0.07090464,0.5039282,0.11312765,0.5039282,0.16109985,-0.07090464,0.12540551673390343,0,"{""type"":""MultiPoint"",""coordinates"":[]}"
2472_0,0.671066,0.68035114,0.56423956,0.65939057,0.70498824,0.79009634,0.783912,0.6994246,0.6965409,0.8134034,0.75555557,0.70669746,0.8134034,0.71047217,0.56423956,0.06530354824498165,0,"{""type"":""MultiPoint"",""coordinates"":[]}"
2473_0,0.47717252,0.47488934,0.37471265,0.55645365,0.44366744,0.58440113,0.6361833,0.5559467,0.4371808,0.6790329,0.48678654,0.4848402,0.6790329,0.51593894,0.37471265,0.08434219811799447,0,"{""type"":""MultiPoint"",""coordinates"":[]}"
2474_0,0.24954627,0.30413353,0.31554523,0.4210993,0.2508406,0.7594502,0.83876675,0.57026476,0.04700162,-0.1423221,0.21731123,0.33193424,0.83876675,0.3469643,-0.1423221,0.26384016697984164,0,"{""type"":""MultiPoint"",""coordinates"":[]}"
2475_0,0.099923134,0.10445469,0.13987635,0.057790108,0.03604154,0.12953682,0.0073032933,0.07237077,0.008792497,0.039974,0.1656535,0.10075667,0.1656535,0.08020611,0.0073032933,0.04936439307510454,0,"{""type"":""MultiPoint"",""coordinates"":[]}"
2476_0,0.6392157,0.6103815,0.2370048,0.20386553,0.2366958,0.54821664,0.69066966,0.7088197,0.23286505,0.26600283,-0.049122807,0.2117593,0.7088197,0.37803113,-0.049122807,0.23668882504080893,0,"{""type"":""MultiPoint"",""coordinates"":[]}"
2477_0,0.4921986,0.46304998,0.3189824,0.3143695,0.6873286,0.75327027,0.6045649,0.5503426,0.7034158,0.6650052,0.6130003,0.7102448,0.75327027,0.57298106,0.3143695,0.14230836654847248,0,"{""type"":""MultiPoint"",""coordinates"":[]}"
2478_0,0.45015875,0.45895183,0.31059548,0.4107391,0.51036197,0.5217553,0.57127315,0.4428997,0.525204,0.6335979,0.58446604,0.53571427,0.6335979,0.4963098,0.31059548,0.08349745391560869,0,"{""type"":""MultiPoint"",""coordinates"":[]}"
2479_0,0.03192488,0.032063697,0.020299753,0.15354839,-0.00608,-0.042268787,-0.06619719,0.09023179,0.06599321,0.07722091,0.091735534,0.10485396,0.15354839,0.046110515,-0.06619719,0.06096290316336942,0,"{""type"":""MultiPoint"",""coordinates"":[]}"
2480_0,0.473397,0.42078364,0.377731,0.33919737,0.57214886,0.58539206,0.64832896,0.6763466,0.54451233,0.58303887,0.71359575,0.65173286,0.71359575,0.5488504,0.33919737,0.11628751635644233,0,"{""type"":""MultiPoint"",""coordinates"":[]}"
2481_0,0.16877937,0.16801758,0.1733159,0.13336368,0.13004485,0.2363739,0.08668797,0.20513819,0.21885066,0.1359404,0.14204222,0.20422651,0.2363739,0.16689843,0.08668797,0.04175347277572129,0,"{""type"":""MultiPoint"",""coordinates"":[]}"
2482_0,0.45562434,0.53052634,0.39705133,0.45573255,0.6687612,0.6770064,0.5338364,0.54491305,0.61769545,0.55662245,0.52286774,0.582684,0.6770064,0.54527676,0.39705133,0.08075211427968985,0,"{""type"":""MultiPoint"",""coordinates"":[]}"
2483_0,0.4847591,0.43670124,0.3640789,0.49566013,0.40832758,0.3748103,0.3496437,0.5081474,0.52606636,0.380382,0.48184156,0.4486692,0.52606636,0.43825728,0.3496437,0.05894109703013578,0,"{""type"":""MultiPoint"",""coordinates"":[]}"
2484_0,0.24667089,0.19256224,0.112250715,0.40487805,0.40308747,0.48264414,0.30352408,0.2543933,0.25011227,0.54511744,0.29340225,0.41899443,0.54511744,0.32563645,0.112250715,0.12096906645189033,0,"{""type"":""MultiPoint"",""coordinates"":[]}"
2485_0,0.25776398,0.25726873,0.23657346,0.3282918,0.47657657,0.4513113,0.6696017,0.31480545,0.6064442,0.7258841,0.22911964,0.45379025,0.7258841,0.41728592,0.22911964,0.16788415665477027,0,"{""type"":""MultiPoint"",""coordinates"":[]}"
2486_0,0.555699,0.5446465,0.51589614,0.53,0.73931533,0.51816523,0.55714285,0.62343097,0.6709764,0.45325205,0.5176327,0.62065405,0.73931533,0.5705676,0.45325205,0.07576270886647996,0,"{""type"":""MultiPoint"",""coordinates"":[]}"
2487_0,0.55219704,0.62382793,0.43829355,0.7007201,0.60551125,0.5323916,0.5825243,0.70912594,0.75174636,0.722239,0.700126,0.69967866,0.75174636,0.63486516,0.43829355,0.09096931397613173,0,"{""type"":""MultiPoint"",""coordinates"":[]}"
2488_0,0.5484897,0.5616708,0.45505226,0.5902705,0.68421054,0.55084443,0.5952091,0.5227616,0.5264624,0.70219606,0.6580909,0.614192,0.70219606,0.58412087,0.45505226,0.06899599347289602,0,"{""type"":""MultiPoint"",""coordinates"":[]}"
2489_0,0.4617976,0.35233474,0.23986487,0.49525803,0.5978836,0.6056338,0.61944026,0.5832909,0.64692533,0.6497545,0.63646346,0.6197183,0.6497545,0.54236376,0.23986487,0.12527709696214376,0,"{""type"":""MultiPoint"",""coordinates"":[]}"
2490_0,0.55513614,0.58941084,0.506694,0.60240006,0.7237729,0.7325833,0.69343066,0.7301227,0.7286477,0.75035733,0.5687681,0.6709613,0.75035733,0.6543571,0.506694,0.08119323196721033,0,"{""type"":""MultiPoint"",""coordinates"":[]}"
2491_0,0.67228264,0.6935051,0.5295736,0.5978581,0.64957714,0.5266182,0.7929515,0.666002,0.80704296,0.8305482,0.697112,0.7146106,0.8305482,0.6814735,0.5266182,0.09455695380848851,0,"{""type"":""MultiPoint"",""coordinates"":[]}"
2492_0,0.44491327,0.39358747,0.32231814,0.4108984,0.5886525,0.4969153,0.5433667,0.33266932,0.50720924,0.78399336,0.6331539,0.2885452,0.78399336,0.47885188,0.2885452,0.13826228540443067,0,"{""type"":""MultiPoint"",""coordinates"":[]}"
2493_0,0.41231126,0.39307186,0.32478866,0.41311234,0.42198235,0.3418682,0.27597404,0.37912673,0.30805686,0.27265066,0.38744077,0.4077956,0.42198235,0.36151496,0.27265066,0.05230170355964667,0,"{""type"":""MultiPoint"",""coordinates"":[]}"
2494_0,0.15116696,0.097364895,0.15853113,0.13151364,0.056854457,0.12704754,0.06784141,0.128057,0.12542373,0.15164836,0.086060606,0.14322917,0.15853113,0.11872824,0.056854457,0.032437765938992794,0,"{""type"":""MultiPoint"",""coordinates"":[]}"
2495_0,0.50857717,0.4777202,0.39569736,0.371266,0.6860773,0.74631554,0.7143506,0.48292682,0.80955434,0.8118569,0.41320452,0.6285422,0.8118569,0.58717406,0.371266,0.15692316294979777,0,"{""type"":""MultiPoint"",""coordinates"":[]}"
2496_0,0.46509072,0.45897943,0.41157383,0.47842985,0.5031222,0.50019574,0.55375254,0.50766456,0.6062516,0.57328045,0.60201514,0.6209844,0.6209844,0.523445,0.41157383,0.06406465901664125,0,"{""type"":""MultiPoint"",""coordinates"":[]}"
2497_0,0.31586513,0.33590177,0.2838837,0.3004651,0.4516501,0.41992807,0.4179041,0.46396202,0.5065536,0.5671694,0.6569264,0.42473635,0.6569264,0.42874548,0.2838837,0.10726164600310882,0,"{""type"":""MultiPoint"",""coordinates"":[]}"
2498_0,0.23225655,0.19795223,0.15170771,0.096063636,0.25239146,0.26894018,0.22243714,0.21037737,0.2063044,0.26086956,0.21953838,0.17600973,0.26894018,0.20790403,0.096063636,0.046762490686324404,0,"{""type"":""MultiPoint"",""coordinates"":[]}"
2499_0,0.36034912,0.60215056,0.48363423,0.68887573,0.7850525,0.74549,0.6649529,0.75015616,0.7039548,0.5724138,0.4785686,0.12718205,0.7850525,0.5802317,0.12718205,0.18399165420904257,0,"{""type"":""MultiPoint"",""coordinates"":[]}"
2500_0,0.5864979,0.4020443,0.36671907,0.4666095,0.586879,0.6894298,0.5143568,0.6206744,0.48514852,0.6710474,0.6215526,0.4648289,0.6894298,0.539649,0.36671907,0.10032499652412152,0,"{""type"":""MultiPoint"",""coordinates"":[]}"
2501_0,0.30416578,0.30859217,0.3017586,0.24235882,0.34441558,0.8320402,0.74170077,0.514338,0.03837472,0.8631859,0.8352367,0.42790335,0.8631859,0.4795059,0.03837472,0.26320017960709147,0,"{""type"":""MultiPoint"",""coordinates"":[]}"
2502_0,0.18480878,0.24459495,0.20155571,0.23398393,0.24768947,0.121458806,0.25415444,0.26345083,0.33965087,0.36512983,0.24086818,0.33256084,0.36512983,0.25249222,0.121458806,0.06565448787211825,0,"{""type"":""MultiPoint"",""coordinates"":[]}"
2503_0,0.42872718,0.41204676,0.38545653,0.48783976,0.58029556,0.7003006,0.7738151,0.69392633,0.7379953,0.6715889,0.63832587,0.5171252,0.7738151,0.5856203,0.38545653,0.12999211652856096,0,"{""type"":""MultiPoint"",""coordinates"":[]}"
2504_0,0.31560463,0.2688381,0.28323135,0.3200741,0.45653304,0.502708,0.49327123,0.47797716,0.31508213,0.4625191,0.32056892,0.2740833,0.502708,0.3742076,0.2688381,0.0904502595381939,0,"{""type"":""MultiPoint"",""coordinates"":[]}"
2505_0,0.40542084,0.37884146,0.3114835,0.26325452,0.26569217,0.4241948,0.3227822,0.21897934,0.59609455,0.61694914,0.41238752,0.50825083,0.61694914,0.39369425,0.21897934,0.12290957491616351,0,"{""type"":""MultiPoint"",""coordinates"":[]}"
2506_0,0.2513181,0.22012578,0.21641074,0.2533094,0.44805542,0.5082634,0.44320828,0.2552806,0.29433385,0.60765,0.44283512,0.2636816,0.60765,0.3503727,0.21641074,0.1263830438487698,0,"{""type"":""MultiPoint"",""coordinates"":[]}"
2507_0,0.41180164,0.4916221,0.39206535,0.4911442,0.5785228,0.5260208,0.60734147,0.46500945,0.6178467,0.6034985,0.5553705,0.484506,0.6178467,0.51872915,0.39206535,0.07237823036296707,0,"{""type"":""MultiPoint"",""coordinates"":[]}"
2508_0,0.5951126,0.5309804,0.39583334,0.57726926,0.7013216,0.41161928,0.7240156,0.70813185,0.80103934,0.82091796,0.7139446,0.71270424,0.82091796,0.6410742,0.39583334,0.13368999516664862,0,"{""type"":""MultiPoint"",""coordinates"":[]}"
2509_0,0.6563771,0.6934673,0.53520924,0.673716,0.77723855,0.84314734,0.82623595,0.77766234,0.36501715,0.8405369,0.7876944,0.7698733,0.84314734,0.71218127,0.36501715,0.13569957357566134,0,"{""type"":""MultiPoint"",""coordinates"":[]}"
2510_0,0.29572102,0.2583732,0.23589851,0.25281385,0.2855222,0.33456138,0.24267468,0.20019627,0.24497992,0.6333333,0.11174194,0.3499371,0.6333333,0.28714612,0.11174194,0.12000978088842156,0,"{""type"":""MultiPoint"",""coordinates"":[]}"
2511_0,0.27892235,0.11678366,0.13746537,0.017320804,0.07287146,0.22635259,0.07155123,0.17164424,0.32558754,0.54605263,0.021883288,0.14423077,0.54605263,0.1775555,0.017320804,0.14402273436703827,0,"{""type"":""MultiPoint"",""coordinates"":[]}"
2512_0,0.39184305,0.34295228,0.31711027,0.3553202,0.40351745,0.5163842,0.44359463,0.4424621,0.45567802,0.41603276,0.251172,0.46942616,0.5163842,0.40045777,0.251172,0.07057707744612078,0,"{""type"":""MultiPoint"",""coordinates"":[]}"
2513_0,0.07579462,-0.06397306,8.1455335E-4,-0.05612245,-0.11758119,0.122847304,0.13330439,0.31487888,0.031446543,0.06382979,0.16928658,0.029096479,0.31487888,0.058635205,-0.11758119,0.11259587552184223,0,"{""type"":""MultiPoint"",""coordinates"":[]}"
2514_0,0.3114383,0.4028777,0.24743444,0.43001467,0.5368503,0.4300331,0.43131673,0.44358796,0.2033152,0.35750544,0.24404272,0.32540676,0.5368503,0.36365193,0.2033152,0.09533387010923107,0,"{""type"":""MultiPoint"",""coordinates"":[]}"
2515_0,0.73755187,0.74238265,0.55891556,0.73637646,0.8426549,0.8102767,0.73383397,0.8007303,0.8636454,0.24574421,0.57814336,0.591224,0.8636454,0.68678993,0.24574421,0.16481113559353777,0,"{""type"":""MultiPoint"",""coordinates"":[]}"
2516_0,0.526069,0.5707787,0.57834333,0.62595624,0.66003615,0.61067504,0.32239002,0.5251979,0.2872234,0.6390625,0.70544755,0.6011797,0.70544755,0.5543633,0.2872234,0.1222451532653453,0,"{""type"":""MultiPoint"",""coordinates"":[]}"
2517_0,0.34389672,0.4122229,0.28070593,0.35642007,0.416246,0.46832642,0.3078612,0.33315173,0.33433026,0.31905782,0.32668066,0.273326,0.46832642,0.3476855,0.273326,0.05534919483369078,0,"{""type"":""MultiPoint"",""coordinates"":[]}"
2518_0,0.59416443,0.5610057,0.44783828,0.6101601,0.7165829,0.7723484,0.71462387,0.7467533,0.6169473,0.87275165,0.80028,0.80995727,0.87275165,0.68861777,0.44783828,0.11811689707007661,0,"{""type"":""MultiPoint"",""coordinates"":[]}"
2519_0,0.20661566,0.19727561,0.20987654,0.28961748,0.25419664,0.33645386,0.2189441,0.20765027,0.3201521,0.41150764,0.2790262,0.34539893,0.41150764,0.27305958,0.19727561,0.06624445130817244,0,"{""type"":""MultiPoint"",""coordinates"":[]}"
2520_0,0.39572448,0.3895131,0.29557863,0.41932523,0.4877408,0.10754098,0.5460095,0.38385206,0.559553,0.61649215,0.4464338,0.45176536,0.61649215,0.42496076,0.10754098,0.12776967786158,0,"{""type"":""MultiPoint"",""coordinates"":[]}"
2521_0,0.6463668,0.661265,0.5560376,0.70966,0.76653516,0.74417675,0.771831,0.7267267,0.58233196,0.7591952,0.7821677,0.72178805,0.7821677,0.7023402,0.5560376,0.07185535581758921,0,"{""type"":""MultiPoint"",""coordinates"":[]}"
2522_0,0.13893762,0.13218288,0.071759686,0.100652695,0.010459588,0.03954802,0.03093415,0.07331596,0.16694215,0.14175439,0.10186135,0.15808298,0.16694215,0.09720262,0.010459588,0.05000978868826757,0,"{""type"":""MultiPoint"",""coordinates"":[]}"
2523_0,0.2974239,0.26962024,0.33602583,0.36141384,0.58166575,0.20321971,0.30513918,0.4544438,0.5162367,0.49864352,0.13986208,0.4525066,0.58166575,0.36801678,0.13986208,0.12851233242379376,0,"{""type"":""MultiPoint"",""coordinates"":[]}"
2524_0,0.27792004,0.27813995,0.22724114,0.18549512,0.49670744,0.3819859,0.446339,0.70173174,0.29093146,0.37919825,0.4055465,0.56348246,0.70173174,0.3862266,0.18549512,0.14297056214864742,0,"{""type"":""MultiPoint"",""coordinates"":[]}"
2525_0,0.27934393,0.25259516,0.24148372,0.27865037,0.36121672,0.35026354,0.2551915,0.24475524,0.30658105,0.35179487,0.44212425,0.32176656,0.44212425,0.30714723,0.24148372,0.05821916790063536,0,"{""type"":""MultiPoint"",""coordinates"":[]}"
2526_0,0.07462686,0.10746427,0.16575909,0.093,-0.020920502,0.14043514,0.117713004,0.18147448,0.06542056,0.077873915,-0.0068879146,0.1225687,0.18147448,0.09321064,-0.020920502,0.0586997359599458,0,"{""type"":""MultiPoint"",""coordinates"":[]}"
2527_0,0.66464424,0.6521181,0.46583143,0.6178294,0.76899064,0.74558306,0.66573673,0.74481326,0.723437,0.77788126,0.5910442,0.76250684,0.77788126,0.68170136,0.46583143,0.08828199782170086,0,"{""type"":""MultiPoint"",""coordinates"":[]}"
2528_0,0.35569724,0.35941717,0.2581691,0.52162015,0.54222536,0.6454012,0.7242009,0.4428482,0.62183756,0.6071749,0.48774302,0.6443609,0.7242009,0.517558,0.2581691,0.13528212442529755,0,"{""type"":""MultiPoint"",""coordinates"":[]}"
2529_0,0.50828654,0.6008048,0.50567734,0.06376072,0.61900514,0.54356545,0.46995148,0.54985195,0.3202847,0.36788732,0.3581599,0.40758875,0.61900514,0.442902,0.06376072,0.14699862312754028,0,"{""type"":""MultiPoint"",""coordinates"":[]}"
2530_0,0.27367762,0.2549197,0.2215922,0.30510107,0.5143737,0.47368422,0.4742744,0.75532186,0.42224905,0.30036065,0.79850745,0.8453746,0.8453746,0.46995303,0.2215922,0.21154007035433045,0,"{""type"":""MultiPoint"",""coordinates"":[]}"
2531_0,0.50810015,0.46026832,0.36594018,0.46185997,0.55210423,0.513411,0.5019531,0.44305068,0.38788754,0.614654,0.4948592,0.48192772,0.614654,0.48216802,0.36594018,0.06420324374955999,0,"{""type"":""MultiPoint"",""coordinates"":[]}"
2532_0,0.44244805,0.46076882,0.36945033,0.44289407,0.36086345,0.19136496,0.27652395,0.4646824,0.2735621,0.2639138,0.3351565,0.26554734,0.4646824,0.34559798,0.19136496,0.08852094936454614,0,"{""type"":""MultiPoint"",""coordinates"":[]}"
2533_0,0.2483011,0.24471445,0.21494909,0.24318819,0.31840572,0.3384904,0.2588924,0.52040327,0.44577116,0.5596518,0.48759493,0.45288247,0.5596518,0.36110374,0.21494909,0.11927119389588971,0,"{""type"":""MultiPoint"",""coordinates"":[]}"
2534_0,0.53181607,0.5183879,0.36303717,0.11240721,0.606848,0.39314073,0.5555057,0.4322462,0.7404334,0.611557,0.5650061,0.458996,0.7404334,0.49078178,0.11240721,0.15165333160077557,0,"{""type"":""MultiPoint"",""coordinates"":[]}"
2535_0,0.3818866,0.35445878,0.35827726,0.43234906,0.48872182,0.4027673,0.31837708,0.33581048,0.40610227,0.45722005,0.55417454,0.5011601,0.55417454,0.4159421,0.31837708,0.06959159003466416,0,"{""type"":""MultiPoint"",""coordinates"":[]}"
2536_0,0.7119485,0.74292916,0.6077886,0.8100823,0.84731776,0.8739003,0.8382895,0.66815203,0.7656904,0.7765328,0.7787122,0.75343233,0.8739003,0.76456463,0.6077886,0.07296622259945053,0,"{""type"":""MultiPoint"",""coordinates"":[]}"
2537_0,0.49245626,0.1937255,0.13036524,0.1590106,0.2707308,0.35238966,0.4834233,0.5353344,0.5852465,0.6963828,0.72965455,0.55530214,0.72965455,0.4320018,0.13036524,0.19765052750634898,0,"{""type"":""MultiPoint"",""coordinates"":[]}"
2538_0,0.64462584,0.63153785,0.5671949,0.6656117,0.7425522,0.51855934,0.7154023,0.72331655,0.7938144,0.70405984,0.55477387,0.6244266,0.7938144,0.6571563,0.51855934,0.07941347749065204,0,"{""type"":""MultiPoint"",""coordinates"":[]}"
2539_0,0.23907216,0.20304568,0.22720695,0.28642267,0.24828179,0.25236592,0.26362747,0.43485394,0.59808195,0.6872964,0.46802595,0.41706926,0.6872964,0.36044586,0.20304568,0.15275054078374775,0,"{""type"":""MultiPoint"",""coordinates"":[]}"
2540_0,0.3676764,0.33231786,0.2590507,0.30252102,0.43239725,0.32134292,0.46423358,0.37259063,0.3463964,0.3275488,0.429402,0.37770692,0.46423358,0.3610987,0.2590507,0.056592508946654574,0,"{""type"":""MultiPoint"",""coordinates"":[]}"
2541_0,0.3125443,0.2810201,0.26761952,0.28224775,0.37088847,0.361028,0.3157474,0.29663366,0.29608515,0.46368715,0.38968167,0.3340448,0.46368715,0.33093566,0.26761952,0.0543266452384085,0,"{""type"":""MultiPoint"",""coordinates"":[]}"
2542_0,0.47386032,0.3762172,0.3108764,0.51175004,0.58376694,0.3324681,0.516428,0.45677695,0.6517793,0.7538376,0.7501329,0.64687663,0.7538376,0.53039753,0.3108764,0.14423787928546866,0,"{""type"":""MultiPoint"",""coordinates"":[]}"
2543_0,0.38072917,0.45093715,0.3074687,0.47752127,0.5358903,0.46596858,0.5625318,0.5644794,0.736119,0.7527917,0.578769,0.6548825,0.7527917,0.53900737,0.3074687,0.12790308673249481,0,"{""type"":""MultiPoint"",""coordinates"":[]}"
2544_0,0.37674418,0.37332085,0.26775956,0.39874676,0.48978886,0.3353234,0.7407523,0.3640553,0.4781966,0.5832663,0.4601381,0.3508908,0.7407523,0.43491524,0.26775956,0.1223014024083682,0,"{""type"":""MultiPoint"",""coordinates"":[]}"
2545_0,0.47348586,0.62031966,0.5739326,0.36516264,0.5233114,0.30761138,0.48391363,0.46487007,0.21212122,0.62956035,0.0036429872,0.48349056,0.62956035,0.42845187,0.0036429872,0.17386534957738498,0,"{""type"":""MultiPoint"",""coordinates"":[]}"
2546_0,0.43841335,0.3802651,0.3452055,0.51338875,0.55789477,0.4129693,0.41243473,0.40267858,0.43356973,0.38779527,0.318481,0.30328494,0.55789477,0.4088651,0.30328494,0.07030718193396739,0,"{""type"":""MultiPoint"",""coordinates"":[]}"
2547_0,0.37854737,0.22463632,0.17597552,0.055550016,0.17520475,0.30939427,0.11433318,0.18073857,0.111047015,0.3120155,0.21841581,0.15041962,0.37854737,0.20052317,0.055550016,0.09012721686423529,0,"{""type"":""MultiPoint"",""coordinates"":[]}"
2548_0,0.32994235,0.3324003,0.2655844,0.42520028,0.5439694,0.6117582,0.5960537,0.4945221,0.60720134,0.5263702,0.3054619,0.3117117,0.6117582,0.445848,0.2655844,0.12633626897614333,0,"{""type"":""MultiPoint"",""coordinates"":[]}"
2549_0,0.33801404,0.28835583,0.23905882,0.22498554,0.22580644,0.25381306,0.30403426,0.19362187,0.44752476,0.6021622,0.3414397,0.33100158,0.6021622,0.31581816,0.19362187,0.10902348560396186,0,"{""type"":""MultiPoint"",""coordinates"":[]}"
2550_0,0.13347921,0.097297296,0.13728549,0.079642154,0.03122498,0.0630269,0.05354347,0.09048179,0.102706455,0.05023548,0.11404562,0.10702841,0.13728549,0.08833311,0.03122498,0.032114046995580674,0,"{""type"":""MultiPoint"",""coordinates"":[]}"
2551_0,0.7613948,0.670398,0.3213671,0.45466667,0.3517339,0.6869824,0.8402971,0.7655386,0.6935484,0.7566901,0.26513934,0.5404424,0.8402971,0.5923499,0.26513934,0.18982217488737463,0,"{""type"":""MultiPoint"",""coordinates"":[]}"
2552_0,0.2018244,0.20838185,0.18085381,0.18115136,0.12802249,0.12069258,0.12664065,0.28267476,0.01586418,0.20686015,0.2922252,0.1699282,0.2922252,0.17625996,0.01586418,0.07134561793315579,0,"{""type"":""MultiPoint"",""coordinates"":[]}"
2553_0,0.5714516,0.6306609,0.46064302,0.4467598,0.66623163,0.2846553,0.7085967,0.69536877,0.13683297,0.7730945,0.66192275,0.70927733,0.7730945,0.5621246,0.13683297,0.18538747867570304,0,"{""type"":""MultiPoint"",""coordinates"":[]}"
2554_0,0.6385466,0.6485788,0.5314423,0.6061999,0.6860195,0.6669733,0.6774498,0.66338634,0.066294484,0.6914714,0.6607355,0.6887287,0.6914714,0.6021522,0.066294484,0.16713268470405085,0,"{""type"":""MultiPoint"",""coordinates"":[]}"
2555_0,0.45965713,0.45693836,0.42968464,0.5466635,0.25493562,0.25238097,0.22971374,0.23378995,0.30427352,0.5328404,0.3587321,0.39005005,0.5466635,0.370805,0.22971374,0.11069272458289849,0,"{""type"":""MultiPoint"",""coordinates"":[]}"
2556_0,0.19672741,0.25743073,0.26237288,0.37392303,0.3872584,0.56363636,0.44622174,0.476259,0.6007036,0.74269515,0.67897826,0.68931067,0.74269515,0.47295976,0.19672741,0.1759573756228929,0,"{""type"":""MultiPoint"",""coordinates"":[]}"
2557_0,0.4353206,0.50485724,0.39587143,0.6429122,0.5793536,0.45813397,0.54284275,0.5321337,0.6443515,0.5041716,0.2712269,0.3241951,0.6443515,0.4862809,0.2712269,0.11114261496321666,0,"{""type"":""MultiPoint"",""coordinates"":[]}"
2558_0,0.24203503,0.21109338,0.174761,-0.0033854586,0.24814321,0.2329205,0.20056151,0.31612357,0.35381356,0.420765,0.34285715,0.37353325,0.420765,0.25943515,-0.0033854586,0.10851517276873329,0,"{""type"":""MultiPoint"",""coordinates"":[]}"
2559_0,0.43921447,0.42711586,0.43111512,0.45304778,0.5824378,0.5714967,0.5054565,0.5158794,0.5252611,0.58711565,0.59884226,0.5301086,0.59884226,0.51392424,0.42711586,0.06104866823302967,0,"{""type"":""MultiPoint"",""coordinates"":[]}"
2560_0,0.3471666,0.3626653,0.3310208,0.38587514,0.5410448,0.42857143,0.47579908,0.5060729,0.7590705,0.7473915,0.67710197,0.5792683,0.7590705,0.51175404,0.3310208,0.14592160843405444,0,"{""type"":""MultiPoint"",""coordinates"":[]}"
2561_0,0.66729414,0.658512,0.4125446,0.5218503,0.78671694,0.80370516,0.72878534,0.82819295,0.7718736,0.8831589,0.7792642,0.78407246,0.8831589,0.7188309,0.4125446,0.12926207598107986,0,"{""type"":""MultiPoint"",""coordinates"":[]}"
2562_0,0.37393352,0.31131247,0.25459877,0.32393637,0.32574525,0.42124933,0.40385124,0.29649806,0.34974873,0.40188995,0.4825315,0.39000878,0.4825315,0.36127532,0.25459877,0.06028387572554509,0,"{""type"":""MultiPoint"",""coordinates"":[]}"
2563_0,0.08653273,0.08612531,0.15537359,0.18573868,0.10946447,0.12122745,0.09861933,0.13378523,0.11079944,0.13865641,0.02476483,0.11896243,0.18573868,0.11417083,0.02476483,0.0384012409454067,0,"{""type"":""MultiPoint"",""coordinates"":[]}"
2564_0,0.4311828,0.489301,0.46057883,0.47739744,0.66613525,0.82682586,0.65373963,0.25184223,0.38237336,0.020289855,0.32763228,0.25462013,0.82682586,0.43682656,0.020289855,0.20666772015059234,0,"{""type"":""MultiPoint"",""coordinates"":[]}"
2565_0,0.63978714,0.5690906,0.39018503,0.48959473,0.41776562,0.1855549,0.22807017,0.16023605,0.40314135,0.486911,0.69827586,0.4865811,0.69827586,0.42959946,0.16023605,0.16357379108001696,0,"{""type"":""MultiPoint"",""coordinates"":[]}"
2566_0,0.46223566,0.45309383,0.36996904,0.3806363,0.6010556,0.34987834,0.36253253,0.5766085,0.36837882,0.43993232,0.7043787,0.3212928,0.7043787,0.44916603,0.3212928,0.11399090103619963,0,"{""type"":""MultiPoint"",""coordinates"":[]}"
2567_0,0.29156625,0.23791821,0.2092539,0.18003565,0.5806703,0.65585333,0.5612739,0.20924574,0.5823251,0.62283385,0.18634813,0.31776023,0.65585333,0.38625705,0.18003565,0.1862653438303178,0,"{""type"":""MultiPoint"",""coordinates"":[]}"
2568_0,0.60122234,0.5716216,0.39098346,0.66008914,0.75352633,0.7105263,0.6551724,0.6578235,0.6934801,0.8044986,0.68486667,0.69800293,0.8044986,0.6568178,0.39098346,0.09954287689318211,0,"{""type"":""MultiPoint"",""coordinates"":[]}"
2569_0,-0.027314112,-0.24208376,-0.0067512826,-0.12778236,-0.042424243,0.82857144,-0.27853882,0.11608961,-0.5765878,0.09636651,-0.050623626,-0.3075571,0.82857144,-0.051552963,-0.5765878,0.3243091685145109,0,"{""type"":""MultiPoint"",""coordinates"":[]}"
2570_0,0.5703463,0.6562245,0.4887774,0.5275491,0.6715422,0.70161486,0.6640701,0.6213705,0.6275395,0.783811,0.7119114,0.54858,0.783811,0.6311114,0.4887774,0.08152899046874763,0,"{""type"":""MultiPoint"",""coordinates"":[]}"
2571_0,0.25631285,0.26156798,0.21856867,0.23227176,0.2782324,0.15432994,0.18087596,0.15924528,0.4276923,0.64537066,0.7022704,0.2944882,0.7022704,0.3176022,0.15432994,0.17416941257724403,0,"{""type"":""MultiPoint"",""coordinates"":[]}"
2572_0,0.58757144,0.565332,0.47789824,0.63030475,0.7377943,0.69869775,0.66719323,0.6738847,0.22094241,0.57575756,0.6585909,0.6827586,0.7377943,0.5980605,0.22094241,0.13241193483130423,0,"{""type"":""MultiPoint"",""coordinates"":[]}"
2573_0,0.33706674,0.35914308,0.3198519,0.26393628,0.31927997,0.28150722,0.47739184,0.4824747,0.5499607,0.5882353,0.5045624,0.350641,0.5882353,0.4028376,0.26393628,0.10610861856652223,0,"{""type"":""MultiPoint"",""coordinates"":[]}"
2574_0,0.6950648,0.6847675,0.33816963,0.22331154,0.16040462,0.38838476,0.7277311,0.67688024,0.26704547,0.020319303,-0.05639615,-0.015555556,0.7277311,0.3425106,-0.05639615,0.2810644301749133,0,"{""type"":""MultiPoint"",""coordinates"":[]}"
2575_0,0.3243979,0.37126714,0.25041458,0.35012594,0.50043213,0.43438178,0.43362832,0.47658944,0.5878099,0.47676638,0.47658402,0.45983934,0.5878099,0.42851976,0.25041458,0.08685284133411922,0,"{""type"":""MultiPoint"",""coordinates"":[]}"
2576_0,0.26762557,0.2391841,0.20271535,0.23576614,0.22659828,0.2840997,0.31059507,0.23748212,0.45254865,0.44845814,0.14707239,0.24612288,0.45254865,0.2748557,0.14707239,0.08756522429241792,0,"{""type"":""MultiPoint"",""coordinates"":[]}"
2577_0,0.3955185,0.45449576,0.38779095,0.45520362,0.44512948,0.64813733,0.59386283,0.5137514,0.4295302,0.6743839,0.39990354,0.68566316,0.68566316,0.5069476,0.38779095,0.10833051147195906,0,"{""type"":""MultiPoint"",""coordinates"":[]}"
2578_0,0.3139601,0.32247558,0.25666052,0.423881,0.22228809,0.36174864,0.4269251,0.3303421,0.272509,0.53780615,0.12257697,0.3536021,0.53780615,0.32873127,0.12257697,0.10269749961771563,0,"{""type"":""MultiPoint"",""coordinates"":[]}"
2579_0,0.65,0.65367967,0.48911798,0.5880169,0.7619401,0.7800202,0.7921694,0.7532411,0.29562044,0.83744395,0.7961401,0.78506273,0.83744395,0.68187106,0.29562044,0.15225389646790546,0,"{""type"":""MultiPoint"",""coordinates"":[]}"
2580_0,0.57311815,0.5388724,0.42246878,0.46698,0.581758,0.5877942,0.5927829,0.59935415,0.5666837,0.5528521,0.6233306,0.59350294,0.6233306,0.5582915,0.42246878,0.055714567608839534,0,"{""type"":""MultiPoint"",""coordinates"":[]}"
2581_0,0.37385792,0.35834196,0.30205086,0.31707317,0.53006274,0.5083724,0.55571955,0.45163536,0.382263,0.3172829,0.52332485,0.4317757,0.55571955,0.42098004,0.30205086,0.08782504588573734,0,"{""type"":""MultiPoint"",""coordinates"":[]}"
2582_0,0.36660373,0.35361624,0.38205165,0.3056277,0.38745746,0.39716518,0.2916201,0.3582799,0.08506441,-0.15866742,0.496112,0.2721342,0.496112,0.29475543,-0.15866742,0.16585912727072247,0,"{""type"":""MultiPoint"",""coordinates"":[]}"
2583_0,0.34832692,0.3322785,0.32740664,0.38508064,0.49845362,0.29872495,0.52667207,0.264013,0.63235295,0.37915128,0.38868275,0.41493112,0.63235295,0.39967287,0.264013,0.10083361378631603,0,"{""type"":""MultiPoint"",""coordinates"":[]}"
2584_0,0.14893617,0.24233738,0.17649537,0.23501763,0.23038936,0.27665058,0.3049473,0.22855134,0.004382121,0.2830754,0.09535452,0.24979068,0.3049473,0.20632732,0.004382121,0.08312833762936099,0,"{""type"":""MultiPoint"",""coordinates"":[]}"
2585_0,0.5541682,0.63125765,0.4239246,0.63993686,0.77684563,0.80103093,0.7509748,0.793456,0.8004738,0.79988295,0.78164077,0.7389017,0.80103093,0.7077078,0.4239246,0.115758299351496,0,"{""type"":""MultiPoint"",""coordinates"":[]}"
2586_0,0.04812834,0.0022558814,0.081441365,-0.042214595,-0.040806968,-0.062208015,-0.046091914,-0.07303877,0.02646118,0.0578125,0.04768883,0.10686805,0.10686805,0.008857991,-0.07303877,0.05811359880982708,0,"{""type"":""MultiPoint"",""coordinates"":[]}"
2587_0,0.4242964,0.4132557,0.25350395,0.46100116,0.5273457,0.60085183,0.5691789,0.5949779,0.73982924,0.7496807,0.45466074,0.6897133,0.7496807,0.539858,0.25350395,0.1411570167604098,0,"{""type"":""MultiPoint"",""coordinates"":[]}"
2588_0,0.29688814,0.3095094,0.2952735,0.36302033,0.34043583,0.38715595,0.367428,0.43861386,0.59714043,0.62356794,0.4722182,0.34200183,0.62356794,0.40277112,0.2952735,0.10596959008683923,0,"{""type"":""MultiPoint"",""coordinates"":[]}"
2589_0,0.3899868,0.3791209,0.386284,0.43139163,0.53358823,0.58147717,0.48078135,0.5610019,0.42547426,0.41283807,0.4970102,0.44404566,0.58147717,0.46025002,0.3791209,0.06679617638393824,0,"{""type"":""MultiPoint"",""coordinates"":[]}"
2590_0,0.31929183,0.6102273,0.38059115,0.48286802,0.7512496,0.8314088,0.5613987,0.5291873,0.6879056,0.79277956,0.29723758,0.49753696,0.8314088,0.56180686,0.29723758,0.17157197902776364,0,"{""type"":""MultiPoint"",""coordinates"":[]}"
2591_0,0.64240026,0.7001536,0.583365,0.7567415,0.83993,0.8250692,0.7913718,0.8506358,0.31504762,0.77566457,0.81979585,0.67475975,0.8506358,0.7145779,0.31504762,0.14513072618153314,0,"{""type"":""MultiPoint"",""coordinates"":[]}"
2592_0,0.6494287,0.6508744,0.52918464,0.4012474,0.58960176,0.65675056,0.5804712,0.57450116,0.79273504,0.7507987,0.6493586,0.7140988,0.79273504,0.62825423,0.4012474,0.09986297237651333,0,"{""type"":""MultiPoint"",""coordinates"":[]}"
2593_0,0.66080403,0.67851776,0.5826087,0.6495494,0.7378678,0.79286057,0.7861956,0.7394889,0.70924073,0.7846154,0.73432344,0.6955407,0.79286057,0.71263444,0.5826087,0.06048242673002641,0,"{""type"":""MultiPoint"",""coordinates"":[]}"
2594_0,0.32156295,0.33665764,0.33066025,0.41665012,0.54861575,0.28188464,0.4991189,0.4063518,0.1354569,0.19699249,0.35942635,0.20512821,0.54861575,0.33654216,0.1354569,0.11677835681404616,0,"{""type"":""MultiPoint"",""coordinates"":[]}"
2595_0,0.4517454,0.39250374,0.34240726,0.37440327,0.41522568,0.49736008,0.50853676,0.38689408,0.5284757,0.521216,0.5895007,0.5249523,0.5895007,0.46110174,0.34240726,0.07432503660664272,0,"{""type"":""MultiPoint"",""coordinates"":[]}"
2596_0,0.55029285,0.5661538,0.46316594,0.39865837,0.49816513,0.5863278,0.7210482,0.36913896,0.7621744,0.74091387,0.47115636,0.52348804,0.7621744,0.55422366,0.36913896,0.12411401337843941,0,"{""type"":""MultiPoint"",""coordinates"":[]}"
2597_0,0.59020174,0.5641932,0.41672564,0.5099079,0.65557164,0.79075944,0.7870487,0.8201998,0.86472386,0.86706495,0.7992765,0.7803327,0.86706495,0.7038338,0.41672564,0.14442200524107732,0,"{""type"":""MultiPoint"",""coordinates"":[]}"
2598_0,0.48901594,0.4812557,0.5112206,0.65412027,0.74067724,0.7505169,0.7402176,0.6187378,0.4917268,0.5008071,0.4694163,0.43735763,0.7505169,0.5737558,0.43735763,0.11419568579017486,0,"{""type"":""MultiPoint"",""coordinates"":[]}"
2599_0,0.42087543,0.37470725,0.31291154,0.3939696,0.6654512,0.55840313,0.68167394,0.70197487,0.39181286,0.43148243,0.5550134,0.42929292,0.70197487,0.4931307,0.31291154,0.12801257762366877,0,"{""type"":""MultiPoint"",""coordinates"":[]}"
2600_0,0.49436393,0.48624575,0.45053214,0.054140914,0.68144363,0.3001446,0.30510315,0.4011976,0.6691604,0.75076455,0.74626535,0.6959344,0.75076455,0.50294137,0.054140914,0.2066599839336988,0,"{""type"":""MultiPoint"",""coordinates"":[]}"
2601_0,0.553592,0.58922297,0.5321033,0.46143213,0.5785308,0.30424887,0.26022714,0.4522948,0.07257605,0.4958645,0.54273415,0.5776675,0.58922297,0.45170784,0.07257605,0.15280285194345194,0,"{""type"":""MultiPoint"",""coordinates"":[]}"
2602_0,0.5799147,0.65046537,0.5020248,0.65263414,0.77054554,0.7790531,0.73877364,0.73137856,0.7807775,0.82247555,0.7294813,0.68715525,0.82247555,0.70205665,0.5020248,0.08875742884876683,0,"{""type"":""MultiPoint"",""coordinates"":[]}"
2603_0,0.27469626,0.2665923,0.21272476,0.2869081,0.30977333,0.3024081,0.3814433,0.5044224,0.2219593,0.80850023,0.6918796,0.4384414,0.80850023,0.39164576,0.21272476,0.1813557095016328,0,"{""type"":""MultiPoint"",""coordinates"":[]}"
2604_0,0.30963302,0.35640138,0.22280243,0.24841149,0.29889297,0.34629157,0.36064473,0.18037319,0.491358,0.49376115,0.28882834,0.46589446,0.49376115,0.33860773,0.18037319,0.09829700330171667,0,"{""type"":""MultiPoint"",""coordinates"":[]}"
2605_0,0.23907454,0.2894144,0.27759197,0.33665836,0.5906773,0.5718431,0.61789197,0.6216216,0.45076784,0.33310935,0.5423679,0.35742298,0.6216216,0.43570346,0.23907454,0.13947500567355803,0,"{""type"":""MultiPoint"",""coordinates"":[]}"
2606_0,0.2455365,0.25603217,0.21553646,0.2962071,0.3704172,0.30583757,0.29081315,0.49051142,0.7395602,0.7773883,0.7386849,0.7632893,0.7773883,0.4574845,0.21553646,0.22060469689984205,0,"{""type"":""MultiPoint"",""coordinates"":[]}"
2607_0,0.15125136,0.109532915,0.17092867,0.18621539,0.16141409,0.21691543,0.14068826,0.13842864,0.22088724,0.23614846,0.25816023,0.2838579,0.2838579,0.18953572,0.109532915,0.05125389352419099,0,"{""type"":""MultiPoint"",""coordinates"":[]}"
2608_0,0.4026836,0.4074546,0.3007258,0.48574752,0.46471602,0.40156755,0.43972245,0.46729776,0.7098311,0.77272725,0.75050884,0.70176023,0.77272725,0.5253952,0.3007258,0.15484328816004644,0,"{""type"":""MultiPoint"",""coordinates"":[]}"
2609_0,0.47166187,0.53939396,0.43110186,0.44948894,0.44985104,0.53021395,0.54609585,0.5679779,0.7138921,0.7928676,0.5930118,0.5196876,0.7928676,0.55043703,0.43110186,0.10402731930504812,0,"{""type"":""MultiPoint"",""coordinates"":[]}"
2610_0,0.42785695,0.48032722,0.21067488,0.21676368,0.28676713,0.33126166,0.15032388,0.22017866,0.13569638,0.75373876,0.57246375,0.64054227,0.75373876,0.36888295,0.13569638,0.19575519616442397,0,"{""type"":""MultiPoint"",""coordinates"":[]}"
2611_0,0.21542417,0.32482043,0.20597485,0.29144982,0.60523087,0.19036755,0.6107383,0.37112623,0.5964989,0.4766949,0.13148543,0.36217794,0.6107383,0.36516577,0.13148543,0.16429707337272648,0,"{""type"":""MultiPoint"",""coordinates"":[]}"
2612_0,0.51429176,0.54299515,0.37894335,0.38043138,0.65514165,0.3792106,0.5613134,0.44230768,0.7180936,0.7551153,0.6700173,0.6832988,0.7551153,0.55676335,0.37894335,0.13330385360664618,0,"{""type"":""MultiPoint"",""coordinates"":[]}"
2613_0,0.08104089,0.35007262,0.20751026,0.07526882,0.32427844,0.29228488,-0.021212121,0.26256984,0.16139767,0.20689656,0.41917503,-0.34475806,0.41917503,0.16787706,-0.34475806,0.1964376277165911,0,"{""type"":""MultiPoint"",""coordinates"":[]}"
2614_0,0.48759848,0.4678899,0.3553815,0.41146103,0.60009557,0.6032787,0.5115607,0.59037405,0.101356745,0.770362,0.7495854,0.68856585,0.770362,0.5281258,0.101356745,0.17778603834380027,0,"{""type"":""MultiPoint"",""coordinates"":[]}"
2615_0,0.32660976,0.28874025,0.23151702,0.28388017,0.44048467,0.5139482,0.50401604,0.38015965,0.80223596,0.76006484,0.66100734,0.57238305,0.80223596,0.4804206,0.23151702,0.18192099082927451,0,"{""type"":""MultiPoint"",""coordinates"":[]}"
2616_0,0.11851852,0.06538049,0.008631964,0.052728105,0.18451613,0.04180791,0.3911854,0.5675048,0.17994723,0.37714285,0.11067772,-0.08672567,0.5675048,0.16760963,-0.08672567,0.1801228001753201,0,"{""type"":""MultiPoint"",""coordinates"":[]}"
2617_0,0.41362697,0.42090395,0.39328536,0.41533417,0.45366675,0.3980534,0.3900135,0.41913342,0.69521266,0.832636,0.60247624,0.5689143,0.832636,0.5002714,0.3900135,0.13767518232111642,0,"{""type"":""MultiPoint"",""coordinates"":[]}"
2618_0,0.1922191,0.17750798,0.2042056,0.19338843,0.1787764,0.22295082,0.1582213,0.1955211,0.07627027,0.16657504,0.17652717,0.18893515,0.22295082,0.17759153,0.07627027,0.03469454851289901,0,"{""type"":""MultiPoint"",""coordinates"":[]}"
2619_0,0.33351648,0.35919696,0.37901664,0.2800761,0.46043926,0.2069848,0.49721104,0.37512437,0.3859649,0.44651484,0.10917766,0.35067406,0.49721104,0.34865808,0.10917766,0.10393225122680827,0,"{""type"":""MultiPoint"",""coordinates"":[]}"
2620_0,0.31752104,0.28968045,0.23631962,0.2640163,0.43927962,0.37513512,0.38115734,0.3156733,0.30738682,0.33766937,0.70008874,0.35215604,0.70008874,0.35967365,0.23631962,0.11517133157684664,0,"{""type"":""MultiPoint"",""coordinates"":[]}"
2621_0,0.43547738,0.45412728,0.40295565,0.4959115,0.62068206,0.43302038,0.6175,0.6619318,0.48208776,0.42626435,0.26,0.26105514,0.6619318,0.46258444,0.26,0.1219404709203943,0,"{""type"":""MultiPoint"",""coordinates"":[]}"
2622_0,0.079673134,0.067379676,0.10004151,0.37311286,0.700841,0.7350398,0.80135596,0.7668488,0.62878096,0.5951276,0.45157525,0.3823439,0.80135596,0.47351003,0.067379676,0.2631393383090879,0,"{""type"":""MultiPoint"",""coordinates"":[]}"
2623_0,0.6290809,0.44899517,0.45167652,0.57064795,0.7927928,0.75475633,0.55757326,0.74523866,0.38122743,0.84101266,0.8311547,0.81376946,0.84101266,0.6514938,0.38122743,0.15910727260339924,0,"{""type"":""MultiPoint"",""coordinates"":[]}"
2624_0,0.6249348,0.67560667,0.59125525,0.5878587,0.7208343,0.73371786,0.6851683,0.5818139,0.50334513,0.6887059,0.5639836,0.5810625,0.73371786,0.6281906,0.50334513,0.06828736836935134,0,"{""type"":""MultiPoint"",""coordinates"":[]}"
2625_0,-0.26071742,-0.3170418,0.042861365,0.040425297,-0.16506718,-0.20165034,-0.08524833,-0.6077348,-0.40085837,-0.34913793,-0.2734177,-0.55248094,0.042861365,-0.26083902,-0.6077348,0.1963441997689561,0,"{""type"":""MultiPoint"",""coordinates"":[]}"
2626_0,0.6275954,0.667426,0.49190673,0.7259642,0.7717582,0.6947218,0.75698113,0.745229,0.83948773,0.7610829,0.05033003,0.6921451,0.83948773,0.65205234,0.05033003,0.1996837179983133,0,"{""type"":""MultiPoint"",""coordinates"":[]}"
2627_0,0.30312115,0.27918783,0.26955354,0.31933564,0.4110672,0.46455467,0.43141663,0.41978022,0.24253117,0.35223693,0.5866745,0.29197994,0.5866745,0.36428663,0.24253117,0.09637611736831962,0,"{""type"":""MultiPoint"",""coordinates"":[]}"
2628_0,0.6020897,0.6458271,0.44782674,0.5595544,0.71065325,0.8015026,0.6646884,0.65688807,0.6136035,0.73565805,0.7151214,0.6382429,0.8015026,0.6493047,0.44782674,0.08722457001838983,0,"{""type"":""MultiPoint"",""coordinates"":[]}"
2629_0,0.23710293,0.4979487,0.42807883,0.5717355,0.45587,0.41287595,0.5911458,0.5424779,0.5643785,0.58313316,0.32504904,0.24044003,0.5911458,0.45418635,0.23710293,0.12346928245512087,0,"{""type"":""MultiPoint"",""coordinates"":[]}"
2630_0,0.5622457,0.54596204,0.40713325,0.5399166,0.71954024,0.7406047,0.4340293,0.5993547,0.7512101,0.7930283,0.7197908,0.76097304,0.7930283,0.63114905,0.40713325,0.1276397036166012,0,"{""type"":""MultiPoint"",""coordinates"":[]}"
2631_0,0.59078985,0.55719554,0.41612267,0.5540793,0.6418919,0.62889165,0.6037637,0.58324766,0.65208113,0.6710642,0.5268888,0.6130031,0.6710642,0.586585,0.41612267,0.06572570856558396,0,"{""type"":""MultiPoint"",""coordinates"":[]}"
2632_0,0.4478708,0.51937985,0.40556473,0.5151794,0.7238145,0.6785,0.7859991,0.73045224,0.41337684,0.35856196,0.63163596,0.7750521,0.7859991,0.5821156,0.35856196,0.14963138779181823,0,"{""type"":""MultiPoint"",""coordinates"":[]}"
2633_0,0.22769064,0.1951466,0.19583023,0.118838094,0.18960108,0.3046485,0.15350969,0.25439036,-0.03433796,0.253886,0.32030264,0.27262378,0.32030264,0.20434414,-0.03433796,0.09170266223071437,0,"{""type"":""MultiPoint"",""coordinates"":[]}"
2634_0,0.67669266,0.6189834,0.49980572,0.63932943,0.6798656,0.68046176,0.6587014,0.5590484,0.6786337,0.76584554,0.75929755,0.77561975,0.77561975,0.66602373,0.49980572,0.07820896491321365,0,"{""type"":""MultiPoint"",""coordinates"":[]}"
2635_0,0.4318182,0.36235037,0.32284263,0.26068735,0.24444444,0.17454545,0.31958762,0.5349964,0.7223414,0.71522456,0.5298326,0.5378684,0.7223414,0.4297116,0.17454545,0.17225222124525205,0,"{""type"":""MultiPoint"",""coordinates"":[]}"
2636_0,0.35123226,0.3902439,0.28715876,0.41062307,0.4611347,0.5269184,0.5803681,0.4080489,0.70275044,0.46948788,0.6597774,0.59201646,0.70275044,0.48664668,0.28715876,0.12196716283377321,0,"{""type"":""MultiPoint"",""coordinates"":[]}"
2637_0,0.3201348,0.30299854,0.27686742,0.40705383,0.3419885,0.35952604,0.3772973,0.24350771,0.60637915,0.6405784,0.53364366,0.46873486,0.6405784,0.40655917,0.24350771,0.12367530931772086,0,"{""type"":""MultiPoint"",""coordinates"":[]}"
2638_0,0.37919915,0.287163,0.23944645,0.2989605,0.38760108,0.20872109,0.4406743,0.32235745,0.54203933,0.52880126,0.30817267,0.3420179,0.54203933,0.35709617,0.20872109,0.10001903154550629,0,"{""type"":""MultiPoint"",""coordinates"":[]}"
2639_0,0.358372,0.32917625,0.332014,0.044666156,0.62675714,0.49989203,0.6211914,0.5900051,0.5493609,0.6549458,0.5688282,0.5770796,0.6549458,0.4793574,0.044666156,0.17215617438355832,0,"{""type"":""MultiPoint"",""coordinates"":[]}"
2640_0,0.3270925,0.33481276,0.3409407,0.38022655,0.43731195,0.50555557,0.27097395,0.3183246,0.17779994,0.34373716,0.47658402,0.4714936,0.50555557,0.36540446,0.17779994,0.09057648879910168,0,"{""type"":""MultiPoint"",""coordinates"":[]}"
2641_0,0.22220717,0.2236842,0.22687067,0.23419145,0.21189427,0.24815725,0.44,0.68312246,0.14696969,0.25874126,0.6718676,0.7473368,0.7473368,0.3595869,0.14696969,0.20802578160512825,0,"{""type"":""MultiPoint"",""coordinates"":[]}"
2642_0,0.14978066,0.14835691,0.1535887,0.13326031,0.052321445,0.13037926,0.016790316,-0.01836932,0.06324111,0.0025575447,0.1054735,0.1567413,0.1567413,0.09117681,-0.01836932,0.06197270341234583,0,"{""type"":""MultiPoint"",""coordinates"":[]}"
2643_0,0.44795442,0.41350552,0.35590592,0.48763493,0.5805568,0.6088649,0.6032672,0.5229807,0.54833,0.5849302,0.5297218,0.4921324,0.6088649,0.51464874,0.35590592,0.07558572671413301,0,"{""type"":""MultiPoint"",""coordinates"":[]}"
2644_0,0.3591005,0.38218024,0.30186915,0.463426,0.4884206,0.42007637,0.4287984,0.6531114,0.5871446,0.6425238,0.5320088,0.48402828,0.6531114,0.47855735,0.30186915,0.10528997219100096,0,"{""type"":""MultiPoint"",""coordinates"":[]}"
2645_0,0.32578242,0.1661442,0.21336536,0.44532487,0.36772645,0.52671117,0.77275383,0.22545454,0.1326915,0.059504133,0.2669903,0.19779354,0.77275383,0.30835354,0.059504133,0.18902686536181437,0,"{""type"":""MultiPoint"",""coordinates"":[]}"
2646_0,0.4063882,0.39531514,0.30398127,0.4776193,0.4942832,0.38633195,0.6050831,0.2687282,0.84857607,0.7146259,0.42167598,0.57764673,0.84857607,0.49168792,0.2687282,0.1620269209147632,0,"{""type"":""MultiPoint"",""coordinates"":[]}"
2647_0,0.5648834,0.5436996,0.42275515,0.48922056,0.6159961,0.57070893,0.6616314,0.6563659,0.547486,0.7706161,0.70788974,0.5844319,0.7706161,0.59464043,0.42275515,0.09109772110890306,0,"{""type"":""MultiPoint"",""coordinates"":[]}"
2648_0,0.26163855,0.25189018,0.24097176,0.2349689,0.33785856,0.24738675,0.27503362,0.4270734,0.49535382,0.43256816,0.025320226,0.33066934,0.49535382,0.29672778,0.025320226,0.11707207615240058,0,"{""type"":""MultiPoint"",""coordinates"":[]}"
2649_0,0.4938088,0.45912275,0.44490513,0.449117,0.52464974,0.18454936,0.5401997,0.46589538,0.6578313,0.14149444,0.0482585,0.63241106,0.6578313,0.42018694,0.0482585,0.18457794052501725,0,"{""type"":""MultiPoint"",""coordinates"":[]}"
2650_0,0.27147576,0.21876833,0.21964239,0.30096078,0.27789828,0.31576115,0.26190773,0.24412094,0.118515395,0.34948605,0.2448265,0.32879817,0.34948605,0.2626801,0.118515395,0.058967917377819756,0,"{""type"":""MultiPoint"",""coordinates"":[]}"
2651_0,0.49124667,0.47528917,0.4283154,0.49478874,0.43455964,0.5324875,0.541502,0.48871467,0.5799632,0.58739597,0.53417593,0.47881514,0.58739597,0.5056045,0.4283154,0.04857363110065945,0,"{""type"":""MultiPoint"",""coordinates"":[]}"
2652_0,0.5489362,0.54303765,0.41882008,0.6011593,0.599311,0.5389478,0.6878981,0.5344681,0.77691644,0.8417752,0.68981373,0.6677325,0.8417752,0.6207347,0.41882008,0.11242695178282437,0,"{""type"":""MultiPoint"",""coordinates"":[]}"
2653_0,0.35630965,0.32704234,0.28756756,0.27690893,0.55606997,0.4388824,0.40335017,0.23278986,0.5121951,0.41011673,0.40578035,0.31606218,0.55606997,0.37692294,0.23278986,0.09230507348521219,0,"{""type"":""MultiPoint"",""coordinates"":[]}"
2654_0,0.56023544,0.5534415,0.53621703,0.60872465,0.7011043,0.5303179,0.44890314,0.47556844,0.58661675,0.62623334,0.59791666,0.526087,0.7011043,0.56261384,0.44890314,0.06509385713360938,0,"{""type"":""MultiPoint"",""coordinates"":[]}"
2655_0,0.3837183,0.44819474,0.39716476,0.63136923,0.3085013,0.5561133,0.4607546,0.3141123,0.772791,0.760917,0.65389013,0.5360599,0.772791,0.51863223,0.3085013,0.15363980836060256,0,"{""type"":""MultiPoint"",""coordinates"":[]}"
2656_0,0.4324223,0.47233605,0.37465906,0.4348249,0.46066305,0.43639475,0.44839713,0.381782,0.5471204,0.735363,0.71564656,0.53017753,0.735363,0.49748224,0.37465906,0.11272226060152597,0,"{""type"":""MultiPoint"",""coordinates"":[]}"
2657_0,0.40924093,0.43436405,0.42747766,0.4856834,0.55861324,0.42226797,0.48566702,0.5009006,0.11660211,0.4911978,0.5239332,0.41086152,0.55861324,0.4389008,0.11660211,0.10742683392886657,0,"{""type"":""MultiPoint"",""coordinates"":[]}"
2658_0,0.58876115,0.57537687,0.43827623,0.4913663,0.7128172,0.72142315,0.6136986,0.60983396,0.59671575,0.7524784,0.67444646,0.6540362,0.7524784,0.61910254,0.43827623,0.08840621021865086,0,"{""type"":""MultiPoint"",""coordinates"":[]}"
2659_0,0.6487833,0.6585366,0.44615385,0.7108296,0.80616117,0.81706655,0.82222223,0.7796985,0.8146718,0.81524926,0.1480597,0.67934644,0.82222223,0.6788983,0.1480597,0.19177149558341425,0,"{""type"":""MultiPoint"",""coordinates"":[]}"
2660_0,0.23734534,0.26609963,0.20947325,0.4260473,0.3936064,0.43659943,0.4896997,0.43681538,0.6173913,0.75146085,0.5146067,0.6118205,0.75146085,0.44924715,0.20947325,0.15594590645491604,0,"{""type"":""MultiPoint"",""coordinates"":[]}"
2661_0,0.33208656,0.31878173,0.32988003,0.2164609,0.3378658,0.30972943,0.41994825,0.42413113,0.3824254,0.30839828,0.3304185,0.27949327,0.42413113,0.33246827,0.2164609,0.05487753109111759,0,"{""type"":""MultiPoint"",""coordinates"":[]}"
2662_0,0.4101743,0.44800287,0.34605262,0.6286133,0.67219794,0.54257095,0.5620983,0.634974,0.27067015,0.7771776,0.71531135,0.550621,0.7771776,0.5465387,0.27067015,0.14631672007343485,0,"{""type"":""MultiPoint"",""coordinates"":[]}"
2663_0,0.50241053,0.4527429,0.32522798,0.37078652,0.5576414,0.58494455,0.5,0.4028056,0.34776798,0.67677486,0.7295418,0.7670843,0.7670843,0.518144,0.32522798,0.14258395663603915,0,"{""type"":""MultiPoint"",""coordinates"":[]}"
2664_0,0.6280526,0.619256,0.5319822,0.648189,0.6779234,0.48872727,0.69677734,0.6284929,0.578509,0.72788745,0.6325167,0.6531477,0.72788745,0.6259551,0.48872727,0.0641305848438029,0,"{""type"":""MultiPoint"",""coordinates"":[]}"
2665_0,0.5852822,0.5160695,0.4188117,0.4638961,0.6869392,0.6572569,0.58653843,0.5946164,0.5475553,0.7922501,0.819714,0.7293233,0.819714,0.6165211,0.4188117,0.11940662990551476,0,"{""type"":""MultiPoint"",""coordinates"":[]}"
2666_0,0.5632823,0.6310384,0.4340627,0.657805,0.7899498,0.8124125,0.76039934,0.80695164,0.80330366,0.80713487,0.7879064,0.729121,0.8124125,0.71528065,0.4340627,0.11535737195859903,0,"{""type"":""MultiPoint"",""coordinates"":[]}"
2667_0,0.1215534,0.09842041,0.15656401,0.045024592,0.25732723,0.26234087,0.23286892,0.23182571,0.23894545,0.07705192,0.08099924,0.09288406,0.26234087,0.15798382,0.045024592,0.07784924355066959,0,"{""type"":""MultiPoint"",""coordinates"":[]}"
2668_0,0.46623793,0.448935,0.41468513,0.6402074,0.5663303,0.4900466,0.63731384,0.5726731,0.34649122,0.41947335,0.50560826,0.46578783,0.6402074,0.49781585,0.34649122,0.08684932383257767,0,"{""type"":""MultiPoint"",""coordinates"":[]}"
2669_0,0.34503192,0.7580006,0.5245196,0.21047917,0.15974025,0.42630744,0.7855799,0.562249,0.14608234,0.472982,0.74308604,0.14817466,0.7855799,0.44018608,0.14608234,0.23230156519413941,0,"{""type"":""MultiPoint"",""coordinates"":[]}"
2670_0,0.5347141,0.51008564,0.48910943,0.5775644,0.6301314,0.47423628,0.61172163,0.34233704,0.41299206,0.6528926,0.3427762,0.25848663,0.6528926,0.48642063,0.25848663,0.12047152694050395,0,"{""type"":""MultiPoint"",""coordinates"":[]}"
2671_0,0.012634965,0.030523919,0.040017985,0.002569043,-0.01344364,-0.0011461318,0.017682282,0.0024396856,0.11452439,0.0,4.5724737E-4,0.020594966,0.11452439,0.01890456,-0.01344364,0.032212394123257805,0,"{""type"":""MultiPoint"",""coordinates"":[]}"
2672_0,0.44969696,0.37902927,0.30431914,0.3456526,0.7434663,0.72150123,0.71588784,0.4974596,0.71319443,0.7934541,0.5992122,0.41975307,0.7934541,0.55688554,0.30431914,0.16912748314569406,0,"{""type"":""MultiPoint"",""coordinates"":[]}"
2673_0,0.21690886,0.22597402,0.2353441,0.2292125,0.20154873,0.299543,0.15287285,0.24953096,0.16083254,0.17040358,0.23482586,0.19834222,0.299543,0.2146116,0.15287285,0.0394886753784433,0,"{""type"":""MultiPoint"",""coordinates"":[]}"
2674_0,0.71555436,0.7742114,0.6214908,0.5352911,0.61265105,0.24745876,0.6614674,0.6401384,0.75435936,0.7569992,0.6280042,0.6522314,0.7742114,0.63332146,0.24745876,0.13442789618188755,0,"{""type"":""MultiPoint"",""coordinates"":[]}"
2675_0,0.17910261,0.14994882,0.14847054,0.14187485,0.1437729,0.14834048,0.10690634,0.125,0.10103278,0.16606498,0.27995813,0.17725933,0.27995813,0.15564431,0.10103278,0.04410657297292889,0,"{""type"":""MultiPoint"",""coordinates"":[]}"
2676_0,0.2948574,0.3086244,0.29035318,0.45594215,0.39981446,0.41106424,0.103056766,0.41676992,0.6396396,0.802589,0.5942029,0.17259324,0.802589,0.40745893,0.103056766,0.18960516439393194,0,"{""type"":""MultiPoint"",""coordinates"":[]}"
2677_0,0.45297727,0.39258805,0.30537573,0.5475378,0.59185916,0.48644793,0.5968018,0.53055334,0.6186528,0.7246086,0.80637026,0.6320719,0.80637026,0.5571537,0.30537573,0.13211340694194995,0,"{""type"":""MultiPoint"",""coordinates"":[]}"
2678_0,0.27255726,0.26210827,0.19480044,0.13308635,0.07768801,0.44175136,0.3253012,0.22990654,0.030136986,-0.06879362,0.17321527,0.2844388,0.44175136,0.19634974,-0.06879362,0.13304638777062272,0,"{""type"":""MultiPoint"",""coordinates"":[]}"
2679_0,0.65539986,0.540931,0.47990417,0.37679124,0.68637836,0.7631579,0.77074456,0.28827038,0.7943963,0.8021688,0.46626687,0.53406435,0.8021688,0.5965395,0.28827038,0.16632416658359775,0,"{""type"":""MultiPoint"",""coordinates"":[]}"
2680_0,0.5569231,0.48453608,0.3889737,0.5840309,0.6286501,0.6658625,0.66887414,0.75411636,0.7783483,0.8195402,0.6884204,0.7251128,0.8195402,0.6452824,0.3889737,0.11989589873868295,0,"{""type"":""MultiPoint"",""coordinates"":[]}"
2681_0,0.6359466,0.47005686,0.3387071,-0.032365147,0.78975093,0.74856466,0.71749526,0.57604724,0.47821733,0.6810036,0.7083126,0.7768094,0.78975093,0.57404554,-0.032365147,0.22640210549072642,0,"{""type"":""MultiPoint"",""coordinates"":[]}"
2682_0,0.30932507,0.2606303,0.21272264,0.251,0.36232582,0.40619138,0.33638212,0.33776405,0.3358572,0.3441718,0.52547395,0.4288039,0.52547395,0.34255403,0.21272264,0.08088152585790856,0,"{""type"":""MultiPoint"",""coordinates"":[]}"
2683_0,0.14033681,0.15974844,0.15126939,0.19840214,0.28216705,0.29947916,0.30824572,0.21110947,0.5652174,0.6507683,0.17650919,0.5549121,0.6507683,0.30818042,0.14033681,0.17289191247586788,0,"{""type"":""MultiPoint"",""coordinates"":[]}"
2684_0,0.35594186,0.33180517,0.3168427,0.25105932,0.4793238,0.45236188,0.42748272,0.43135744,0.53832006,0.5892686,0.06434024,0.47254726,0.5892686,0.39255425,0.06434024,0.13499478145823732,0,"{""type"":""MultiPoint"",""coordinates"":[]}"
2685_0,0.33127844,0.38255033,0.4081126,0.4175772,0.4477166,0.31750315,0.36890757,0.53242433,0.44015518,0.39205956,0.5799139,0.34682378,0.5799139,0.4137519,0.31750315,0.07505015702959361,0,"{""type"":""MultiPoint"",""coordinates"":[]}"
2686_0,-0.2355967,-0.24086423,-0.004149378,-0.01784329,-0.04422663,0.024529845,-0.11556657,0.21708184,-0.11470477,-0.034548946,0.031301484,-0.074865244,0.21708184,-0.050787717,-0.24086423,0.11792566657001514,0,"{""type"":""MultiPoint"",""coordinates"":[]}"
2687_0,0.5914489,0.6701794,0.45940343,0.6602333,0.75323474,0.29347163,0.8025401,0.74034435,0.7351963,0.24081632,0.6579505,0.6057593,0.8025401,0.6008815,0.24081632,0.17253655446030006,0,"{""type"":""MultiPoint"",""coordinates"":[]}"
2688_0,0.62986165,0.57873565,0.44975096,0.57348067,0.5432654,0.6586818,0.7818817,0.73873186,0.69957083,0.6731764,0.66907376,0.68562263,0.7818817,0.64015275,0.44975096,0.08738631039173393,0,"{""type"":""MultiPoint"",""coordinates"":[]}"
2689_0,0.021931512,-0.0068775793,0.048466314,-0.02072476,-0.0539439,0.049987182,-0.08347766,-0.01705604,-0.020041805,-0.06045273,-0.05676127,-0.013176144,0.049987182,-0.01767724,-0.08347766,0.04049354221899498,0,"{""type"":""MultiPoint"",""coordinates"":[]}"
2690_0,0.71691364,0.73305196,0.554776,0.4989157,0.7518139,0.8266397,0.85243934,0.71870303,0.7918797,0.6342669,0.7231174,0.60303855,0.85243934,0.700463,0.4989157,0.10324296320012549,0,"{""type"":""MultiPoint"",""coordinates"":[]}"
2691_0,0.3930959,0.36395553,0.31786543,0.3627153,0.4480932,0.3943503,0.48544455,0.48868778,0.3657858,0.39464495,0.4208582,0.36910924,0.48868778,0.40038386,0.31786543,0.0496496876704997,0,"{""type"":""MultiPoint"",""coordinates"":[]}"
2692_0,0.24896924,0.31333333,0.2321247,0.37027347,0.29959366,0.28627732,0.32673267,0.4916129,0.07113876,0.6169978,0.5097447,0.54557896,0.6169978,0.3593648,0.07113876,0.1485549146445997,0,"{""type"":""MultiPoint"",""coordinates"":[]}"
2693_0,0.24189526,0.20333962,0.1716136,0.2417154,0.45737663,0.42394823,0.35388127,0.2881356,0.24464487,0.22070196,0.435207,0.29012346,0.45737663,0.29771525,0.1716136,0.09284497666839997,0,"{""type"":""MultiPoint"",""coordinates"":[]}"
2694_0,0.23363364,0.39048672,0.20075998,0.28016734,0.80589867,0.7090909,0.43886054,0.78690284,0.86107725,0.7528517,0.04640285,0.40625,0.86107725,0.49269855,0.04640285,0.2665160944562161,0,"{""type"":""MultiPoint"",""coordinates"":[]}"
2695_0,0.5048402,0.41822174,0.39370385,0.48048326,0.40078202,0.5596381,0.4816747,0.67758846,0.60619277,0.7004662,0.56384593,0.63789594,0.7004662,0.53544444,0.39370385,0.1013018510198612,0,"{""type"":""MultiPoint"",""coordinates"":[]}"
2696_0,0.22900365,0.14164706,0.18031359,0.22689752,0.22851153,0.25080386,0.20991421,0.19235812,0.22952087,0.21774931,0.26797882,0.2583005,0.26797882,0.21941659,0.14164706,0.0336532307806764,0,"{""type"":""MultiPoint"",""coordinates"":[]}"
2697_0,0.37354282,0.35641548,0.31016043,0.47858885,0.54267484,0.41098902,0.32640883,0.5623722,0.43476912,0.69500864,0.48411497,0.5518395,0.69500864,0.46057373,0.31016043,0.10933267875711114,0,"{""type"":""MultiPoint"",""coordinates"":[]}"
2698_0,0.5784216,0.5846922,0.45522287,0.6239198,0.70361674,0.7035895,0.73318535,0.7532228,0.80938417,0.7431694,0.7680459,0.72002923,0.80938417,0.68137497,0.45522287,0.09679804800464083,0,"{""type"":""MultiPoint"",""coordinates"":[]}"
2699_0,0.65297675,0.59508365,0.36995155,0.4974172,0.5572792,0.53871995,0.5535548,0.5665829,0.7357223,0.65321887,0.8095238,0.74501187,0.8095238,0.60625356,0.36995155,0.1157736874311899,0,"{""type"":""MultiPoint"",""coordinates"":[]}"
2700_0,0.21517028,0.31184834,0.23960827,0.32363978,0.6795025,0.15689635,0.76850915,0.7927412,0.8431523,0.86142707,0.84042716,0.8208212,0.86142707,0.5711453,0.15689635,0.2783330899346314,0,"{""type"":""MultiPoint"",""coordinates"":[]}"
2701_0,0.38011193,0.34377548,0.27144176,0.30706963,0.37451738,0.45165396,0.42003644,0.40603247,0.43475553,0.62580645,0.6208032,0.6612973,0.6612973,0.4414418,0.27144176,0.1228458139616396,0,"{""type"":""MultiPoint"",""coordinates"":[]}"
2702_0,0.53294253,0.51305246,0.41084132,0.52781427,0.7523122,0.71557885,0.68199736,0.6869524,0.7145794,0.7089872,0.7541458,0.73491544,0.7541458,0.6445099,0.41084132,0.1107121892675557,0,"{""type"":""MultiPoint"",""coordinates"":[]}"
2703_0,0.6339978,0.6856081,0.5137294,0.4835391,0.6706746,0.50006324,0.7194469,0.6322237,0.4903815,0.7291331,0.7820823,0.6930999,0.7820823,0.62783164,0.4835391,0.10041434299207894,0,"{""type"":""MultiPoint"",""coordinates"":[]}"
2704_0,0.5097287,0.6521282,0.523629,0.72208977,0.8208561,0.24953026,0.28811282,0.3166287,0.36097562,0.14929578,0.33159405,0.5222649,0.8208561,0.45390284,0.14929578,0.19642702496741876,0,"{""type"":""MultiPoint"",""coordinates"":[]}"
2705_0,0.5592424,0.6041761,0.4105203,0.23110914,0.32777488,0.23254646,0.30046022,0.4660465,0.24122669,-0.13994911,-0.13983051,-0.03504043,0.6041761,0.25485688,-0.13994911,0.23941616744932756,0,"{""type"":""MultiPoint"",""coordinates"":[]}"
2706_0,0.35722986,0.33803084,0.29270664,0.22169362,0.4716727,0.44295302,0.35730594,0.38528952,0.4458135,0.3110368,0.29389313,0.17362924,0.4716727,0.3409379,0.17362924,0.08595122228282753,0,"{""type"":""MultiPoint"",""coordinates"":[]}"
2707_0,0.4410922,0.7201682,0.6373901,0.25565082,0.24075197,0.80087453,0.8515382,0.2285811,0.016237978,0.59381044,0.81591773,0.5329071,0.8515382,0.51124334,0.016237978,0.26263172126120615,0,"{""type"":""MultiPoint"",""coordinates"":[]}"
2708_0,0.6614241,0.68269527,0.5643075,0.6413104,0.7853051,0.7773737,0.73034734,0.7666579,0.36549595,0.7647059,0.771529,0.78100556,0.7853051,0.69101316,0.36549595,0.11869474604705729,0,"{""type"":""MultiPoint"",""coordinates"":[]}"
2709_0,0.33032694,0.31895426,0.285191,0.12543382,0.62023425,0.6984644,0.48875034,0.43748108,0.60264504,0.6572597,0.5588889,0.5829904,0.6984644,0.47555166,0.12543382,0.169395514833149,0,"{""type"":""MultiPoint"",""coordinates"":[]}"
2710_0,0.26231498,0.58391124,0.39870426,0.60534394,0.4558239,0.7165578,0.61181974,0.7124446,0.44629014,0.6033909,0.7382667,0.77008975,0.77008975,0.57541317,0.26231498,0.14900413938555926,0,"{""type"":""MultiPoint"",""coordinates"":[]}"
2711_0,0.27919385,0.3457557,0.24427195,0.3401797,0.49213713,0.4122351,0.53944904,0.33450088,0.57463163,0.6956522,0.49917626,0.38680276,0.6956522,0.42866552,0.24427195,0.12773585042546748,0,"{""type"":""MultiPoint"",""coordinates"":[]}"
2712_0,0.2858358,0.3074842,0.21266581,0.2183182,0.24486242,0.12753037,0.13383566,0.36864823,0.47074234,0.72164947,0.43400678,0.2833638,0.72164947,0.31741193,0.12753037,0.15843048590708544,0,"{""type"":""MultiPoint"",""coordinates"":[]}"
2713_0,0.25554866,0.22241588,0.18923077,0.25486076,0.32466257,0.18931535,0.33715293,0.25919032,0.249555,0.3119243,0.33131748,0.24454148,0.33715293,0.26414296,0.18923077,0.049600310572966995,0,"{""type"":""MultiPoint"",""coordinates"":[]}"
2714_0,0.6,0.64847755,0.5202763,0.19444625,0.7347444,0.7509363,0.71465296,0.7797764,0.7693311,0.8046027,0.7626927,0.7477728,0.8046027,0.6689758,0.19444625,0.1636387129591274,0,"{""type"":""MultiPoint"",""coordinates"":[]}"
2715_0,0.46836638,0.5379294,0.4137776,0.6012573,0.43004483,0.53961825,0.49049255,0.47989145,0.7362356,0.36996806,0.67901236,0.6485087,0.7362356,0.5329252,0.36996806,0.10835579876127059,0,"{""type"":""MultiPoint"",""coordinates"":[]}"
2716_0,0.37967214,0.3860384,0.35765943,0.4257556,0.55081415,0.50632113,0.5634029,0.59249705,0.2462772,0.5122674,0.57258064,0.49662784,0.59249705,0.46582615,0.2462772,0.10174626507883355,0,"{""type"":""MultiPoint"",""coordinates"":[]}"
2717_0,0.30452633,0.2568934,0.24843049,0.21407868,0.13389747,0.19627441,0.34390652,0.3480715,0.58443666,0.760771,0.6395534,0.20074871,0.760771,0.35263237,0.13389747,0.1914043914284703,0,"{""type"":""MultiPoint"",""coordinates"":[]}"
2718_0,0.43686604,0.46073133,0.35637861,0.30855715,0.49855167,0.56891704,0.7116757,0.41893643,0.34748763,0.38210976,0.5217215,0.5267032,0.7116757,0.461553,0.30855715,0.10783471444277166,0,"{""type"":""MultiPoint"",""coordinates"":[]}"
2719_0,0.033218786,0.0661435,0.15757205,0.28510967,0.24749798,0.25498426,0.16658619,0.2098581,0.026757047,0.11492891,-0.05945946,-0.03469233,0.28510967,0.12237539,-0.05945946,0.11128539238443834,0,"{""type"":""MultiPoint"",""coordinates"":[]}"
2720_0,0.6293656,0.71596533,0.5283324,0.16857815,0.86057246,0.6363636,0.80766267,0.7256985,0.690505,0.7595945,0.7340952,0.78222626,0.86057246,0.6699133,0.16857815,0.17318357539832874,0,"{""type"":""MultiPoint"",""coordinates"":[]}"
2721_0,0.4788804,0.56218404,0.50553316,0.48992652,0.5676173,0.5011236,0.65869665,0.78121644,0.6110398,0.85667896,0.7299639,0.5262605,0.85667896,0.6057601,0.4788804,0.11978660599760291,0,"{""type"":""MultiPoint"",""coordinates"":[]}"
2722_0,0.57484776,0.49012777,0.27057528,0.32074535,0.30315664,0.24093124,0.43777534,0.42550424,0.28360876,0.3598234,0.46993318,0.31308413,0.57484776,0.37417608,0.24093124,0.09920070793678235,0,"{""type"":""MultiPoint"",""coordinates"":[]}"
2723_0,0.32325143,0.2735071,0.29320988,0.30701238,0.35710177,0.3110893,0.37643835,0.36691472,0.2623324,0.39732948,0.492163,0.39100584,0.492163,0.3459463,0.2623324,0.06178563396741483,0,"{""type"":""MultiPoint"",""coordinates"":[]}"
2724_0,0.2364597,0.17287137,0.23217116,0.09028177,0.12228078,0.16877405,0.09090909,0.09268021,0.12315095,-0.00693816,0.2996633,0.15476985,0.2996633,0.1480895,-0.00693816,0.07849807468530165,0,"{""type"":""MultiPoint"",""coordinates"":[]}"
2725_0,0.42920214,0.41536298,0.3538961,0.44660768,0.59052354,0.5062674,0.59736305,0.52242285,0.42309368,0.51595384,0.6083707,0.5205298,0.6083707,0.49413282,0.3538961,0.07773389379281238,0,"{""type"":""MultiPoint"",""coordinates"":[]}"
2726_0,0.58135796,0.6507137,0.45328262,0.5436093,0.8395912,0.7936104,0.6702664,0.6719784,0.8831291,0.87492895,0.7128238,0.70776755,0.8831291,0.69858825,0.45328262,0.12783054323027954,0,"{""type"":""MultiPoint"",""coordinates"":[]}"
2727_0,0.19328284,0.14687349,0.19121638,0.20317003,0.42794278,0.30546623,-0.14603175,0.34273213,0.017201541,0.21381886,0.15929204,0.16857143,0.42794278,0.18529467,-0.14603175,0.1413631240346226,0,"{""type"":""MultiPoint"",""coordinates"":[]}"
2728_0,0.46260032,0.44273743,0.35129473,0.46022624,0.54759824,0.61414295,0.5657524,0.6113297,0.5663251,0.517067,0.57609046,0.50823116,0.61414295,0.5186163,0.35129473,0.0745954867096969,0,"{""type"":""MultiPoint"",""coordinates"":[]}"
2729_0,0.48062742,0.48815978,0.37167427,0.4116755,0.34673366,0.361894,0.342977,0.50621283,0.46519336,0.34222737,0.6147404,0.4593813,0.6147404,0.43262476,0.34222737,0.08087473900225413,0,"{""type"":""MultiPoint"",""coordinates"":[]}"
2730_0,0.5927778,0.56570256,0.40586665,0.49183944,0.71240395,0.5631299,0.6705395,0.48801407,0.6159664,0.82481754,0.70502985,0.6029326,0.82481754,0.6032517,0.40586665,0.10948229964831484,0,"{""type"":""MultiPoint"",""coordinates"":[]}"
2731_0,0.27896994,0.2629985,0.2111993,0.10403185,0.33467743,0.32221162,0.2515867,0.24665391,0.19924398,0.28089887,-6.688963E-4,0.34604564,0.34604564,0.2364874,-6.688963E-4,0.0955764979711323,0,"{""type"":""MultiPoint"",""coordinates"":[]}"
2732_0,0.52398723,0.40732265,0.30967742,0.349,0.49522853,0.54927164,0.36853334,0.43470573,0.61519665,0.52593225,0.4343294,0.49074376,0.61519665,0.45866072,0.30967742,0.08661180609959569,0,"{""type"":""MultiPoint"",""coordinates"":[]}"
2733_0,0.5121951,0.55523807,0.46420255,0.47563025,0.55966556,0.5512893,0.55227727,0.5173469,-0.024376113,0.68761903,0.45132744,0.44989914,0.68761903,0.47935954,-0.024376113,0.16437703086524413,0,"{""type"":""MultiPoint"",""coordinates"":[]}"
2734_0,0.49297357,0.4534632,0.41586477,0.59495026,0.61137855,0.57588357,0.5573271,0.616366,0.6251849,0.74356794,0.7180705,0.54247725,0.74356794,0.578959,0.41586477,0.09257506337606161,0,"{""type"":""MultiPoint"",""coordinates"":[]}"
2735_0,0.23638287,0.2547145,0.22590922,0.23984143,0.3147184,0.26938593,0.38822404,0.3089701,0.08796659,0.5942589,0.4839477,0.36668628,0.5942589,0.3142505,0.08796659,0.1263650707880489,0,"{""type"":""MultiPoint"",""coordinates"":[]}"
2736_0,0.39598733,0.33015496,0.3443287,0.31683168,0.36186147,0.3303015,0.30749035,0.47852606,0.08452271,0.7287903,0.59669125,0.6082699,0.7287903,0.40697968,0.08452271,0.164584244321117,0,"{""type"":""MultiPoint"",""coordinates"":[]}"
2737_0,0.4994618,0.40446168,0.30745342,0.47338647,0.6182772,0.46138474,0.6271722,0.7802741,0.7600728,0.83582455,0.6938892,0.74352944,0.83582455,0.6004323,0.30745342,0.16160475033809887,0,"{""type"":""MultiPoint"",""coordinates"":[]}"
2738_0,0.53599113,0.5276035,0.51955307,0.56010103,0.77436584,0.7525773,0.7859327,0.7145484,0.63076925,0.6502255,0.6551724,0.59207696,0.7859327,0.6415764,0.51955307,0.09336779438896063,0,"{""type"":""MultiPoint"",""coordinates"":[]}"
2739_0,0.4508564,0.46707505,0.45193422,0.6744329,0.5462111,0.6175958,0.4374134,0.5204928,0.61746454,0.6791774,0.6585366,0.57061124,0.6791774,0.5576501,0.4374134,0.08788126137730644,0,"{""type"":""MultiPoint"",""coordinates"":[]}"
2740_0,0.60187906,0.63982433,0.5236161,0.66635424,0.6537918,0.7084001,0.7131474,0.7273812,0.84283787,0.86937046,0.7634217,0.7773982,0.86937046,0.7072852,0.5236161,0.0944657932857752,0,"{""type"":""MultiPoint"",""coordinates"":[]}"
2741_0,0.43381593,0.3219927,0.31173685,0.49210414,0.6007845,0.41691926,0.49050632,0.4174941,0.4778875,0.5719298,0.6229885,0.36773548,0.6229885,0.46049127,0.31173685,0.09792906118969011,0,"{""type"":""MultiPoint"",""coordinates"":[]}"
2742_0,0.44599053,0.41904184,0.40650636,0.5239923,0.6531191,0.6846164,0.6969697,0.6980527,0.2976005,0.7102079,0.6839598,0.65924275,0.7102079,0.57327497,0.2976005,0.13972002108484113,0,"{""type"":""MultiPoint"",""coordinates"":[]}"
2743_0,0.4644782,0.41001678,0.34014067,0.29589123,0.35487464,0.32864264,0.30938512,0.23594895,0.49799734,0.4548193,0.5880535,0.5231685,0.5880535,0.40028474,0.23594895,0.1016832518549278,0,"{""type"":""MultiPoint"",""coordinates"":[]}"
2744_0,0.5052883,0.3799155,0.29367226,0.3279396,0.31594488,0.3507326,0.55582285,0.6735176,0.6,0.71941525,0.6771857,0.60006124,0.71941525,0.49995798,0.29367226,0.15153542602963754,0,"{""type"":""MultiPoint"",""coordinates"":[]}"
2745_0,0.38546604,0.3780453,0.33256748,0.5867347,0.4871795,0.69549257,0.75920206,0.32823592,0.428002,0.7066155,0.6514812,0.55382216,0.75920206,0.5244037,0.32823592,0.14865744940689848,0,"{""type"":""MultiPoint"",""coordinates"":[]}"
2746_0,0.21235763,0.25454545,0.19409548,0.20508377,0.20297952,0.27016884,0.2852349,0.2,0.16397026,0.34955937,0.2037437,0.2936428,0.34955937,0.23628181,0.16397026,0.05167112212362352,0,"{""type"":""MultiPoint"",""coordinates"":[]}"
2747_0,0.42175066,0.45506793,0.3983615,0.26477024,0.44642857,0.6937023,0.79665494,0.5825969,0.794884,0.6132885,0.22024234,0.35995564,0.79665494,0.5039753,0.22024234,0.18405166397960043,0,"{""type"":""MultiPoint"",""coordinates"":[]}"
2748_0,0.32819292,0.32509825,0.2688331,0.41347358,0.43057996,0.36453745,0.42244408,0.19749217,0.53565943,0.55906594,0.48879716,0.5212381,0.55906594,0.40461767,0.19749217,0.10719604123848074,0,"{""type"":""MultiPoint"",""coordinates"":[]}"
2749_0,0.5277858,0.5298531,0.44701195,0.6486486,0.7309217,0.7163636,0.6552363,0.7334245,0.67255694,0.70823956,0.7013307,0.6478305,0.7334245,0.6432669,0.44701195,0.08874743495104252,0,"{""type"":""MultiPoint"",""coordinates"":[]}"
2750_0,0.29975787,0.29145017,0.28352144,0.2557696,0.24705054,0.3096822,0.26970956,0.10097018,0.35705906,0.4449761,0.27657658,0.4255765,0.4449761,0.29684165,0.10097018,0.0847550478320622,0,"{""type"":""MultiPoint"",""coordinates"":[]}"
2751_0,0.117258884,0.08571429,0.12721965,0.10282671,0.046737414,0.27540925,0.06341036,0.12389752,0.08425358,0.19400428,0.043824703,0.09982609,0.27540925,0.11369856,0.043824703,0.062419744118045246,0,"{""type"":""MultiPoint"",""coordinates"":[]}"
2752_0,0.18728477,0.19261713,0.18464091,0.08625544,0.17197452,0.42748415,0.15793227,0.19554317,0.40132546,0.46189025,0.069204904,0.32815647,0.46189025,0.23869245,0.069204904,0.12662232009803373,0,"{""type"":""MultiPoint"",""coordinates"":[]}"
2753_0,0.54116535,0.474713,0.47168818,0.48297215,0.5513599,0.30227345,0.4826119,0.48122868,0.47229064,0.7419825,0.6052905,0.49652973,0.7419825,0.5086755,0.30227345,0.0980357746050322,0,"{""type"":""MultiPoint"",""coordinates"":[]}"
2754_0,0.3382508,0.32371333,0.26853707,0.3598015,0.52309144,0.4642942,0.46628132,0.41016948,0.55197334,0.5389847,0.64298266,0.4742647,0.64298266,0.44686204,0.26853707,0.10524921524427161,0,"{""type"":""MultiPoint"",""coordinates"":[]}"
2755_0,0.6846534,0.70940894,0.6215491,0.75009495,0.7831796,0.7732961,0.72149473,0.7375946,0.37866792,0.74840087,0.77605116,0.7195886,0.7831796,0.7003317,0.37866792,0.10603370724584119,0,"{""type"":""MultiPoint"",""coordinates"":[]}"
2756_0,0.33714882,0.32741514,0.2984703,0.30490217,0.34671533,0.43466172,0.3324263,0.4484035,0.34960848,0.48052675,0.45700318,0.38718984,0.48052675,0.37537262,0.2984703,0.06101894734462958,0,"{""type"":""MultiPoint"",""coordinates"":[]}"
2757_0,0.17797287,0.17739403,0.16503528,0.1601482,0.36474696,0.37978142,0.2656377,0.18333982,0.29273245,0.58770466,0.6459798,0.33280963,0.6459798,0.3111069,0.1601482,0.15683573697675113,0,"{""type"":""MultiPoint"",""coordinates"":[]}"
2758_0,0.19700661,0.18022214,0.16679418,0.18085495,0.19919313,0.28995353,0.34205744,0.18629262,0.5502531,0.4839806,0.3187999,0.2180537,0.5502531,0.27612182,0.16679418,0.1219825581239001,0,"{""type"":""MultiPoint"",""coordinates"":[]}"
2759_0,0.307395,0.25646123,0.24642588,0.49218082,0.5507003,0.30241776,0.11803662,0.67178977,0.672531,0.57612985,0.22385587,0.5835685,0.672531,0.41679105,0.11803662,0.18563024163176153,0,"{""type"":""MultiPoint"",""coordinates"":[]}"
2760_0,0.5583824,0.55573,0.46072188,0.6249661,0.7725045,0.8215896,0.7996791,0.7287706,0.2254936,0.7205032,0.6976744,0.71608394,0.8215896,0.6401749,0.2254936,0.16264748676466775,0,"{""type"":""MultiPoint"",""coordinates"":[]}"
2761_0,0.31739855,0.32517546,0.2648759,0.38564274,0.49002674,0.38831443,0.5643332,0.4655582,0.27755567,0.4890017,0.39569232,0.34468636,0.5643332,0.3923551,0.2648759,0.08931300043414621,0,"{""type"":""MultiPoint"",""coordinates"":[]}"
2762_0,0.64396006,0.6377201,0.42877433,0.6116833,0.7079058,0.7805851,0.74114615,0.68,0.73440737,0.82929397,0.70619255,0.77141136,0.82929397,0.6894233,0.42877433,0.09946870621038612,0,"{""type"":""MultiPoint"",""coordinates"":[]}"
2763_0,0.6237566,0.5401694,0.37135115,0.39146715,0.5264163,0.72148544,0.79404145,0.3653113,0.58355796,0.88217896,0.7377869,0.3916226,0.88217896,0.57742876,0.3653113,0.17053899187191335,0,"{""type"":""MultiPoint"",""coordinates"":[]}"
2764_0,0.418861,0.37257618,0.3023691,0.33133733,0.56018907,0.42892006,0.48001757,0.3870102,0.42063907,0.47210032,0.4789065,0.44055945,0.56018907,0.42445716,0.3023691,0.06754043030549305,0,"{""type"":""MultiPoint"",""coordinates"":[]}"
2765_0,0.36801112,0.41333333,0.36782786,0.4841655,0.52930886,0.45940527,0.5246171,0.5100529,0.57905614,0.6512176,0.5863506,0.41185185,0.6512176,0.4904332,0.36782786,0.08617387909331208,0,"{""type"":""MultiPoint"",""coordinates"":[]}"
2766_0,0.69595665,0.6637462,0.5107124,0.6842339,0.82658684,0.20384014,0.810687,0.5974729,0.7126437,0.5584266,0.78403753,0.68045115,0.82658684,0.6440663,0.20384014,0.16136801533855366,0,"{""type"":""MultiPoint"",""coordinates"":[]}"
2767_0,0.44643962,0.48443338,0.37469438,0.47445875,0.6551193,0.7735849,0.74394464,0.5892639,0.6444709,0.54135484,0.5974324,0.4142601,0.7735849,0.5616214,0.37469438,0.12237670201633326,0,"{""type"":""MultiPoint"",""coordinates"":[]}"
2768_0,0.41471472,0.46822926,0.4363426,0.552381,0.34675738,0.42751563,0.552415,0.65645456,0.5460022,0.37904015,0.6586197,0.7755214,0.7755214,0.5178328,0.34675738,0.12417906190737592,0,"{""type"":""MultiPoint"",""coordinates"":[]}"
2769_0,0.12774451,0.14136125,0.1647868,0.0855358,0.07123728,0.064183384,0.07295285,0.10534509,0.024810126,-0.010297483,0.054138146,0.036548223,0.1647868,0.0781955,-0.010297483,0.04830506352925802,0,"{""type"":""MultiPoint"",""coordinates"":[]}"
2770_0,0.34002393,0.31483218,0.3153784,0.29383698,0.34632236,0.38890827,0.31827584,0.45035106,0.29181355,0.21585903,0.5779674,0.20546457,0.5779674,0.3382528,0.20546457,0.09612340532376121,0,"{""type"":""MultiPoint"",""coordinates"":[]}"
2771_0,0.5382331,0.51263285,0.46630728,0.22748847,0.49542534,0.49673954,0.53305537,0.4689864,0.02027027,0.33466935,0.4610502,0.5440313,0.5440313,0.42490745,0.02027027,0.15065666158533766,0,"{""type"":""MultiPoint"",""coordinates"":[]}"
2772_0,0.5954872,0.26134235,0.31492776,0.3392937,0.31895706,0.24043536,0.4501077,0.52288574,0.19346182,0.23356009,0.45699182,0.5156822,0.5954872,0.37026107,0.19346182,0.1272733587356769,0,"{""type"":""MultiPoint"",""coordinates"":[]}"
2773_0,0.3033493,0.2865294,0.23644352,0.31309068,0.4459944,0.15975359,0.11167946,0.27101412,0.6425983,0.53886694,-0.018418202,0.52307236,0.6425983,0.31783116,-0.018418202,0.18336182535128065,0,"{""type"":""MultiPoint"",""coordinates"":[]}"
2774_0,0.20120421,0.19852652,0.22985537,0.20751841,0.27212805,0.15590626,0.18971631,0.25529364,0.15725334,0.2680739,0.40622273,0.25056434,0.40622273,0.23268859,0.15590626,0.06453985836805831,0,"{""type"":""MultiPoint"",""coordinates"":[]}"
2775_0,0.3986014,0.31072876,0.24659231,0.27544954,0.81702864,0.31670588,0.28621006,0.3944491,0.38841942,0.91580313,0.4471343,0.48679578,0.91580313,0.4403265,0.24659231,0.20356718287794237,0,"{""type"":""MultiPoint"",""coordinates"":[]}"
2776_0,0.57329285,0.5394469,0.44186047,0.32824752,0.7021172,0.72951007,0.7302439,0.55908287,0.7467811,0.8110329,0.45620292,0.5437524,0.8110329,0.5967976,0.32824752,0.1410891640558084,0,"{""type"":""MultiPoint"",""coordinates"":[]}"
2777_0,0.16544567,0.11482534,0.21890016,0.14948848,-0.054937415,-0.040607344,0.100603625,0.13333334,0.07195888,0.16637427,0.15224047,0.22132035,0.22132035,0.11657882,-0.054937415,0.0843198476583411,0,"{""type"":""MultiPoint"",""coordinates"":[]}"
2778_0,0.46207297,0.44297352,0.3743072,0.38167498,0.6280338,0.60506195,0.43748194,0.3854714,0.5476478,0.4028169,0.6973752,0.27074236,0.6973752,0.46963832,0.27074236,0.11941345608209533,0,"{""type"":""MultiPoint"",""coordinates"":[]}"
2779_0,0.20730594,0.23894638,0.23491427,0.2688928,0.27418634,0.18295965,0.2919329,0.3491232,0.19869457,0.12128147,0.30017763,0.26968175,0.3491232,0.24484141,0.12128147,0.05843742469844592,0,"{""type"":""MultiPoint"",""coordinates"":[]}"
2780_0,0.4093765,0.40656063,0.2954169,0.37549406,0.5271778,0.5015145,0.4903717,0.36137494,0.6797092,0.7577887,0.5382346,0.6366048,0.7577887,0.498302,0.2954169,0.13328809970488398,0,"{""type"":""MultiPoint"",""coordinates"":[]}"
2781_0,0.6165413,0.6351946,0.47126108,0.63162243,0.68123394,0.19891545,0.68455,0.71686435,0.8063846,0.7507987,0.7166347,0.7457887,0.8063846,0.6379825,0.19891545,0.15552077293304636,0,"{""type"":""MultiPoint"",""coordinates"":[]}"
2782_0,0.5147221,0.5101139,0.33312845,0.46898264,0.6660695,0.6048814,0.36547434,0.28334588,0.33522424,0.6103896,0.6186231,0.5342115,0.6660695,0.48709723,0.28334588,0.12427240357034267,0,"{""type"":""MultiPoint"",""coordinates"":[]}"
2783_0,0.41636798,0.4133071,0.34940475,0.33587787,0.4466527,0.34363377,0.4025189,0.4685446,0.4226913,0.45199063,0.5262998,0.44188938,0.5262998,0.4182649,0.33587787,0.053304042305019124,0,"{""type"":""MultiPoint"",""coordinates"":[]}"
2784_0,0.59023035,0.54949105,0.37562153,0.36657825,0.79688585,0.5085125,0.7189346,0.7329568,0.8539358,0.673716,0.6121975,0.48032346,0.8539358,0.60494864,0.36657825,0.15014709299137718,0,"{""type"":""MultiPoint"",""coordinates"":[]}"
2785_0,0.54313785,0.5416252,0.46449932,0.63979936,0.62739587,0.60793227,0.63040763,0.4569343,0.7391073,0.6300107,0.725557,0.5371287,0.7391073,0.59529465,0.4569343,0.08587509533132642,0,"{""type"":""MultiPoint"",""coordinates"":[]}"
2786_0,0.32752848,0.307424,0.21194503,0.25852337,0.26670992,0.24962541,0.41345567,0.61961013,0.61409307,0.48864418,0.36002627,0.4618288,0.61961013,0.38161787,0.21194503,0.1332449703913833,0,"{""type"":""MultiPoint"",""coordinates"":[]}"
2787_0,0.55088675,0.3463566,0.28065234,0.1293331,0.78155655,0.75224733,0.6236474,0.41632,0.3074205,0.57687473,0.53735685,0.5713403,0.78155655,0.4894994,0.1293331,0.18820541917390982,0,"{""type"":""MultiPoint"",""coordinates"":[]}"
2788_0,0.39531124,0.32800823,0.2654321,0.5126916,0.7065083,0.32929468,0.72792894,0.5621658,0.4941275,0.72125155,0.23814134,0.31758034,0.72792894,0.4665368,0.23814134,0.17337878155369127,0,"{""type"":""MultiPoint"",""coordinates"":[]}"
2789_0,0.44699982,0.46930474,0.3612631,0.39265454,0.3989914,0.57153404,0.4790287,0.3306852,0.50697803,0.70727104,0.4522293,0.4722548,0.70727104,0.46576622,0.3306852,0.0961542731749053,0,"{""type"":""MultiPoint"",""coordinates"":[]}"
2790_0,0.39952183,0.4494782,0.39658305,0.28953975,0.54864436,0.54831463,0.596691,0.5967487,0.6059808,0.64952505,0.69026273,0.6949596,0.6949596,0.5388541,0.28953975,0.1227225961038373,0,"{""type"":""MultiPoint"",""coordinates"":[]}"
2791_0,0.13622291,0.10756741,0.13420427,0.19671233,0.18419588,0.13664596,0.14150386,0.19520958,0.12607849,0.06873614,0.15789473,0.12080537,0.19671233,0.14214808,0.06873614,0.03563300607240529,0,"{""type"":""MultiPoint"",""coordinates"":[]}"
2792_0,0.49464974,0.44300145,0.33982685,0.49711287,0.489011,0.603839,0.4579307,0.32256907,0.62038666,0.7083703,0.63414633,0.5869534,0.7083703,0.5164831,0.32256907,0.11302766626310239,0,"{""type"":""MultiPoint"",""coordinates"":[]}"
2793_0,0.34039736,0.3722898,0.26923078,0.3915493,0.44230768,0.5380627,0.5488248,0.37642586,0.36178285,0.49518305,0.43372092,0.4076039,0.5488248,0.41478157,0.26923078,0.07860316606374437,0,"{""type"":""MultiPoint"",""coordinates"":[]}"
2794_0,0.4004437,0.33911535,0.33129147,0.36898974,0.45393795,0.4133559,0.36449504,0.2460094,0.25637066,0.6472623,0.6107946,0.38545337,0.6472623,0.40145996,0.2460094,0.11684727431240756,0,"{""type"":""MultiPoint"",""coordinates"":[]}"
2795_0,0.6560917,0.5922114,0.51401186,0.65182376,0.6508972,0.65313655,0.62340724,0.68031704,0.7728652,0.75058335,0.7112636,0.7157505,0.7728652,0.66436327,0.51401186,0.06728251041009232,0,"{""type"":""MultiPoint"",""coordinates"":[]}"
2796_0,0.36038962,0.36633664,0.42439544,0.55572367,0.68445474,0.656349,0.65929306,0.5395205,0.73859894,0.7470719,0.66772354,0.7556632,0.7556632,0.59629333,0.36038962,0.13897924844090792,0,"{""type"":""MultiPoint"",""coordinates"":[]}"
2797_0,0.55416405,0.57023644,0.42408964,0.46314058,0.61678725,0.64023787,0.6541007,0.58712226,0.5990482,0.6579276,0.6190802,0.6092437,0.6579276,0.5829315,0.42408964,0.06950144089032544,0,"{""type"":""MultiPoint"",""coordinates"":[]}"
2798_0,0.29689807,0.36056644,0.30534664,0.39038807,0.4834536,0.53894246,0.5167933,0.38890296,0.37691614,0.5008072,0.53814435,0.511335,0.53894246,0.4340412,0.29689807,0.08638029221428424,0,"{""type"":""MultiPoint"",""coordinates"":[]}"
2799_0,0.26813003,0.32548785,0.25829646,0.41666666,0.45287824,0.32632992,0.39352098,0.24960917,0.52277064,0.6526946,0.5272627,0.46068725,0.6526946,0.40452787,0.24960917,0.11997989278880823,0,"{""type"":""MultiPoint"",""coordinates"":[]}"
2800_0,0.5041455,0.49535525,0.4488189,0.43004116,0.55060726,0.55789477,0.49003986,0.55718786,0.5205599,0.59116024,0.6237573,0.47524753,0.6237573,0.5204013,0.43004116,0.05515278812892935,0,"{""type"":""MultiPoint"",""coordinates"":[]}"
2801_0,0.36193028,0.296,0.32727578,0.5314193,0.45003265,0.45847553,0.42442024,0.4054917,0.58513397,0.4138929,0.24944812,0.25168538,0.58513397,0.39626715,0.24944812,0.10014064424532695,0,"{""type"":""MultiPoint"",""coordinates"":[]}"
2802_0,0.20655234,0.15704967,0.15913865,0.116071425,0.0854833,0.3602762,0.09643146,0.13330439,0.11548791,0.06952965,0.11664482,0.1041288,0.3602762,0.14334156,0.06952965,0.0743643182331979,0,"{""type"":""MultiPoint"",""coordinates"":[]}"
2803_0,0.39615145,0.36566186,0.34436905,0.42031777,0.4695052,0.41342756,0.39805233,0.35936674,0.5393672,0.5178933,0.58762884,0.57943386,0.58762884,0.4492646,0.34436905,0.08314985919623558,0,"{""type"":""MultiPoint"",""coordinates"":[]}"
2804_0,0.5443803,0.54576063,0.4545964,0.4532297,0.6267107,0.6934876,0.73440284,0.7123462,0.6057069,0.49419183,0.64416564,0.6201996,0.73440284,0.5940982,0.4532297,0.09220762704945387,0,"{""type"":""MultiPoint"",""coordinates"":[]}"
2805_0,0.6496796,0.6447368,0.48679984,0.68661517,0.7130092,0.739628,0.69077975,0.6875189,0.76119405,0.77044374,0.7267424,0.70462155,0.77044374,0.68848073,0.48679984,0.07132744995490709,0,"{""type"":""MultiPoint"",""coordinates"":[]}"
2806_0,0.37628588,0.3661321,0.30290252,0.4676335,0.53960335,0.46186897,0.5041637,0.61733615,0.6446786,0.71206605,0.42348754,0.46238774,0.71206605,0.48987883,0.30290252,0.11614352141352581,0,"{""type"":""MultiPoint"",""coordinates"":[]}"
2807_0,0.45382437,0.42075256,0.29306608,0.43148762,0.6318354,0.5830212,0.7194702,0.56059337,0.6912378,0.7552239,0.6335145,0.54891664,0.7552239,0.56024534,0.29306608,0.13241849593643681,0,"{""type"":""MultiPoint"",""coordinates"":[]}"
2808_0,0.23125303,0.22916108,0.2196162,0.18746941,0.30968767,0.36027554,0.20696518,0.26708075,0.3216912,0.3837072,0.3526627,0.32925472,0.3837072,0.2832354,0.18746941,0.06459432013155632,0,"{""type"":""MultiPoint"",""coordinates"":[]}"
2809_0,0.6139905,0.7463706,0.49126723,0.17475729,-0.023614459,0.7231946,0.7834858,0.6352724,0.34426987,-0.16534181,-0.06727135,0.056072135,0.7834858,0.35937107,-0.16534181,0.33549521696037954,0,"{""type"":""MultiPoint"",""coordinates"":[]}"
2810_0,0.48869166,0.47948352,0.4085779,0.4757681,0.5658054,0.6102701,0.66134185,0.5607881,0.58646804,0.5286195,0.51470065,0.50284755,0.66134185,0.53194684,0.4085779,0.0658173050468125,0,"{""type"":""MultiPoint"",""coordinates"":[]}"
2811_0,0.30282435,0.3820372,0.42932063,0.44562078,0.5157062,0.42515594,0.3670649,0.20418371,0.15480079,0.09686747,0.29582888,0.20786516,0.5157062,0.31893966,0.09686747,0.12486200981476929,0,"{""type"":""MultiPoint"",""coordinates"":[]}"
2812_0,0.44677034,0.4915572,0.36388433,0.63590056,0.5283139,0.7059329,0.4499514,0.54418075,0.7455556,0.6237517,0.50639534,0.42219168,0.7455556,0.5386988,0.36388433,0.11228825565247746,0,"{""type"":""MultiPoint"",""coordinates"":[]}"
2813_0,0.22309469,0.21102576,0.20322695,0.38045827,0.54727346,0.40448067,0.3699932,0.25951904,0.69631624,0.74909,0.64311904,0.5802469,0.74909,0.43898702,0.20322695,0.1896216083984202,0,"{""type"":""MultiPoint"",""coordinates"":[]}"
2814_0,0.32492432,0.2959467,0.2298275,0.3326978,0.4857685,0.38256955,0.43908045,0.28588516,0.65876776,0.43782488,0.45371637,0.4862442,0.65876776,0.40110442,0.2298275,0.11212404003413365,0,"{""type"":""MultiPoint"",""coordinates"":[]}"
2815_0,0.5327844,0.525645,0.46351314,0.5337423,0.6651187,0.5031088,0.625,0.54032046,0.5994689,0.5892034,0.6665766,0.62097734,0.6665766,0.5721216,0.46351314,0.062278417033339195,0,"{""type"":""MultiPoint"",""coordinates"":[]}"
2816_0,0.31304088,0.2613528,0.26806253,0.33132228,0.38968635,0.26779315,0.29635856,0.36065573,0.2809095,0.34304798,0.475,0.31922838,0.475,0.3255382,0.2613528,0.05903669791590242,0,"{""type"":""MultiPoint"",""coordinates"":[]}"
2817_0,0.32011747,0.30540964,0.293617,0.42102173,0.46899346,0.45770904,0.5295446,0.6226971,0.42880324,0.19379845,0.37484223,0.34335086,0.6226971,0.39665875,0.19379845,0.11128448025670343,0,"{""type"":""MultiPoint"",""coordinates"":[]}"
2818_0,0.19692959,0.1152252,0.1840772,0.10541311,0.1957638,0.10658083,0.1197485,-0.004009623,0.16203314,0.14542998,0.12274678,0.20615695,0.20615695,0.13800795,-0.004009623,0.055909823269843555,0,"{""type"":""MultiPoint"",""coordinates"":[]}"
2819_0,0.47444022,0.48431104,0.42323944,0.53636676,0.6450939,0.69160587,0.67317575,0.6584743,0.743266,0.56993735,0.37540454,0.58253753,0.743266,0.5714877,0.37540454,0.11032651433562686,0,"{""type"":""MultiPoint"",""coordinates"":[]}"
2820_0,0.33512065,0.24213837,0.2984135,0.34890372,0.46577945,0.523485,0.44188234,0.5074627,0.17783211,0.45214173,0.68474007,0.35015595,0.68474007,0.40233797,0.17783211,0.13244848248772215,0,"{""type"":""MultiPoint"",""coordinates"":[]}"
2821_0,0.36549866,0.40581095,0.35120955,0.34003496,0.5202861,0.41382957,0.28762397,0.39301974,0.61240643,0.52099675,0.41961578,0.2944872,0.61240643,0.41040164,0.28762397,0.09332453495455531,0,"{""type"":""MultiPoint"",""coordinates"":[]}"
2822_0,0.17922607,0.12195122,0.08180202,0.052313015,0.25225225,0.19041917,0.21875,0.0496,-0.26940638,-0.98,-0.063360885,-0.1961165,0.25225225,-0.03021417,-0.98,0.32546454226500715,0,"{""type"":""MultiPoint"",""coordinates"":[]}"
2823_0,0.6495926,0.7507458,0.49026927,0.12408088,0.74298954,0.7623431,0.72725344,0.77439314,0.78137654,0.81657606,0.7492317,0.67296106,0.81657606,0.6701511,0.12408088,0.18381902437449726,0,"{""type"":""MultiPoint"",""coordinates"":[]}"
2824_0,0.56524545,0.56735235,0.4099295,0.5623462,0.6379215,0.73906094,0.7860252,0.37214845,0.72139573,0.8678457,0.61970216,0.6681341,0.8678457,0.6264256,0.37214845,0.13851743807573177,0,"{""type"":""MultiPoint"",""coordinates"":[]}"
2825_0,0.56277966,0.5222719,0.4698795,0.6556714,0.61669743,0.31491002,0.35228333,0.3019825,0.51862615,0.4497549,0.7069717,0.64357054,0.7069717,0.5096166,0.3019825,0.13028732174184005,0,"{""type"":""MultiPoint"",""coordinates"":[]}"
2826_0,0.45382357,0.47742048,0.33993927,0.54574466,0.58933455,0.40807825,0.5702076,0.3958692,0.8425504,0.78625953,0.75703704,0.75008374,0.8425504,0.5763624,0.33993927,0.16342108849336417,0,"{""type"":""MultiPoint"",""coordinates"":[]}"
2827_0,0.53138286,0.5114463,0.41130906,0.4108484,0.6672189,0.5980285,0.67182964,0.7788678,0.79258466,0.7551685,0.6022155,0.5537902,0.79258466,0.6070575,0.4108484,0.1252719642429994,0,"{""type"":""MultiPoint"",""coordinates"":[]}"
2828_0,0.28013834,0.25521293,0.18651946,0.18522167,0.24607703,0.39337894,0.389088,0.30415264,0.66672456,0.75722545,0.6288497,0.52671754,0.75722545,0.40160885,0.18522167,0.1886854011879078,0,"{""type"":""MultiPoint"",""coordinates"":[]}"
2829_0,0.49616826,0.5220085,0.4152608,0.4870602,0.49573934,0.5333136,0.5173454,0.4840731,0.5431472,0.6474715,0.5297486,0.5443399,0.6474715,0.51797307,0.4152608,0.05173158015543231,0,"{""type"":""MultiPoint"",""coordinates"":[]}"
2830_0,0.543036,0.5393039,0.42063087,0.40984133,0.59848773,0.6794425,0.6579793,0.45525292,0.47383446,0.56645703,0.41935483,0.47359192,0.6794425,0.5197677,0.40984133,0.08864591764602774,0,"{""type"":""MultiPoint"",""coordinates"":[]}"
2831_0,0.34946385,0.30633324,0.28625095,0.16839199,0.2751636,0.36017197,0.35825282,0.22483468,0.2956335,0.42806393,0.48395512,0.44663605,0.48395512,0.3319293,0.16839199,0.08794150723585169,0,"{""type"":""MultiPoint"",""coordinates"":[]}"
2832_0,0.44684386,0.56855226,0.4765625,0.32258064,0.4825647,0.51890033,0.4785168,0.39832285,0.02009108,0.5052521,0.27457628,0.2532378,0.56855226,0.3955001,0.02009108,0.14776607427201988,0,"{""type"":""MultiPoint"",""coordinates"":[]}"
2833_0,0.3015031,0.29457015,0.27942538,0.3278496,0.3170189,0.578688,0.70514286,0.49422163,0.53693765,0.47004384,0.48165137,0.36583692,0.70514286,0.42940745,0.27942538,0.12989762420056122,0,"{""type"":""MultiPoint"",""coordinates"":[]}"
2834_0,0.484552,0.38436303,0.3224249,0.42698053,0.61485773,0.53208923,0.53194475,0.376938,0.61929595,0.6412173,0.68895966,0.5661942,0.68895966,0.5158181,0.3224249,0.11259099352169044,0,"{""type"":""MultiPoint"",""coordinates"":[]}"
2835_0,0.6627635,0.71308017,0.5554227,0.597669,0.86984295,0.39742804,0.85909927,0.62744164,0.8109756,0.87493646,0.8354662,0.8449544,0.87493646,0.72075665,0.39742804,0.14748353961997993,0,"{""type"":""MultiPoint"",""coordinates"":[]}"
2836_0,0.6038473,0.65966386,0.49175754,0.2915868,0.2648318,0.746467,0.7424504,0.4965035,0.31787583,0.7282099,0.79215026,0.65016145,0.79215026,0.56545883,0.2648318,0.1817407124346759,0,"{""type"":""MultiPoint"",""coordinates"":[]}"
2837_0,0.668541,0.70897436,0.49122134,0.6683289,0.6962677,0.6986074,0.7391735,0.62707597,0.8232779,0.75762665,0.6959371,0.7093837,0.8232779,0.69036794,0.49122134,0.07639789779576653,0,"{""type"":""MultiPoint"",""coordinates"":[]}"
2838_0,0.32805678,0.33197555,0.32617587,0.38132733,0.51835394,0.48239148,0.82574904,0.40198603,0.38249287,0.86804956,0.26017264,0.26046297,0.86804956,0.44726616,0.26017264,0.19348860454585254,0,"{""type"":""MultiPoint"",""coordinates"":[]}"
2839_0,0.114018135,0.099972904,0.12816273,0.069228746,0.04861474,0.29411766,0.044131454,0.09615085,0.065669164,0.056145675,0.16810632,0.10673543,0.29411766,0.107587814,0.044131454,0.06613715479668815,0,"{""type"":""MultiPoint"",""coordinates"":[]}"
2840_0,0.6172573,0.50018215,0.4104008,0.5183624,0.61633533,0.59398496,0.56349415,0.54789686,0.5992844,0.6977632,0.75499564,0.68034434,0.75499564,0.5916918,0.4104008,0.08964425908526652,0,"{""type"":""MultiPoint"",""coordinates"":[]}"
2841_0,0.5346567,0.56550336,0.4397043,0.2567237,0.12223195,0.25888324,0.15173131,0.14843948,0.4522956,0.6382011,0.5113002,0.30123955,0.6382011,0.3650759,0.12223195,0.17238450277970335,0,"{""type"":""MultiPoint"",""coordinates"":[]}"
2842_0,0.09936909,0.09746975,0.10175725,0.056696292,0.036635872,0.14509954,0.059982613,0.063761614,0.1292517,0.20742115,0.29885057,0.26058632,0.29885057,0.12974015,0.036635872,0.08060162265045824,0,"{""type"":""MultiPoint"",""coordinates"":[]}"
2843_0,0.369364,0.36102235,0.38896224,0.49266306,0.46131244,0.5366932,0.46932307,0.5337476,0.35964125,0.29613733,0.30872324,0.29850745,0.5366932,0.40634143,0.29613733,0.08508345748351874,0,"{""type"":""MultiPoint"",""coordinates"":[]}"
2844_0,0.23154868,0.22497655,0.19681144,0.24117987,0.20909332,0.40143886,0.23732145,0.25060695,0.3023147,0.31268612,0.1974669,0.24676923,0.40143886,0.25435117,0.19681144,0.056162702114856765,0,"{""type"":""MultiPoint"",""coordinates"":[]}"
2845_0,0.51729816,0.57523113,0.46192384,0.52881074,0.5131372,0.4461429,0.53266984,0.5188264,0.67572635,0.75510204,0.6798633,0.59300065,0.75510204,0.5664777,0.4461429,0.08974919076304425,0,"{""type"":""MultiPoint"",""coordinates"":[]}"
2846_0,0.44073737,0.4516472,0.4227072,0.47335422,0.6914485,0.6877795,0.61995035,0.59581697,0.582989,0.6748582,0.6721494,0.55355614,0.6914485,0.57224953,0.4227072,0.09804048630447672,0,"{""type"":""MultiPoint"",""coordinates"":[]}"
2847_0,0.44914842,0.4513742,0.33075136,0.3108538,0.3,0.4707461,0.6085511,0.555348,0.4609929,0.5556269,0.5337295,0.39064935,0.6085511,0.45148095,0.3,0.09769691503155241,0,"{""type"":""MultiPoint"",""coordinates"":[]}"
2848_0,0.26233184,0.30215448,0.24258628,0.2934267,0.2245781,0.28696704,0.25837216,0.21704394,0.3678507,0.3611111,0.19330144,0.37755102,0.37755102,0.2822729,0.19330144,0.05859608148633183,0,"{""type"":""MultiPoint"",""coordinates"":[]}"
2849_0,0.13991164,0.12571429,0.0818131,0.07810348,0.055993985,0.08528585,0.08295023,0.11290027,0.15177196,0.17096189,0.14815731,0.19402015,0.19402015,0.11896534,0.055993985,0.041062106874754735,0,"{""type"":""MultiPoint"",""coordinates"":[]}"
2850_0,0.2474804,0.21301155,0.18082581,0.21667498,0.2541717,0.17337307,0.22740248,0.17684306,0.26545453,0.243346,0.26097667,0.2504548,0.26545453,0.2258346,0.17337307,0.03216882928754523,0,"{""type"":""MultiPoint"",""coordinates"":[]}"
2851_0,0.19701087,0.26251277,0.27892432,0.17489769,0.21956705,0.22655989,0.39628482,0.32368547,0.46075433,0.42499065,0.21536796,0.22654718,0.46075433,0.28392527,0.17489769,0.09161661565269383,0,"{""type"":""MultiPoint"",""coordinates"":[]}"
2852_0,0.40469435,0.4007322,0.3806893,0.5170617,0.53741163,0.5986998,0.5246944,0.5316779,0.7684013,0.766419,0.60675156,0.6365264,0.7684013,0.5561466,0.3806893,0.12296421636477756,0,"{""type"":""MultiPoint"",""coordinates"":[]}"
2853_0,0.63839096,0.6795295,0.5632238,0.7273735,0.81158656,0.54439306,0.7946131,0.43443805,0.4473684,0.57370675,0.40667808,0.62035143,0.81158656,0.6034711,0.40667808,0.12914850629572172,0,"{""type"":""MultiPoint"",""coordinates"":[]}"
2854_0,0.6080041,0.51862466,0.44549266,0.53266937,0.49781322,0.53414744,0.61538464,0.5949367,0.341468,0.78800416,0.70980203,0.6592509,0.78800416,0.57046646,0.341468,0.11453446901976322,0,"{""type"":""MultiPoint"",""coordinates"":[]}"
2855_0,0.20088889,0.21581395,0.19660082,0.17797287,0.1278362,0.09623709,0.119887166,0.342246,0.830115,0.79552007,0.35568205,0.25127706,0.830115,0.3091731,0.09623709,0.23785571703578623,0,"{""type"":""MultiPoint"",""coordinates"":[]}"
2856_0,0.36586353,0.31427372,0.26561797,0.37400532,0.36653063,0.24353151,0.43229604,0.3078101,0.4021898,0.37032568,0.44881564,0.39726028,0.44881564,0.3573767,0.24353151,0.060462121460491874,0,"{""type"":""MultiPoint"",""coordinates"":[]}"
2857_0,0.5904789,0.51270956,0.48613584,0.22243434,0.7813026,0.71428573,0.75803816,0.7450593,0.75996435,0.65731406,0.6756757,0.7099748,0.7813026,0.63444775,0.22243434,0.15482146478540657,0,"{""type"":""MultiPoint"",""coordinates"":[]}"
2858_0,0.5233678,0.51114255,0.29835552,0.12117619,0.42324248,0.7415982,0.82738924,0.12067353,0.57337886,0.832636,0.5732378,0.15351352,0.832636,0.47497597,0.12067353,0.24733668914398935,0,"{""type"":""MultiPoint"",""coordinates"":[]}"
2859_0,0.48597226,0.4893617,0.38912857,0.4811113,0.5650591,0.57165426,0.5319527,0.57345974,0.66588783,0.666907,0.5703281,0.50908387,0.666907,0.5416589,0.38912857,0.07545599468374187,0,"{""type"":""MultiPoint"",""coordinates"":[]}"
2860_0,0.5755156,0.63781995,0.45172307,0.52089703,0.5597996,0.5973802,0.63306874,0.557971,0.6604651,0.73483473,0.72715735,0.7476093,0.7476093,0.61702013,0.45172307,0.08711763547527138,0,"{""type"":""MultiPoint"",""coordinates"":[]}"
2861_0,0.2839344,0.29700273,0.27036676,0.32490873,0.34018266,0.34302023,0.31750587,0.4403409,0.28054643,0.24332978,0.40282685,0.25174826,0.4403409,0.31630948,0.24332978,0.05666615450762159,0,"{""type"":""MultiPoint"",""coordinates"":[]}"
2862_0,0.49721378,0.51902837,0.41173375,0.5900209,0.7433962,0.527115,0.45015645,0.5872107,0.4460606,0.72889,0.7317545,0.61246884,0.7433962,0.57042074,0.41173375,0.11123624864168574,0,"{""type"":""MultiPoint"",""coordinates"":[]}"
2863_0,0.14519969,0.122684024,0.08172589,0.0029823768,0.09615822,0.28229082,0.08622965,0.10760918,0.04596491,0.01612269,0.079025276,0.06626225,0.28229082,0.094354585,0.0029823768,0.06888824466982311,0,"{""type"":""MultiPoint"",""coordinates"":[]}"
2864_0,0.3456925,0.38395292,0.3200111,0.3883776,0.41471216,0.42290306,0.43602362,0.5420231,0.36833334,0.42523363,0.47724319,0.3742485,0.5420231,0.40822956,0.3200111,0.057304630880291016,0,"{""type"":""MultiPoint"",""coordinates"":[]}"
2865_0,0.60926366,0.6389146,0.5378049,0.5605955,0.755301,0.7185828,0.68472904,0.70550084,0.8281059,0.7219378,0.6129613,0.6949585,0.8281059,0.67238796,0.5378049,0.07995666601528316,0,"{""type"":""MultiPoint"",""coordinates"":[]}"
2866_0,0.33245936,0.30196276,0.2644434,0.31428573,0.3255814,0.22776489,0.28464106,0.17554586,0.3678862,0.518296,0.5201535,0.33061558,0.5201535,0.33030298,0.17554586,0.09779664366322496,0,"{""type"":""MultiPoint"",""coordinates"":[]}"
2867_0,0.5695388,0.4704719,0.316889,0.48168752,0.69647986,0.46347743,0.7103536,0.82747066,0.72297573,0.82232344,0.72947544,0.7294697,0.82747066,0.6283844,0.316889,0.15602661218472888,0,"{""type"":""MultiPoint"",""coordinates"":[]}"
2868_0,0.40511915,0.4160541,0.35262594,0.4353724,0.4031389,0.49264485,0.44547135,0.53331697,0.30536038,0.5481361,0.4646953,0.54591835,0.5481361,0.44565448,0.30536038,0.07278968817610364,0,"{""type"":""MultiPoint"",""coordinates"":[]}"
2869_0,0.5744405,0.6117488,0.47520137,0.36072424,0.72942156,0.34259775,0.66606224,0.5003796,0.57157177,0.8433073,0.59151655,0.7378336,0.8433073,0.5837338,0.34259775,0.14341513899294797,0,"{""type"":""MultiPoint"",""coordinates"":[]}"
2870_0,0.6396736,0.6,0.5125848,0.6123482,0.7156287,0.68727076,0.63871324,0.71283704,0.4004535,0.68517387,0.7832569,0.7339963,0.7832569,0.6434947,0.4004535,0.10020601913537798,0,"{""type"":""MultiPoint"",""coordinates"":[]}"
2871_0,0.24841915,0.24384113,0.21584061,0.38675958,0.40650955,0.44187146,0.4524362,0.43839285,0.36429143,0.38886246,0.47295687,0.4026465,0.47295687,0.37190232,0.21584061,0.08402707562211266,0,"{""type"":""MultiPoint"",""coordinates"":[]}"
2872_0,0.6422947,0.6248298,0.35870174,0.22237018,0.7316881,0.7674641,0.6453125,0.0332871,0.39487872,0.37360892,0.7248227,0.30268404,0.7674641,0.48516187,0.0332871,0.22562669676365485,0,"{""type"":""MultiPoint"",""coordinates"":[]}"
2873_0,0.2907865,0.30135748,0.25513738,0.10760541,0.47432268,0.54173106,0.26614988,0.48839286,0.6798493,0.752505,0.5445545,0.60828024,0.752505,0.44255602,0.10760541,0.18810420943019074,0,"{""type"":""MultiPoint"",""coordinates"":[]}"
2874_0,0.45192802,0.3628001,0.3151734,0.3051264,0.33537796,0.41710296,0.31778014,0.3681149,0.3205815,0.2860008,0.5495406,0.32031614,0.5495406,0.3624869,0.2860008,0.072829957746647,0,"{""type"":""MultiPoint"",""coordinates"":[]}"
2875_0,-0.04340124,0.063689,0.21311475,0.028203063,0.111428574,0.22048147,0.18353345,0.18510786,-0.029320026,-0.07823613,0.19504054,-0.15384616,0.22048147,0.074649595,-0.15384616,0.1234741464498407,0,"{""type"":""MultiPoint"",""coordinates"":[]}"
2876_0,0.34587997,0.3090357,0.34357616,0.3630528,0.43625426,0.465525,0.4051939,0.6065334,0.40800786,0.3379845,0.4332724,0.24823913,0.6065334,0.3918796,0.24823913,0.08722591369450237,0,"{""type"":""MultiPoint"",""coordinates"":[]}"
2877_0,0.23197116,0.23992649,0.24880382,0.27272728,0.21795323,0.2543444,0.23015237,0.24481738,0.18476558,0.21570796,0.22345133,0.23356076,0.27272728,0.2331818,0.18476558,0.021259249385127278,0,"{""type"":""MultiPoint"",""coordinates"":[]}"
2878_0,0.22168906,0.21770273,0.22348772,0.21442023,0.25238097,0.21384491,0.36402568,0.30337077,0.42568251,0.4259154,0.43040934,0.37709138,0.43040934,0.30583507,0.21384491,0.0885420214936292,0,"{""type"":""MultiPoint"",""coordinates"":[]}"
2879_0,0.67154306,0.6391778,0.2865099,0.098477155,0.3112826,0.5852398,0.6362235,0.75857073,0.76416355,0.84547704,0.87107813,0.7641229,0.87107813,0.60265553,0.098477155,0.23345782049709907,0,"{""type"":""MultiPoint"",""coordinates"":[]}"
2880_0,0.49630642,0.5256289,0.38334835,0.046915933,0.6592008,0.3411845,0.5845411,0.45038912,0.8147901,0.830622,0.6380382,0.69941443,0.830622,0.53919834,0.046915933,0.20986608184366634,0,"{""type"":""MultiPoint"",""coordinates"":[]}"
2881_0,0.46624205,0.48891786,0.46027806,0.47072795,0.5727314,0.37186825,0.76369494,0.6214442,0.37644732,0.57435197,0.5396566,0.47451755,0.76369494,0.5150732,0.37186825,0.10407428574595369,0,"{""type"":""MultiPoint"",""coordinates"":[]}"
2882_0,0.51227677,0.50310206,0.3970742,0.5003532,0.4962019,0.28551596,0.5697817,0.43296704,0.74346584,0.787627,0.6434234,0.6989928,0.787627,0.54756516,0.28551596,0.1417623828536178,0,"{""type"":""MultiPoint"",""coordinates"":[]}"
2883_0,0.5011261,0.53805214,0.4161156,0.50589925,0.5473501,0.58838946,0.5616094,0.52006906,0.61588824,0.63091403,0.69594395,0.51748973,0.69594395,0.55323726,0.4161156,0.0695412793216252,0,"{""type"":""MultiPoint"",""coordinates"":[]}"
2884_0,0.52739495,0.5929387,0.33032694,0.49814665,0.5456881,0.50315124,0.52280486,0.58096415,0.6762033,0.64751554,0.54243803,0.54561466,0.6762033,0.5427656,0.33032694,0.08271256540365318,0,"{""type"":""MultiPoint"",""coordinates"":[]}"
2885_0,0.49881867,0.48069644,0.36767784,0.5957084,0.46275946,0.746226,0.7960453,0.7572464,0.4837587,0.76352507,0.8205947,0.7356531,0.8205947,0.62572587,0.36767784,0.15308349761355294,0,"{""type"":""MultiPoint"",""coordinates"":[]}"
2886_0,0.5127713,0.49220055,0.47226542,0.3620178,0.4584475,0.35445544,0.5423654,0.53846157,0.43874022,0.38737908,-0.0038695412,0.35684803,0.5423654,0.40934023,-0.0038695412,0.14094889165784655,0,"{""type"":""MultiPoint"",""coordinates"":[]}"
2887_0,0.45273632,0.4563253,0.39462844,0.49342328,0.4671916,0.541204,0.61367726,0.52314,0.5632322,0.5851966,0.5478469,0.55086374,0.61367726,0.5157888,0.39462844,0.06100660830378178,0,"{""type"":""MultiPoint"",""coordinates"":[]}"
2888_0,0.4998715,0.5032538,0.4544,0.5264414,0.6722235,0.6154584,0.6393947,0.6956088,0.06842105,0.45995146,0.5683987,0.4907587,0.6956088,0.5161818,0.06842105,0.1562477253015568,0,"{""type"":""MultiPoint"",""coordinates"":[]}"
2889_0,0.18725385,0.16764762,0.18198417,0.21803452,0.20546028,0.23714407,0.24350055,0.22766799,0.26408225,0.2777096,0.26875854,0.24470972,0.2777096,0.2269961,0.16764762,0.034220861535521646,0,"{""type"":""MultiPoint"",""coordinates"":[]}"
2890_0,0.18002859,0.18559052,0.19846596,0.24164408,0.2766117,0.40595058,0.16402997,0.23076923,0.19913264,0.29915836,0.18851924,0.114129245,0.40595058,0.22366917,0.114129245,0.07273503595380312,0,"{""type"":""MultiPoint"",""coordinates"":[]}"
2891_0,0.5356664,0.52017516,0.37457046,0.4795813,0.5677399,0.6,0.7431567,0.6871765,0.6863253,0.6280412,0.5061333,0.5805391,0.7431567,0.5757588,0.37457046,0.09803939311114804,0,"{""type"":""MultiPoint"",""coordinates"":[]}"
2892_0,0.41760722,0.41387153,0.36405036,0.37363514,0.6202186,0.5181237,0.49636805,0.4940476,0.056410257,0.42209926,0.5224416,0.40759423,0.6202186,0.42553896,0.056410257,0.13192047729528547,0,"{""type"":""MultiPoint"",""coordinates"":[]}"
2893_0,0.621719,0.74275225,0.6141354,0.65064746,0.8082192,0.7988412,0.8110154,0.74178576,0.78188,0.7745035,0.72870064,0.72383356,0.8110154,0.73316944,0.6141354,0.0669327057509425,0,"{""type"":""MultiPoint"",""coordinates"":[]}"
2894_0,0.36567163,0.3297491,0.30829328,0.26936093,0.102755025,0.20450975,0.2266881,0.096954845,0.019347386,0.18633677,0.2617902,0.472854,0.472854,0.23702592,0.019347386,0.12119754362344809,0,"{""type"":""MultiPoint"",""coordinates"":[]}"
2895_0,0.07631823,0.09432245,0.08995434,0.03483974,0.025991792,0.018065033,0.026688194,-0.012057565,0.10269041,0.16567233,0.10799081,0.16385303,0.16567233,0.0745274,-0.012057565,0.05457168256422181,0,"{""type"":""MultiPoint"",""coordinates"":[]}"
2896_0,0.4385865,0.34947369,0.29829612,0.43380478,0.37321937,0.63367915,0.579566,0.57581395,0.57066107,0.68183994,0.18774374,0.6079698,0.68183994,0.47755453,0.18774374,0.1468254697796005,0,"{""type"":""MultiPoint"",""coordinates"":[]}"
2897_0,0.28233474,0.2955635,0.20516796,0.20189573,0.2191717,0.1908363,0.20590582,0.18246944,0.24826194,0.42099756,0.52070063,0.38,0.52070063,0.2794421,0.18246944,0.10304564639345055,0,"{""type"":""MultiPoint"",""coordinates"":[]}"
2898_0,0.48434955,0.46096215,0.35224736,0.45320016,0.51004535,0.6337759,0.69887376,0.51071143,0.73066586,0.7163636,0.60871047,0.5814302,0.73066586,0.561778,0.35224736,0.11406245425890908,0,"{""type"":""MultiPoint"",""coordinates"":[]}"
2899_0,0.45209345,0.43352193,0.3246301,0.33933035,0.34044528,0.45047602,0.6689342,0.68450904,0.12794782,0.54886115,0.52706,0.7512004,0.7512004,0.4707508,0.12794782,0.17033161750222348,0,"{""type"":""MultiPoint"",""coordinates"":[]}"
2900_0,0.35550934,0.38253582,0.3649635,0.2983572,0.3756205,0.28182808,0.2927717,0.32008156,0.38949198,0.29897547,0.30913642,0.17866667,0.38949198,0.32066151,0.17866667,0.05650437830315469,0,"{""type"":""MultiPoint"",""coordinates"":[]}"
2901_0,0.3714826,0.3104549,0.3565085,0.5776997,0.5906587,0.4313099,0.52715653,0.61625874,0.52164006,0.76634747,0.76492894,0.272233,0.76634747,0.5088899,0.272233,0.15779418386560468,0,"{""type"":""MultiPoint"",""coordinates"":[]}"
2902_0,0.11495754,0.11922141,0.09710258,0.05263158,0.049613107,0.1779718,0.2408435,0.1752997,0.013001696,0.140625,0.26683843,-0.10429448,0.26683843,0.11198432,-0.10429448,0.09748402996792972,0,"{""type"":""MultiPoint"",""coordinates"":[]}"
2903_0,0.60313404,0.3438951,0.2912736,0.2987631,0.4675464,0.40121317,0.7242376,0.49686193,0.41162992,0.2290429,0.43631178,0.44272447,0.7242376,0.42888618,0.2290429,0.13167206697190298,0,"{""type"":""MultiPoint"",""coordinates"":[]}"
2904_0,0.5173601,0.45228952,0.33333334,0.5072084,0.40286896,0.4393804,0.35557818,0.5336257,0.38741916,0.6978417,0.73150843,0.5111907,0.73150843,0.48913372,0.33333334,0.11889252813326008,0,"{""type"":""MultiPoint"",""coordinates"":[]}"
2905_0,0.41992033,0.21759698,0.1946059,0.27665442,0.35170603,0.343442,0.45033407,0.36363637,0.3281493,0.38963804,0.6420504,0.26594466,0.6420504,0.35363987,0.1946059,0.11419773952211161,0,"{""type"":""MultiPoint"",""coordinates"":[]}"
2906_0,0.31518152,0.2704826,0.25027084,0.18878505,0.2711156,0.19067797,0.26970956,0.3174425,0.38795877,0.26178715,0.36526945,0.3337342,0.38795877,0.28520128,0.18878505,0.05910295500737393,0,"{""type"":""MultiPoint"",""coordinates"":[]}"
2907_0,0.21633416,0.22152975,0.182643,0.33244058,0.42523795,0.24022347,0.48553556,0.4622093,-0.029110936,-0.2361809,0.3359375,0.060796645,0.48553556,0.22479968,-0.2361809,0.20298364973307695,0,"{""type"":""MultiPoint"",""coordinates"":[]}"
2908_0,0.2469572,0.30446368,0.34002316,0.16886826,0.3177738,0.4154049,0.32022473,0.33613798,0.4960684,0.2647428,0.21565495,0.25263157,0.4960684,0.3065793,0.16886826,0.08441184974651625,0,"{""type"":""MultiPoint"",""coordinates"":[]}"
2909_0,0.45295775,0.45731887,0.41888073,0.44112295,0.43557736,0.5013887,0.5617917,0.43831012,0.54945576,0.5383212,0.5402884,0.5861429,0.5861429,0.49346304,0.41888073,0.056496982462723964,0,"{""type"":""MultiPoint"",""coordinates"":[]}"
2910_0,0.29376134,0.32095492,0.29303923,0.021291953,0.33442175,0.32265565,0.342312,0.33510637,0.5453123,0.6448495,0.35021833,0.3919465,0.6448495,0.34965584,0.021291953,0.1424232208253723,0,"{""type"":""MultiPoint"",""coordinates"":[]}"
2911_0,0.57288927,0.632793,0.50654155,0.6952091,0.7092181,0.72112244,0.7618475,0.68220013,0.5683973,0.6817535,0.7280782,0.67034394,0.7618475,0.66086614,0.50654155,0.07288045178793516,0,"{""type"":""MultiPoint"",""coordinates"":[]}"
2912_0,0.5181818,0.503881,0.3406233,0.6562534,0.7799187,0.67342675,0.6801975,0.56280124,0.70567197,0.8676698,0.12023217,0.66621214,0.8676698,0.5895891,0.12023217,0.19322389447671454,0,"{""type"":""MultiPoint"",""coordinates"":[]}"
2913_0,0.19408314,0.18939394,0.21118662,0.204366,0.13596392,0.0952381,0.12819934,0.2862632,0.13199106,0.09972299,0.21491174,0.124856815,0.2862632,0.16801473,0.0952381,0.05495219265362136,0,"{""type"":""MultiPoint"",""coordinates"":[]}"
2914_0,0.6059836,0.6029297,0.4950287,0.6253572,0.6958802,0.6297316,0.7314554,0.6665148,0.5561118,0.7400681,0.70480084,0.62916404,0.7400681,0.6402522,0.4950287,0.06917623452839175,0,"{""type"":""MultiPoint"",""coordinates"":[]}"
2915_0,0.19249862,0.18692467,0.21546617,0.20324427,0.14382315,0.2937154,0.1412125,0.22854477,0.08780809,0.1370482,0.27204302,0.19062307,0.2937154,0.19107932,0.08780809,0.0559458739519451,0,"{""type"":""MultiPoint"",""coordinates"":[]}"
2916_0,0.2973236,0.2843895,0.27660656,0.2547509,0.30383748,0.34862384,0.35562882,0.30958664,0.38544717,0.31766918,0.25,0.2330463,0.38544717,0.30140916,0.2330463,0.043763998465173266,0,"{""type"":""MultiPoint"",""coordinates"":[]}"
2917_0,0.43222508,0.4403927,0.37316042,0.4559461,0.5247748,0.6534848,0.61479276,0.49539596,0.5514334,0.7370228,0.4126394,0.43461746,0.7370228,0.5104905,0.37316042,0.1052603161302788,0,"{""type"":""MultiPoint"",""coordinates"":[]}"
2918_0,0.5257621,0.5273454,0.5211497,0.50970525,0.55073196,0.51212645,0.56181604,0.54237676,0.58989596,0.4861868,0.39934713,0.34566864,0.58989596,0.50600934,0.34566864,0.06587783715254866,0,"{""type"":""MultiPoint"",""coordinates"":[]}"
2919_0,0.4517721,0.37653816,0.33218983,0.54320204,0.31632653,0.43940103,0.67607045,0.59931624,0.6939843,0.74848986,0.7328803,0.53934425,0.74848986,0.5374596,0.31632653,0.14837671548979528,0,"{""type"":""MultiPoint"",""coordinates"":[]}"
2920_0,0.31048387,0.2781065,0.21809536,0.2845619,0.28986722,0.4605598,0.34593406,0.26808047,0.55402297,0.18690313,0.5635218,0.51909786,0.5635218,0.3566029,0.18690313,0.12677617325688864,0,"{""type"":""MultiPoint"",""coordinates"":[]}"
2921_0,0.04408538,0.045454547,0.08845253,0.016140157,-0.017661901,0.13113435,0.01606128,0.04395908,0.10955841,0.14337733,0.061844863,0.0077945897,0.14337733,0.05751672,-0.017661901,0.04876823665418559,0,"{""type"":""MultiPoint"",""coordinates"":[]}"
2922_0,0.6261504,0.62152016,0.5023256,0.6384212,0.7097481,0.72,0.7687462,0.74116606,0.6540848,0.82204366,0.7636001,0.7792869,0.82204366,0.6955911,0.5023256,0.08587619957614966,0,"{""type"":""MultiPoint"",""coordinates"":[]}"
2923_0,0.619657,0.68660665,0.46170455,0.43206394,0.5225749,0.5008588,0.70158124,0.60614055,0.35253254,0.6506718,0.61403507,0.6431851,0.70158124,0.5659677,0.35253254,0.10542243360424407,0,"{""type"":""MultiPoint"",""coordinates"":[]}"
2924_0,0.3819831,0.3281704,0.24112903,0.31340995,0.46674562,0.46614116,0.337265,0.433439,0.18357249,0.43261355,0.5328798,0.45274103,0.5328798,0.38084084,0.18357249,0.0983377217644762,0,"{""type"":""MultiPoint"",""coordinates"":[]}"
2925_0,0.33869472,0.47629905,0.35007244,0.33770016,0.61895514,0.52913755,0.6274357,0.5219512,0.73913044,0.7536424,0.68004906,0.63265306,0.7536424,0.55047673,0.33770016,0.1437820069980921,0,"{""type"":""MultiPoint"",""coordinates"":[]}"
2926_0,0.57983196,0.52581817,0.4177215,0.74772954,0.84331566,0.69496083,0.752754,0.65207875,0.80062795,0.90527016,0.80672544,0.7788433,0.90527016,0.70880646,0.4177215,0.13580650611577283,0,"{""type"":""MultiPoint"",""coordinates"":[]}"
2927_0,0.61934865,0.6062992,0.47937867,0.5607293,0.76784354,0.80876493,0.7701088,0.63675445,0.7031185,0.7558282,0.76927453,0.75456053,0.80876493,0.68600076,0.47937867,0.0988487778203802,0,"{""type"":""MultiPoint"",""coordinates"":[]}"
2928_0,0.32903227,0.38719428,0.34356683,0.44329897,0.36559704,0.5841529,0.4845792,0.4212312,0.8529479,0.7990544,0.62134546,0.5256817,0.8529479,0.51314014,0.32903227,0.1654659152701046,0,"{""type"":""MultiPoint"",""coordinates"":[]}"
2929_0,0.6632775,0.6804286,0.5499708,0.7666788,0.8365841,0.57125455,0.7139342,0.6192,0.9218899,0.9267962,0.8115905,0.765,0.9267962,0.7355504,0.5499708,0.12000794942375725,0,"{""type"":""MultiPoint"",""coordinates"":[]}"
2930_0,0.37114885,0.35261875,0.34519368,0.4227027,0.6565047,0.5409273,0.50162196,0.4815897,0.5485133,0.5321419,0.6369427,0.59186864,0.6565047,0.49848118,0.34519368,0.1021951345151385,0,"{""type"":""MultiPoint"",""coordinates"":[]}"
2931_0,0.24828768,0.2740926,0.2518602,0.18605578,0.51615274,0.85531914,0.8111806,0.12701483,0.33009237,0.74233794,0.6882662,0.21243523,0.85531914,0.4369246,0.12701483,0.2573880623493668,0,"{""type"":""MultiPoint"",""coordinates"":[]}"
2932_0,0.4034749,0.3664495,0.22113965,0.32181427,0.50530034,0.20895877,0.10448441,0.066102594,0.3351869,0.07109005,0.14213836,0.16911764,0.50530034,0.24293812,0.066102594,0.13595469927410422,0,"{""type"":""MultiPoint"",""coordinates"":[]}"
2933_0,0.56979406,0.59042555,0.5061822,0.63097197,0.68763876,0.7045144,0.6725838,0.76464796,0.7582038,0.77559376,0.64735943,0.57020056,0.77559376,0.6565097,0.5061822,0.08287474711940783,0,"{""type"":""MultiPoint"",""coordinates"":[]}"
2934_0,0.17538461,0.25036818,0.25207064,0.3380695,0.340589,0.413273,0.29640427,0.42418772,0.3952549,0.314587,0.33037156,0.36205697,0.42418772,0.32438478,0.17538461,0.06986710648102742,0,"{""type"":""MultiPoint"",""coordinates"":[]}"
2935_0,0.14496446,0.13124833,0.17769058,0.152,0.08551219,0.31381306,0.13382481,0.17159241,0.20580122,0.27917165,0.12554653,0.24082232,0.31381306,0.18016563,0.08551219,0.0649327792202445,0,"{""type"":""MultiPoint"",""coordinates"":[]}"
2936_0,0.6383321,0.6137532,0.45387793,0.54688483,0.6737044,0.8039816,0.7654779,0.69064194,0.69350123,0.7741428,0.56984746,0.6705683,0.8039816,0.6578928,0.45387793,0.09712940057945879,0,"{""type"":""MultiPoint"",""coordinates"":[]}"
2937_0,0.39851362,0.41937682,0.36173862,0.5437849,0.5914619,0.5,0.3711384,0.47373542,0.7930661,0.71916217,0.6221889,0.7153502,0.7930661,0.5424597,0.36173862,0.14055988894681024,0,"{""type"":""MultiPoint"",""coordinates"":[]}"
2938_0,0.670791,0.6058237,0.52422494,0.71615213,0.8875586,0.8118074,0.7822272,0.9030372,0.83365077,0.92566144,0.82569087,0.8495406,0.92566144,0.7780138,0.52422494,0.11918366912327379,0,"{""type"":""MultiPoint"",""coordinates"":[]}"
2939_0,0.27597764,0.30808598,0.24587315,0.27064934,0.19202428,0.27858117,0.24342746,0.22527738,0.2906187,0.5535168,0.3797884,0.387458,0.5535168,0.3042732,0.19202428,0.0928663173626777,0,"{""type"":""MultiPoint"",""coordinates"":[]}"
2940_0,0.17099236,0.17275748,0.1576004,0.18974783,0.19234042,0.25030112,0.11266375,0.13776618,0.28112862,0.34723568,0.22202328,0.21103582,0.34723568,0.20379941,0.11266375,0.06209519406853371,0,"{""type"":""MultiPoint"",""coordinates"":[]}"
2941_0,0.3043053,0.23623854,0.15918732,0.2774248,0.08283251,0.1870229,0.27025667,0.12151395,0.46938777,0.50272,0.10945088,0.29958582,0.50272,0.25166053,0.08283251,0.12752310175317616,0,"{""type"":""MultiPoint"",""coordinates"":[]}"
2942_0,0.5914894,0.60329896,0.47253123,0.6773985,0.71946925,0.7725,0.7549766,0.7588841,0.8768052,0.8297088,0.7320644,0.7214043,0.8768052,0.7092109,0.47253123,0.1056946126416424,0,"{""type"":""MultiPoint"",""coordinates"":[]}"
2943_0,0.32046333,0.37589464,0.29037657,0.31687015,0.3854506,0.4913707,0.4202221,0.26173097,0.5183329,0.54290813,0.3103844,0.44631305,0.54290813,0.39002645,0.26173097,0.09006024455355312,0,"{""type"":""MultiPoint"",""coordinates"":[]}"
2944_0,0.25961906,0.32328483,0.23910107,0.49923396,0.38940248,0.5735364,0.501068,0.39305893,0.20084368,0.82261735,0.42524773,0.5947047,0.82261735,0.43514317,0.20084368,0.16926642468139302,0,"{""type"":""MultiPoint"",""coordinates"":[]}"
2945_0,0.122034624,0.07984496,0.13723242,0.048075333,0.007975922,0.2462638,0.079768784,0.02579116,0.2516042,0.2628662,0.09552078,0.21110177,0.2628662,0.13067333,0.007975922,0.08724229457677515,0,"{""type"":""MultiPoint"",""coordinates"":[]}"
2946_0,0.584127,0.6847024,0.2940936,0.39306185,0.36867976,0.7926118,0.6487676,0.6564389,0.57536626,0.34822336,0.5566502,0.530719,0.7926118,0.5361201,0.2940936,0.14767934943765865,0,"{""type"":""MultiPoint"",""coordinates"":[]}"
2947_0,0.51876634,0.49814126,0.36403638,0.48048452,0.6145021,0.43269232,0.6364054,0.6440988,0.78929627,0.35222673,0.19832125,0.6516787,0.78929627,0.51505417,0.19832125,0.15627453324478077,0,"{""type"":""MultiPoint"",""coordinates"":[]}"
2948_0,0.31384015,0.4714065,0.4819164,0.25826332,0.22881787,0.59630275,0.6231954,0.62209845,0.5955639,0.6276543,0.42312926,0.41185802,0.6276543,0.4711705,0.22881787,0.14031760956331327,0,"{""type"":""MultiPoint"",""coordinates"":[]}"
2949_0,0.35396355,0.33069307,0.3003714,0.2799648,0.35050148,0.5863481,0.7134925,0.46934018,0.5671853,0.40653855,0.4728972,0.38746744,0.7134925,0.43489698,0.2799648,0.1259529029877835,0,"{""type"":""MultiPoint"",""coordinates"":[]}"
2950_0,0.12804233,-0.034280118,-0.0034219532,-0.0125399,-0.27190334,-0.03285803,0.07581227,0.007451565,-0.06822612,-0.22326455,0.058333334,0.103053436,0.12804233,-0.022816755,-0.27190334,0.11576931543076212,0,"{""type"":""MultiPoint"",""coordinates"":[]}"
2951_0,0.27083334,0.29431438,0.21241415,0.33855954,0.53238684,0.6068543,0.5563345,0.49673203,0.7075382,0.6739839,0.5209707,0.49947202,0.7075382,0.47586617,0.21241415,0.1543904183825538,0,"{""type"":""MultiPoint"",""coordinates"":[]}"
2952_0,0.16267814,0.14222834,0.1365253,0.16197184,0.12665199,0.1558914,0.12479201,0.14448473,0.1573552,0.22287048,0.18822932,0.18282066,0.22287048,0.15887494,0.12479201,0.027002208723601852,0,"{""type"":""MultiPoint"",""coordinates"":[]}"
2953_0,0.2902519,0.2721354,0.30852017,0.25671992,0.21264683,0.30813953,0.18059638,0.30356443,0.21349472,0.15004055,0.20209745,0.2379661,0.30852017,0.24468112,0.15004055,0.05120705272369519,0,"{""type"":""MultiPoint"",""coordinates"":[]}"
2954_0,0.5859159,0.5714286,0.483413,0.6387261,0.67765003,0.670137,0.68198574,0.63307494,0.67880297,0.67568964,0.7294296,0.6841558,0.7294296,0.64253414,0.483413,0.06385824922165079,0,"{""type"":""MultiPoint"",""coordinates"":[]}"
2955_0,0.7033597,0.747412,0.5976176,0.7772474,0.83037394,0.8214022,0.875153,0.8280058,0.793342,0.8862069,0.6885797,0.7736506,0.8862069,0.77686256,0.5976176,0.0793487673177092,0,"{""type"":""MultiPoint"",""coordinates"":[]}"
2956_0,0.55331564,0.6140719,0.54482466,0.58898765,0.745605,0.12733306,0.7503812,0.5928979,0.6717608,0.6491369,0.779561,0.67675674,0.779561,0.607886,0.12733306,0.1627304394118484,0,"{""type"":""MultiPoint"",""coordinates"":[]}"
2957_0,0.8129171,0.7674123,0.43970606,0.0,0.40196398,0.37444785,0.74563,0.5795971,0.23383594,0.27468738,-0.1488138,0.20951687,0.8129171,0.3909084,-0.1488138,0.2885658811332996,0,"{""type"":""MultiPoint"",""coordinates"":[]}"
2958_0,0.115830116,0.2093664,0.25633943,0.07360157,0.055813953,0.4383596,0.31807113,0.21863799,0.21176873,0.093851134,0.032581452,-0.054108217,0.4383596,0.1641761,-0.054108217,0.1312827392634449,0,"{""type"":""MultiPoint"",""coordinates"":[]}"
2959_0,0.3972826,0.46707505,0.28739884,0.31930467,0.37021276,0.5211192,0.5647005,0.4105747,0.16508539,0.2993539,0.405628,0.2859639,0.5647005,0.37447497,0.16508539,0.10685835793062416,0,"{""type"":""MultiPoint"",""coordinates"":[]}"
2960_0,0.569347,0.58060217,0.4409971,0.5361029,0.62469465,0.50360036,0.6372154,0.6872536,0.46915802,0.48311156,0.6269179,0.49301115,0.6872536,0.55433434,0.4409971,0.07500611380384178,0,"{""type"":""MultiPoint"",""coordinates"":[]}"
2961_0,0.6448498,0.6326884,0.46610278,0.647925,0.72179735,0.75667655,0.7982476,0.81430477,0.76116836,0.7805332,0.79128504,0.6879015,0.81430477,0.70862335,0.46610278,0.09539906215050306,0,"{""type"":""MultiPoint"",""coordinates"":[]}"
2962_0,0.4015915,0.42886075,0.3540617,0.3839756,0.38651958,0.34185302,0.43426922,0.32984936,0.56,0.269085,0.63862926,0.47392815,0.63862926,0.41688526,0.269085,0.09771879902716152,0,"{""type"":""MultiPoint"",""coordinates"":[]}"
2963_0,0.38806787,0.4311188,0.3723404,0.5581189,0.47615153,0.43828037,0.66021734,0.5248272,0.5893019,0.58919424,0.6203101,0.6637975,0.6637975,0.5259772,0.3723404,0.09863613983811483,0,"{""type"":""MultiPoint"",""coordinates"":[]}"
2964_0,0.5723518,0.51747274,0.46622777,0.5979704,0.7037037,0.7560339,0.7780226,0.7033639,0.72094667,0.8167641,0.74489415,0.5874656,0.8167641,0.6637681,0.46622777,0.10681807523846515,0,"{""type"":""MultiPoint"",""coordinates"":[]}"
2965_0,0.5263314,0.52488047,0.48460057,0.41719243,0.44041154,0.32460213,0.34825993,0.25875,0.491251,0.575007,0.6169515,0.27956298,0.6169515,0.44065008,0.25875,0.1116737152242507,0,"{""type"":""MultiPoint"",""coordinates"":[]}"
2966_0,0.622972,0.09181397,0.17174849,0.38807648,0.47514322,0.39175704,0.5287157,0.65617687,0.6017558,0.62531644,0.2842572,0.45373467,0.65617687,0.44095567,0.09181397,0.17618010465479852,0,"{""type"":""MultiPoint"",""coordinates"":[]}"
2967_0,0.41739348,0.3873335,0.35450518,0.45629445,0.5576216,0.49828702,0.37163943,0.4028611,0.21818495,0.64513874,0.5047349,0.47050753,0.64513874,0.44037515,0.21818495,0.10430236995797632,0,"{""type"":""MultiPoint"",""coordinates"":[]}"
2968_0,-0.015030946,-0.09972041,-0.18620178,-0.08326967,-0.089617856,-0.015564202,0.07236388,0.024711696,-0.08786325,0.2957637,0.53378075,0.39562994,0.53378075,0.06208182,-0.18620178,0.215307351860137,0,"{""type"":""MultiPoint"",""coordinates"":[]}"
2969_0,0.18869084,0.23613963,0.18023394,0.050793335,0.48881668,0.50846,0.5101396,0.65720904,0.6426361,0.48747152,0.5503062,0.30120483,0.65720904,0.40017515,0.050793335,0.19117161168690372,0,"{""type"":""MultiPoint"",""coordinates"":[]}"
2970_0,0.26133552,0.2380685,0.20157908,0.3175022,0.39744198,0.38507336,0.40730068,0.40784526,0.40314135,0.459374,0.5161583,0.53110635,0.53110635,0.37716055,0.20157908,0.09996985306573289,0,"{""type"":""MultiPoint"",""coordinates"":[]}"
2971_0,0.65293723,0.20750782,0.40608874,0.5372036,0.29588678,0.21978799,0.6534685,0.724817,0.65371025,0.2661173,0.661109,0.7647807,0.7647807,0.5036179,0.20750782,0.201588877103884,0,"{""type"":""MultiPoint"",""coordinates"":[]}"
2972_0,0.25420377,0.2558381,0.22079314,0.34807417,0.2936428,0.36906755,0.33155516,0.36660078,0.40822932,0.43263158,0.4229543,0.36093417,0.43263158,0.3387104,0.22079314,0.06647560330346174,0,"{""type"":""MultiPoint"",""coordinates"":[]}"
2973_0,0.5676686,0.5088039,0.35440558,0.5982863,0.7394958,0.7291886,0.73481447,0.691025,0.7752188,0.7000732,0.73810506,0.7502204,0.7752188,0.6572755,0.35440558,0.1208582318463112,0,"{""type"":""MultiPoint"",""coordinates"":[]}"
2974_0,0.6483886,0.70236504,0.67889684,0.70787525,0.76654685,0.7087132,0.7536424,0.7739149,0.8012645,0.80072653,0.7818542,0.6898608,0.8012645,0.7345041,0.6483886,0.04910775986161572,0,"{""type"":""MultiPoint"",""coordinates"":[]}"
2975_0,0.4960123,0.50551134,0.3246951,0.38286844,0.3692933,0.5941073,0.64790016,0.5244875,0.52680147,0.56175905,0.59903383,0.5652879,0.64790016,0.50814646,0.3246951,0.09605498658446661,0,"{""type"":""MultiPoint"",""coordinates"":[]}"
2976_0,0.28020567,0.3046173,0.32181427,0.36923635,0.6056475,0.4337495,0.59990096,0.50959814,0.6295896,-0.020107895,0.42410016,0.5572298,0.6295896,0.4179651,-0.020107895,0.17713957870923358,0,"{""type"":""MultiPoint"",""coordinates"":[]}"
2977_0,0.5546147,0.66261655,0.52208436,0.72663784,0.7764406,0.81101066,0.77835757,0.7522691,0.7680626,0.7855478,0.70541656,0.7580214,0.81101066,0.71675664,0.52208436,0.0884655249061503,0,"{""type"":""MultiPoint"",""coordinates"":[]}"
2978_0,0.6596074,0.62638736,0.52698725,0.6913547,0.78496206,0.734732,0.80686796,0.76983947,0.7595801,0.7549561,0.76939654,0.76192945,0.80686796,0.72055006,0.52698725,0.07742477788348769,0,"{""type"":""MultiPoint"",""coordinates"":[]}"
2979_0,0.3608402,0.52846533,0.40636152,0.1483359,0.28072155,0.6329771,0.5484394,0.18855219,0.10989011,0.52473867,0.54330707,0.27391306,0.6329771,0.3788785,0.10989011,0.17016343937807196,0,"{""type"":""MultiPoint"",""coordinates"":[]}"
2980_0,-0.13203342,-0.1861919,-0.034175333,-0.24532852,-0.2361111,-0.013678554,-0.2522639,-0.13795014,-0.45297804,-0.26940638,0.13893376,-0.22525918,0.13893376,-0.17053689,-0.45297804,0.14459033540688856,0,"{""type"":""MultiPoint"",""coordinates"":[]}"
2981_0,0.4187746,0.3983308,0.35226148,0.49531093,0.71386504,0.6186253,0.50658154,0.56408703,0.40096912,0.6588869,0.4756839,0.3425254,0.71386504,0.49549183,0.3425254,0.1165265818540979,0,"{""type"":""MultiPoint"",""coordinates"":[]}"
2982_0,0.6552454,0.69040245,0.53322166,0.49080548,0.4561753,0.57678914,0.60146946,0.60634464,-0.0184765,0.74811083,0.67906064,0.67036873,0.74811083,0.5574598,-0.0184765,0.1920959933816658,0,"{""type"":""MultiPoint"",""coordinates"":[]}"
2983_0,0.6443243,0.6919115,0.5907427,0.49168247,0.6953762,0.5774016,0.5967046,0.66530615,0.687618,0.6615681,0.67344695,0.73165166,0.73165166,0.6423112,0.49168247,0.06378685147957576,0,"{""type"":""MultiPoint"",""coordinates"":[]}"
2984_0,0.47946215,0.53029686,0.41799286,0.4880194,0.6132795,0.7041463,0.71579874,0.65619713,0.6938674,0.74989474,0.67261904,0.6370579,0.74989474,0.6132193,0.41799286,0.10347050219906433,0,"{""type"":""MultiPoint"",""coordinates"":[]}"
2985_0,0.46932355,0.3802497,0.3000813,0.43609706,0.62984914,0.48457193,0.59144056,0.427175,0.7031653,0.67301506,0.63737595,0.5203426,0.7031653,0.52105725,0.3000813,0.12085506147587367,0,"{""type"":""MultiPoint"",""coordinates"":[]}"
2986_0,0.31717825,0.29316598,0.2924425,0.2984218,0.45409673,0.28024083,0.44372186,0.5482042,0.07474985,0.43704423,0.3993135,0.35786515,0.5482042,0.34970373,0.07474985,0.11542806991586897,0,"{""type"":""MultiPoint"",""coordinates"":[]}"
2987_0,0.50626117,0.52929723,0.46341464,0.60964805,0.7564003,0.65906435,0.7199341,0.72736645,0.74383336,0.76395065,0.72190475,0.6586031,0.76395065,0.65497315,0.46341464,0.10028662168013815,0,"{""type"":""MultiPoint"",""coordinates"":[]}"
2988_0,0.49035415,0.71492255,0.63207126,0.51805985,0.652721,0.5939227,0.7344191,0.45315486,0.7013792,0.70147735,0.34807917,0.65336573,0.7344191,0.5994939,0.34807917,0.11629879083900782,0,"{""type"":""MultiPoint"",""coordinates"":[]}"
2989_0,0.37373737,0.4302521,0.43460175,0.4534361,0.4573935,0.36171544,0.428278,0.462646,0.12300123,0.63205457,0.51932895,0.4527744,0.63205457,0.42743495,0.12300123,0.11317816211605197,0,"{""type"":""MultiPoint"",""coordinates"":[]}"
2990_0,0.3788558,0.38325122,0.33854803,0.43459916,0.36970288,0.27529123,0.46084723,0.22147001,0.46010798,0.76154447,0.6651543,0.28779653,0.76154447,0.41976407,0.22147001,0.15007857552859521,0,"{""type"":""MultiPoint"",""coordinates"":[]}"
2991_0,0.7700246,0.6442432,0.3065418,0.29069003,0.075,0.5555556,0.8347969,0.57351124,-0.14015152,-0.3899614,-0.009398496,0.256433,0.8347969,0.3139404,-0.3899614,0.36301736815885455,0,"{""type"":""MultiPoint"",""coordinates"":[]}"
2992_0,0.46995422,0.43057773,0.3871525,0.3190998,0.29035813,0.2605291,0.42655826,0.44367015,0.39809716,0.4618182,0.4798707,0.42193174,0.4798707,0.3991348,0.2605291,0.069101880747321,0,"{""type"":""MultiPoint"",""coordinates"":[]}"
2993_0,0.5746512,0.5940921,0.47490448,0.632107,0.79099745,0.73638463,0.67024785,0.680901,0.8027749,0.7937036,0.7231927,0.7283379,0.8027749,0.68352455,0.47490448,0.09595454921354017,0,"{""type"":""MultiPoint"",""coordinates"":[]}"
2994_0,0.57249355,0.5912353,0.4592338,0.52152437,0.55140823,0.37578195,0.6033234,0.5081409,0.20112185,0.7795046,0.6755522,0.6631418,0.7795046,0.54187185,0.20112185,0.14386483682383308,0,"{""type"":""MultiPoint"",""coordinates"":[]}"
2995_0,0.5306942,0.48594376,0.38322452,0.5362591,0.5990676,0.5709152,0.4616956,0.5634962,0.6409412,0.62857145,0.57757294,0.5349109,0.6409412,0.5427744,0.38322452,0.06958740355215083,0,"{""type"":""MultiPoint"",""coordinates"":[]}"
2996_0,0.36075205,0.3898305,0.31161007,0.13423659,0.52770513,0.50135255,0.3631396,0.46315277,0.686475,0.7633974,0.5388548,0.64236003,0.7633974,0.4735722,0.13423659,0.16812814233124285,0,"{""type"":""MultiPoint"",""coordinates"":[]}"
2997_0,0.5576801,0.6154089,0.46787456,0.5688282,0.6655133,0.21900827,0.5965665,0.61751825,0.6450087,0.7330238,0.0016172507,0.6567268,0.7330238,0.5287312,0.0016172507,0.20212880953127157,0,"{""type"":""MultiPoint"",""coordinates"":[]}"
2998_0,0.60538006,0.5635053,0.50430924,0.63304514,0.8003203,0.7214332,0.76025236,0.700611,0.7224709,0.75641024,0.7068864,0.6702002,0.8003203,0.6787354,0.50430924,0.08352252502212992,0,"{""type"":""MultiPoint"",""coordinates"":[]}"
2999_0,0.2975227,0.2904953,0.22836801,0.38413033,0.5235378,0.37222221,0.3613707,0.11146195,0.35044044,0.40518963,0.61876047,0.47317073,0.61876047,0.36805585,0.11146195,0.12794201900835725,0,"{""type"":""MultiPoint"",""coordinates"":[]}"
3000_0,0.25658536,0.22034705,0.26613098,0.27704147,0.26534218,0.30430838,0.27857143,0.31663516,0.1692884,0.20916419,0.3924812,0.2262017,0.3924812,0.2651748,0.1692884,0.05525799928634556,0,"{""type"":""MultiPoint"",""coordinates"":[]}"
3001_0,0.67799187,0.6900967,0.48424438,0.6753413,0.77074456,0.57374734,0.7448832,0.6488286,0.75526315,0.872563,0.78169525,0.7860143,0.872563,0.7051178,0.48424438,0.09996199049637834,0,"{""type"":""MultiPoint"",""coordinates"":[]}"
3002_0,0.580874,0.6938719,0.55590063,0.45505986,0.21718796,0.40171593,0.62816024,0.62218827,0.5608138,0.6359039,0.37453645,0.4915568,0.6938719,0.51814747,0.21718796,0.13047907540320527,0,"{""type"":""MultiPoint"",""coordinates"":[]}"
3003_0,0.20886953,0.18338816,0.15758218,0.15507594,0.21387696,0.2010688,0.23984179,0.2427041,0.27766505,0.36430418,0.39157706,0.32967275,0.39157706,0.24713555,0.15507594,0.07508894161960504,0,"{""type"":""MultiPoint"",""coordinates"":[]}"
3004_0,0.71859866,0.77534646,0.3340233,0.22326621,0.16541685,0.52872443,0.7088328,0.6919418,0.12702306,-0.22633745,-0.25985664,0.19660245,0.77534646,0.33196518,-0.25985664,0.3437824274828892,0,"{""type"":""MultiPoint"",""coordinates"":[]}"
3005_0,0.36743215,0.41077608,0.35242897,0.50183344,0.52146727,0.49497488,0.55212015,0.5809901,0.6319786,0.7761989,0.49605057,0.6008135,0.7761989,0.523922,0.35242897,0.11331875923315332,0,"{""type"":""MultiPoint"",""coordinates"":[]}"
3006_0,0.2289823,0.22919229,0.2929048,0.33103552,0.34361506,0.19628339,0.27607727,0.35658914,0.21266969,0.34735116,0.35031846,0.23716381,0.35658914,0.28351524,0.19628339,0.058161350643854894,0,"{""type"":""MultiPoint"",""coordinates"":[]}"
3007_0,0.5402066,0.50270945,0.34631225,0.6394052,0.76821,0.7966194,0.79328716,0.76689726,0.5521387,0.678426,0.45503357,0.6794224,0.7966194,0.6265557,0.34631225,0.14095550732840528,0,"{""type"":""MultiPoint"",""coordinates"":[]}"
3008_0,0.571153,0.55595493,0.44491526,0.59828603,0.7932974,0.7576728,0.71560055,0.7426139,0.50658685,0.8394771,0.78762496,0.76438504,0.8394771,0.67313063,0.44491526,0.1247921383266916,0,"{""type"":""MultiPoint"",""coordinates"":[]}"
3009_0,0.05620915,-0.048148148,-0.056191467,-0.004209463,-0.28140703,-0.12073863,-0.4126246,-0.079936475,0.095668726,-0.25199544,-0.031317033,-0.17084827,0.095668726,-0.10879489,-0.4126246,0.14137942407574974,0,"{""type"":""MultiPoint"",""coordinates"":[]}"
3010_0,0.47519812,0.59152335,0.37006122,0.37020892,0.3297935,0.58653134,0.6299718,0.25317153,0.542524,0.68910354,0.28703296,0.18541504,0.68910354,0.4425446,0.18541504,0.1579213821624997,0,"{""type"":""MultiPoint"",""coordinates"":[]}"
3011_0,0.50617963,0.50941503,0.44645476,0.45085803,0.499226,0.5792549,0.4957151,0.4619666,0.5184088,0.5762376,0.73398465,0.59081197,0.73398465,0.53070945,0.44645476,0.0769120485689565,0,"{""type"":""MultiPoint"",""coordinates"":[]}"
3012_0,0.61002505,0.5497254,0.42922637,0.46104863,0.6240745,0.5282738,0.7040058,0.6038826,0.651056,0.5736652,0.60562557,0.41980514,0.7040058,0.56336784,0.41980514,0.08532034718993234,0,"{""type"":""MultiPoint"",""coordinates"":[]}"
3013_0,0.65376675,0.70781696,0.6268364,0.56219393,0.632009,0.6552102,0.71406764,0.7209191,0.56027937,0.5422653,0.7643622,0.8153224,0.8153224,0.6629208,0.5422653,0.08121569355455881,0,"{""type"":""MultiPoint"",""coordinates"":[]}"
3014_0,0.32962516,0.26863182,0.23920913,0.4439692,0.5197912,0.4240951,0.47442588,0.43149808,0.6427617,0.6924434,0.6055959,0.6419001,0.6924434,0.47616223,0.23920913,0.14349581256572758,0,"{""type"":""MultiPoint"",""coordinates"":[]}"
3015_0,0.6020374,0.37937328,0.3509844,0.6109857,0.35951662,0.6267543,0.7658561,0.5762712,0.15905339,0.53690034,0.6403927,0.77603513,0.77603513,0.53201336,0.15905339,0.1763042713900078,0,"{""type"":""MultiPoint"",""coordinates"":[]}"
3016_0,0.50269413,0.44172662,0.39407244,0.39284846,0.61875,0.27266437,0.6562824,0.5656752,0.42192394,-0.008558713,0.5387293,0.4420046,0.6562824,0.43656772,-0.008558713,0.1688029097386363,0,"{""type"":""MultiPoint"",""coordinates"":[]}"
3017_0,0.38794085,0.40295032,0.31061414,0.3148295,0.13829787,0.41348022,0.39275363,0.477229,0.22425629,0.18817852,0.17573221,0.19562453,0.477229,0.3018239,0.13829787,0.10887361795691823,0,"{""type"":""MultiPoint"",""coordinates"":[]}"
3018_0,0.17827967,0.18359078,0.18105616,0.17171717,0.15322076,0.33211678,0.424,0.28209764,0.35558584,0.18305084,0.2413793,0.43824703,0.43824703,0.26036182,0.15322076,0.09903891911700276,0,"{""type"":""MultiPoint"",""coordinates"":[]}"
3019_0,0.53477496,0.57059723,0.5066856,0.64932364,0.77508825,0.7838375,0.7727163,0.7519305,0.8007329,0.774541,0.7428852,0.76726586,0.8007329,0.7025316,0.5066856,0.10272322955416778,0,"{""type"":""MultiPoint"",""coordinates"":[]}"
3020_0,0.09125767,0.06296691,0.09521974,0.04879938,0.01986532,0.097101994,0.03130259,0.048331775,0.042793386,-0.069270104,0.057974838,0.075723834,0.097101994,0.050172277,-0.069270104,0.04320293808870576,0,"{""type"":""MultiPoint"",""coordinates"":[]}"
3021_0,0.49209347,0.3991171,0.33475366,0.62716836,0.66755176,0.55220205,0.56207,0.62893426,0.76257384,0.8262351,0.7392259,0.67995745,0.8262351,0.60599023,0.33475366,0.13999234450124576,0,"{""type"":""MultiPoint"",""coordinates"":[]}"
3022_0,0.4004404,0.38213256,0.32558703,0.47957712,0.4794243,0.4919864,0.44123957,0.40829536,0.67075604,0.6953203,0.5019808,0.6008418,0.6953203,0.48979846,0.32558703,0.10924884292787877,0,"{""type"":""MultiPoint"",""coordinates"":[]}"
3023_0,0.4987139,0.46896762,0.3759621,0.5376799,0.6266297,0.746456,0.63087934,0.47466448,0.5402884,0.6318182,0.5714286,0.49251747,0.746456,0.5496671,0.3759621,0.09437165431361227,0,"{""type"":""MultiPoint"",""coordinates"":[]}"
3024_0,0.31681797,0.3034483,0.25082842,0.2609209,0.2797447,0.22869198,0.3631444,0.29821652,0.42907608,0.45935434,0.38290533,0.34902412,0.45935434,0.32684776,0.22869198,0.06856064115367565,0,"{""type"":""MultiPoint"",""coordinates"":[]}"
3025_0,0.21675597,0.198,0.18048546,0.23669899,0.2792363,0.2614737,0.24232708,0.26325756,0.23544632,0.268945,0.21714923,0.25859806,0.2792363,0.2381978,0.18048546,0.028999595001323347,0,"{""type"":""MultiPoint"",""coordinates"":[]}"
3026_0,0.70553935,0.74525476,0.51817024,0.74959725,0.83952856,0.65000594,0.83532596,0.7810638,0.83431953,0.81229776,0.78512394,0.81882185,0.83952856,0.7562541,0.51817024,0.09059787588864703,0,"{""type"":""MultiPoint"",""coordinates"":[]}"
3027_0,0.44131213,0.34261408,0.41714966,0.4516129,0.6761595,0.61613864,0.6934783,0.7001857,0.6542343,0.5949367,0.6364865,0.35821727,0.7001857,0.5485438,0.34261408,0.1299688065638693,0,"{""type"":""MultiPoint"",""coordinates"":[]}"
3028_0,-0.13677812,-0.2895986,-0.05618497,-0.055707764,-0.39458415,-0.20666666,-0.117913835,0.11042471,-0.63984674,-0.55587256,-0.3418903,-0.44430992,0.11042471,-0.26074407,-0.63984674,0.21412409303610147,0,"{""type"":""MultiPoint"",""coordinates"":[]}"
3029_0,0.4342171,0.47975078,0.34362063,0.42311507,0.51559633,0.6957201,0.6010775,0.61744094,0.87593055,0.8051551,0.7324538,0.7601873,0.87593055,0.6070221,0.34362063,0.16237628941444068,0,"{""type"":""MultiPoint"",""coordinates"":[]}"
3030_0,0.13838911,0.14741172,0.16829452,0.23548387,0.20243737,0.24282478,0.12398374,0.19396847,0.35964587,0.30485436,0.19439322,0.21109861,0.35964587,0.21023214,0.12398374,0.06573940267217376,0,"{""type"":""MultiPoint"",""coordinates"":[]}"
3031_0,0.56073993,0.48221046,0.3943947,0.41800642,0.5502295,0.14437754,0.56324136,0.46606943,0.15228952,0.62940735,0.47928298,0.513302,0.62940735,0.44612926,0.14437754,0.1470409866543392,0,"{""type"":""MultiPoint"",""coordinates"":[]}"
3032_0,0.6582886,0.53593177,0.3589356,0.3555317,0.61005557,0.7034434,0.65366614,0.63271016,0.54323864,0.5432338,0.5901484,0.57228607,0.7034434,0.5631225,0.3555317,0.104530988699682,0,"{""type"":""MultiPoint"",""coordinates"":[]}"
3033_0,0.5313617,0.59621453,0.4875,0.15006393,0.72116005,0.7531683,0.6848713,0.7556609,0.7242888,0.78114635,0.73025,0.69573694,0.78114635,0.6342852,0.15006393,0.1707055471088614,0,"{""type"":""MultiPoint"",""coordinates"":[]}"
3034_0,0.43952802,0.4167786,0.33317202,0.4271448,0.40254155,0.52112675,0.4496541,0.41720662,0.547041,0.6754998,0.3471173,0.5091805,0.6754998,0.45716593,0.33317202,0.09014311504619749,0,"{""type"":""MultiPoint"",""coordinates"":[]}"
3035_0,0.23212628,0.2153923,0.20975609,0.18232605,0.26927876,0.48218527,0.562449,0.5394645,0.19605425,0.311621,0.40805605,0.38950893,0.562449,0.33318487,0.18232605,0.13276774689976156,0,"{""type"":""MultiPoint"",""coordinates"":[]}"
3036_0,0.43060797,0.44672295,0.43987048,0.5001999,0.6339678,0.45197523,0.560179,0.5555556,0.3953439,0.6681447,0.45078808,0.5599034,0.6681447,0.50777155,0.3953439,0.08303712439112265,0,"{""type"":""MultiPoint"",""coordinates"":[]}"
3037_0,0.22089826,0.19424461,0.16495846,0.22846138,0.15986913,0.2988586,0.30870488,0.263018,0.27608415,0.3657641,0.2723498,0.23973364,0.3657641,0.24941209,0.15986913,0.05806640982607073,0,"{""type"":""MultiPoint"",""coordinates"":[]}"
3038_0,0.42028984,0.72936064,0.6821516,0.51556814,0.17945206,0.5788029,0.72467256,0.6381471,0.34356165,0.10290986,-0.18402778,-0.049486462,0.72936064,0.39011684,-0.18402778,0.2997215436762442,0,"{""type"":""MultiPoint"",""coordinates"":[]}"
3039_0,0.28376472,0.6702742,0.4808853,0.19273914,0.11484166,0.15177797,0.12305296,0.5333897,0.93439716,0.90089303,0.8702045,0.4083682,0.93439716,0.47204903,0.11484166,0.29844372119533696,0,"{""type"":""MultiPoint"",""coordinates"":[]}"
3040_0,0.12556343,0.1446541,0.06025244,0.18446831,0.16,0.3496802,0.3840399,0.2932331,0.5615907,0.6401845,0.38613862,0.472043,0.6401845,0.31348735,0.06025244,0.1764356585952042,0,"{""type"":""MultiPoint"",""coordinates"":[]}"
3041_0,0.26695412,0.1728763,0.1705778,0.1702454,0.22334144,0.29764745,0.47388342,0.48778683,0.8795894,0.76120085,0.7799175,0.70227003,0.8795894,0.44885755,0.1702454,0.2577287643230886,0,"{""type"":""MultiPoint"",""coordinates"":[]}"
3042_0,0.63010204,0.682161,0.60106516,0.6567628,0.77587605,0.77752316,0.73224044,0.7362391,0.75049454,0.7234568,0.78735006,0.6886657,0.78735006,0.71182805,0.60106516,0.057850974457559635,0,"{""type"":""MultiPoint"",""coordinates"":[]}"
3043_0,0.14526796,0.13659969,0.15630884,0.13225964,0.12444548,0.17976141,0.17409626,0.12277074,0.2307511,0.27583846,0.17381376,0.2014652,0.27583846,0.17111488,0.12277074,0.04438382125416247,0,"{""type"":""MultiPoint"",""coordinates"":[]}"
3044_0,0.23322147,0.22752328,0.23908989,0.16989286,0.16752313,0.15435083,0.16500857,0.2162255,0.15490508,0.18666667,0.19154334,0.23543888,0.23908989,0.19511579,0.15435083,0.03185175467253699,0,"{""type"":""MultiPoint"",""coordinates"":[]}"
3045_0,0.3490878,0.320725,0.20029382,0.17267081,0.20166636,0.27343246,0.3620837,0.2742616,0.46728325,0.5854801,0.63151574,0.59934676,0.63151574,0.36982062,0.17267081,0.15662590484208744,0,"{""type"":""MultiPoint"",""coordinates"":[]}"
3046_0,0.58295196,0.46119007,0.47614762,0.38171262,0.6717657,0.6080567,0.6970588,0.70344985,0.75600785,0.8278812,0.76144505,0.7668743,0.8278812,0.6412118,0.38171262,0.13468605789890825,0,"{""type"":""MultiPoint"",""coordinates"":[]}"
3047_0,0.31624693,0.26256743,0.24019504,0.33535528,0.2247557,0.13052687,0.12195122,0.25847644,0.100113764,0.58222675,0.8430286,0.34717417,0.8430286,0.31355152,0.100113764,0.20182674624434024,0,"{""type"":""MultiPoint"",""coordinates"":[]}"
3048_0,0.7047127,0.7467708,0.5995712,0.6084021,0.8419427,0.3318078,0.74095064,0.6513712,0.5197006,0.85682124,0.72467405,0.7602357,0.85682124,0.6739134,0.3318078,0.13952675565010098,0,"{""type"":""MultiPoint"",""coordinates"":[]}"
3049_0,0.5201481,0.40998352,0.38829488,0.54199904,0.45656803,0.56371385,0.49688548,0.5457592,0.6007964,0.502551,0.38561705,0.46624532,0.6007964,0.48988017,0.38561705,0.06705755567726687,0,"{""type"":""MultiPoint"",""coordinates"":[]}"
3050_0,0.23982398,0.24679875,0.21414742,0.24190477,0.22869119,0.21142578,0.24357176,0.3023344,0.21033868,0.1997328,0.18809883,0.20159504,0.3023344,0.22737195,0.18809883,0.02932185084817855,0,"{""type"":""MultiPoint"",""coordinates"":[]}"
3051_0,0.1745164,0.08409922,0.113513514,0.041195244,0.05551086,0.1778742,0.09922628,0.14041995,0.13871951,0.20691244,0.23709457,0.2136249,0.23709457,0.14022559,0.041195244,0.060787894875064113,0,"{""type"":""MultiPoint"",""coordinates"":[]}"
3052_0,0.07082483,0.09025916,0.10682366,0.057619818,-0.0038631347,0.1685875,0.03654661,0.06697211,0.011523687,-0.07540603,0.09032447,0.08292683,0.1685875,0.05859496,-0.07540603,0.05902372624119359,0,"{""type"":""MultiPoint"",""coordinates"":[]}"
3053_0,0.69807595,0.73409826,0.5959474,0.72982985,0.8195603,0.5826228,0.77699405,0.8165226,0.75206614,0.82356226,0.73170733,0.6993604,0.82356226,0.7300289,0.5826228,0.07562199765212935,0,"{""type"":""MultiPoint"",""coordinates"":[]}"
3054_0,0.27164623,0.28839672,0.2570184,0.3473168,0.28386232,0.19610232,0.2841631,0.38101318,0.18727915,0.30550283,0.3346918,0.28505394,0.38101318,0.28517056,0.18727915,0.05355542499413065,0,"{""type"":""MultiPoint"",""coordinates"":[]}"
3055_0,0.56158406,0.5559921,0.4218315,0.59254146,0.7334337,0.24788515,0.798787,0.6427945,0.7167019,0.71597636,-0.01600784,0.6961326,0.798787,0.5556377,-0.01600784,0.22555672197241894,0,"{""type"":""MultiPoint"",""coordinates"":[]}"
3056_0,0.49418688,0.4353016,0.34856784,0.42784554,0.446084,0.5027942,0.4859191,0.40749148,0.28798103,0.63163096,0.6296766,0.6234214,0.63163096,0.47674173,0.28798103,0.10482712426187102,0,"{""type"":""MultiPoint"",""coordinates"":[]}"
3057_0,0.45528692,0.4742952,0.34516045,0.05239377,0.5191257,0.45858434,0.5415949,0.5981669,0.31953332,0.22411953,0.48117155,0.32563758,0.5981669,0.39958918,0.05239377,0.14687908425927296,0,"{""type"":""MultiPoint"",""coordinates"":[]}"
3058_0,0.29288214,0.3305238,0.33221006,0.47420022,0.43452227,0.4649167,0.43614095,0.5638298,0.5144685,0.5837188,0.44079718,0.3548387,0.5837188,0.4352541,0.29288214,0.0892561977543207,0,"{""type"":""MultiPoint"",""coordinates"":[]}"
3059_0,0.39948884,0.40191847,0.3545687,0.43526787,0.4884354,0.37241253,0.43481717,0.50124896,0.51190025,0.45535272,0.6309106,0.5206776,0.6309106,0.4589166,0.3545687,0.07369511227633231,0,"{""type"":""MultiPoint"",""coordinates"":[]}"
3060_0,0.25044316,0.2565735,0.1877637,0.33163264,0.46252286,0.49120805,0.45685998,0.38112524,0.38565022,0.66189504,0.49798965,0.5311841,0.66189504,0.407904,0.1877637,0.1301699396008867,0,"{""type"":""MultiPoint"",""coordinates"":[]}"
3061_0,0.28352726,0.31102553,0.40533474,0.40658435,0.50627,0.47451645,0.5072609,0.40655106,0.6039366,0.6489104,0.6278511,0.54750884,0.6489104,0.47743976,0.28352726,0.11372720370911023,0,"{""type"":""MultiPoint"",""coordinates"":[]}"
3062_0,0.42176962,0.4336795,0.35687685,0.28483704,0.56399864,0.19896989,0.6899373,0.38534528,0.7233931,0.7800858,0.5337605,0.6020644,0.7800858,0.49789315,0.19896989,0.17346727698931105,0,"{""type"":""MultiPoint"",""coordinates"":[]}"
3063_0,0.32627785,0.3014266,0.26469344,0.33885515,0.25087887,0.72398525,0.6985646,0.74501646,0.3603454,0.3972295,0.59877723,0.58941555,0.74501646,0.46628883,0.25087887,0.18184682689638842,0,"{""type"":""MultiPoint"",""coordinates"":[]}"
3064_0,0.3460657,0.31106472,0.2944754,0.30741316,0.3376029,0.34412557,0.37277076,0.3183779,0.12430873,0.43908322,0.36029804,0.40100324,0.43908322,0.3297158,0.12430873,0.07347169186890827,0,"{""type"":""MultiPoint"",""coordinates"":[]}"
3065_0,0.44850135,0.3834015,0.3527166,0.32130718,0.48436382,0.57614434,0.6601816,0.6175335,0.6409966,0.48428145,0.5602649,0.51884156,0.6601816,0.50404453,0.32130718,0.10774322380140641,0,"{""type"":""MultiPoint"",""coordinates"":[]}"
3066_0,0.1607937,0.112249404,0.16087715,0.18644068,0.16078697,0.053680982,0.14391144,0.17659499,0.2629076,0.07662588,0.16713881,0.14215384,0.2629076,0.15034679,0.053680982,0.051325489273953175,0,"{""type"":""MultiPoint"",""coordinates"":[]}"
3067_0,0.067669176,0.0381072,0.08491015,0.009890946,0.0077826516,0.18036254,0.016821045,-0.020719739,0.036993016,0.036768045,0.09202454,0.061832566,0.18036254,0.051036842,-0.020719739,0.05033003594196283,0,"{""type"":""MultiPoint"",""coordinates"":[]}"
3068_0,0.37418067,0.44544822,0.34683415,0.42857143,0.7053452,0.19756469,0.72699225,0.7146988,0.13897152,0.5460364,-0.03265621,0.508808,0.72699225,0.42506626,-0.03265621,0.22867433072980256,0,"{""type"":""MultiPoint"",""coordinates"":[]}"
3069_0,0.47388467,0.42528737,0.3423658,0.41623652,0.66442955,0.50480306,0.38300774,0.22915474,0.28983212,0.36366972,0.42727274,0.40052816,0.66442955,0.41003934,0.22915474,0.10530063585714806,0,"{""type"":""MultiPoint"",""coordinates"":[]}"
3070_0,0.509887,0.5264876,0.40509644,0.6019108,0.68248564,0.49761677,0.5526862,0.80857426,0.40615386,0.5868929,0.55721927,0.57168245,0.80857426,0.5588911,0.40509644,0.10592623497099193,0,"{""type"":""MultiPoint"",""coordinates"":[]}"
3071_0,0.51296544,0.5040274,0.40286833,0.40829584,0.5585349,0.4119129,0.6098894,0.46877912,0.5460189,0.50806177,0.47462687,0.4869704,0.6098894,0.49107927,0.40286833,0.060763177979629705,0,"{""type"":""MultiPoint"",""coordinates"":[]}"
3072_0,0.645375,0.68652713,0.6646091,0.6538561,0.7453861,0.7680307,0.7764269,0.7213017,0.74780995,0.74603987,0.74871236,0.7179703,0.7764269,0.7185038,0.645375,0.04332311509913565,0,"{""type"":""MultiPoint"",""coordinates"":[]}"
3073_0,0.39295697,0.3691906,0.33035713,0.31205487,0.35006896,0.2838471,0.40794224,0.35346755,0.4810093,0.4429003,0.49511895,0.46391097,0.49511895,0.39023542,0.2838471,0.06594647296002065,0,"{""type"":""MultiPoint"",""coordinates"":[]}"
3074_0,0.20799,0.21314554,0.1840254,0.1854063,0.599139,0.64705884,0.6005305,0.16409037,0.61299855,0.64145327,0.1986014,0.31914893,0.64705884,0.38113233,0.16409037,0.20565598179611871,0,"{""type"":""MultiPoint"",""coordinates"":[]}"
3075_0,0.3941048,0.3159722,0.3274431,0.18462536,0.43643963,0.53469825,0.3491949,0.44898966,0.359447,0.46823278,-0.02037658,0.44311854,0.53469825,0.3534908,-0.02037658,0.14204384117322646,0,"{""type"":""MultiPoint"",""coordinates"":[]}"
3076_0,0.48020303,0.49017525,0.44770917,0.52674806,0.5293069,0.57908165,0.4976526,0.5799649,0.087154865,0.6272053,0.63386244,0.5808122,0.63386244,0.5049897,0.087154865,0.1379082492497691,0,"{""type"":""MultiPoint"",""coordinates"":[]}"
3077_0,0.38385633,0.20968479,0.26150474,0.50620687,0.5219897,0.68155783,0.6467991,0.3847953,0.22020842,0.0867347,0.23191346,0.5407603,0.68155783,0.38966763,0.0867347,0.18245644173435643,0,"{""type"":""MultiPoint"",""coordinates"":[]}"
3078_0,0.5479452,0.588162,0.5016797,0.5544747,0.5104678,0.55361664,0.55474246,0.533694,0.5454161,0.7406403,0.66031295,0.6516204,0.7406403,0.57856435,0.5016797,0.0675456462843145,0,"{""type"":""MultiPoint"",""coordinates"":[]}"
3079_0,0.42552665,0.32139093,0.33460256,0.51184523,0.59966356,0.482894,0.5450949,0.49540842,0.3879552,0.48862785,0.57689303,0.4288572,0.59966356,0.4665633,0.32139093,0.08537428872130254,0,"{""type"":""MultiPoint"",""coordinates"":[]}"
3080_0,0.63625157,0.6760049,0.48365545,0.66501266,0.7692464,0.7706752,0.7866354,0.7167794,0.7662545,0.22397892,0.73803073,0.79310346,0.79310346,0.6688024,0.22397892,0.15802605463295474,0,"{""type"":""MultiPoint"",""coordinates"":[]}"
3081_0,0.6421265,0.53880477,0.48081657,0.5904301,0.6504956,0.6443582,0.75622016,0.6546234,0.6798825,0.74088746,0.7037341,0.72610396,0.75622016,0.65070695,0.48081657,0.07840111714416921,0,"{""type"":""MultiPoint"",""coordinates"":[]}"
3082_0,0.50063854,0.46946386,0.36240253,0.5528012,0.515076,0.31123227,0.54877317,0.46504855,0.62946624,0.64344007,0.71101415,0.7193644,0.7193644,0.5357267,0.31123227,0.12137487501188576,0,"{""type"":""MultiPoint"",""coordinates"":[]}"
3083_0,0.38769773,0.38987988,0.38860446,0.28808716,0.40532434,0.5305053,0.5253683,0.43933588,0.40419677,0.26166242,0.35550562,0.36375976,0.5305053,0.39499396,0.26166242,0.07603720658719974,0,"{""type"":""MultiPoint"",""coordinates"":[]}"
3084_0,0.6101172,0.6317864,0.5644399,0.6406591,0.6745833,0.6147424,0.6488318,0.7261879,0.7526405,0.7350782,0.75158596,0.59883785,0.7526405,0.6624575,0.5644399,0.06180069496609001,0,"{""type"":""MultiPoint"",""coordinates"":[]}"
3085_0,0.69508153,0.7131403,0.50863826,0.064390376,0.8665806,0.32628718,0.85936815,0.69130534,0.77406096,0.85728645,0.8236945,0.84108096,0.8665806,0.6684095,0.064390376,0.2392963085902717,0,"{""type"":""MultiPoint"",""coordinates"":[]}"
3086_0,0.32766935,0.31401175,0.24868882,0.26901546,0.28779396,0.21306819,0.515683,0.65002805,0.26150122,0.49146503,0.59414226,0.5771264,0.65002805,0.39584947,0.21306819,0.15069671815723903,0,"{""type"":""MultiPoint"",""coordinates"":[]}"
3087_0,0.2643533,0.30355516,0.21909548,0.31924197,0.34007397,0.27548602,0.3540622,0.32517007,0.44509283,0.5022789,0.2780433,0.39757365,0.5022789,0.33533558,0.21909548,0.07689300801509101,0,"{""type"":""MultiPoint"",""coordinates"":[]}"
3088_0,0.61330867,0.6123314,0.55811167,0.6712508,0.5127455,0.5832863,0.70837086,0.4723093,0.7297699,0.76,0.6694593,0.52643335,0.76,0.61811477,0.4723093,0.0874840318734283,0,"{""type"":""MultiPoint"",""coordinates"":[]}"
3089_0,0.5922961,0.6125,0.51024437,0.5820052,0.7372138,0.358081,0.68304145,0.66673696,0.6002275,0.73006135,0.48298755,0.5408304,0.7372138,0.59135216,0.358081,0.1042869230501954,0,"{""type"":""MultiPoint"",""coordinates"":[]}"
3090_0,0.24684502,0.23051873,0.22852795,0.19506006,0.15176715,0.18513173,0.16879275,0.1449119,0.2748538,0.28416485,0.253076,0.26349956,0.28416485,0.21892913,0.1449119,0.046328976639836754,0,"{""type"":""MultiPoint"",""coordinates"":[]}"
3091_0,0.23561645,0.21821946,0.19817857,0.1731978,0.31184408,0.38057524,0.35850558,0.36726967,0.55407804,0.5915705,0.3933596,0.24515824,0.5915705,0.3356311,0.1731978,0.12842578276312808,0,"{""type"":""MultiPoint"",""coordinates"":[]}"
3092_0,0.46165597,0.4204322,0.34538037,0.43629825,0.7269891,0.46083173,0.7359736,0.7693198,0.76765376,0.15902005,0.815534,0.6793103,0.815534,0.5648666,0.15902005,0.20128110153067946,0,"{""type"":""MultiPoint"",""coordinates"":[]}"
3093_0,0.60224664,0.5521881,0.4586971,0.6473055,0.55539036,0.49605343,0.46971864,0.4617334,0.47569636,0.7261364,0.75459784,0.46487603,0.75459784,0.55538666,0.4586971,0.10124956314689469,0,"{""type"":""MultiPoint"",""coordinates"":[]}"
3094_0,0.37464863,0.34051725,0.2979989,0.3739742,0.3763764,0.4342183,0.45614475,0.2852292,0.13712774,0.46217105,0.38055766,0.42337933,0.46217105,0.36186194,0.13712774,0.08648387337849679,0,"{""type"":""MultiPoint"",""coordinates"":[]}"
3095_0,0.3216495,0.30357143,0.3960143,0.52160877,0.5477163,0.7264168,0.6917359,0.46866772,0.37691402,0.8607626,0.7701791,0.2374756,0.8607626,0.51855934,0.2374756,0.19494466941073815,0,"{""type"":""MultiPoint"",""coordinates"":[]}"
3096_0,0.33847967,0.312985,0.30666667,0.33151284,0.39969984,0.4596923,0.51524264,0.29706392,0.10488895,0.4900366,0.39787486,0.46234345,0.51524264,0.36804056,0.10488895,0.10763728033234596,0,"{""type"":""MultiPoint"",""coordinates"":[]}"
3097_0,0.5555556,0.5196941,0.40684518,0.43799242,0.6210526,0.2905558,0.7361536,0.5592342,0.75935614,0.6482514,0.48515815,0.56875,0.75935614,0.5490499,0.2905558,0.12881351084784756,0,"{""type"":""MultiPoint"",""coordinates"":[]}"
3098_0,0.3457289,0.44552377,0.3449105,0.3985128,0.557373,0.5161203,0.60047364,0.53779227,0.4930517,0.45635086,0.49227834,0.36199096,0.60047364,0.46250892,0.3449105,0.08184693097466923,0,"{""type"":""MultiPoint"",""coordinates"":[]}"
3099_0,0.56076896,0.62581444,0.374806,0.08450106,0.34227672,0.63869697,0.7592068,0.31020546,0.27700618,0.15272728,0.08651713,0.36248237,0.7592068,0.38125077,0.08450106,0.2133357892880957,0,"{""type"":""MultiPoint"",""coordinates"":[]}"
3100_0,0.39203653,0.38935235,0.36850232,0.54318076,0.39272988,0.35948995,0.3983287,0.46644533,0.52019507,0.7441303,0.5018537,0.45738637,0.7441303,0.46113595,0.35948995,0.103870912009086,0,"{""type"":""MultiPoint"",""coordinates"":[]}"
3101_0,0.53070307,0.55608165,0.41736543,0.67898923,0.7662216,0.7544633,0.7084449,0.67808723,0.7938144,0.7905159,0.5754923,0.6733859,0.7938144,0.6602971,0.41736543,0.11250541064040204,0,"{""type"":""MultiPoint"",""coordinates"":[]}"
3102_0,0.27299792,0.2836986,0.28860977,0.45265463,0.54585636,0.55199564,0.6705099,0.62575674,0.39904472,0.55207866,0.62718207,0.63255537,0.6705099,0.49191168,0.27299792,0.14165794813729457,0,"{""type"":""MultiPoint"",""coordinates"":[]}"
3103_0,0.50956625,0.507159,0.41978726,0.5002681,0.5387819,0.6268062,0.64878494,0.6581928,0.5100725,0.71685153,0.6979446,0.72915435,0.72915435,0.5886141,0.41978726,0.09828231861687396,0,"{""type"":""MultiPoint"",""coordinates"":[]}"
3104_0,0.55136985,0.56077015,0.47669172,0.5223323,0.5435416,0.64510167,0.600661,0.5221863,0.6581152,0.578971,0.4787026,0.42794058,0.6581152,0.54719865,0.42794058,0.06525559307465525,0,"{""type"":""MultiPoint"",""coordinates"":[]}"
3105_0,0.21529509,0.20709382,0.19559835,0.18787158,0.2526235,0.33039162,0.26715,0.274109,0.30713043,0.3787234,0.35536724,0.33704048,0.3787234,0.27569956,0.18787158,0.0631111532336742,0,"{""type"":""MultiPoint"",""coordinates"":[]}"
3106_0,0.3694997,0.45476225,0.46974143,0.41179714,0.39093655,0.5764879,0.6628044,0.46672785,0.26187575,0.28755003,0.3549633,0.3479024,0.6628044,0.42125407,0.26187575,0.10982033030084594,0,"{""type"":""MultiPoint"",""coordinates"":[]}"
3107_0,0.17740652,0.18106508,0.106925204,0.46461156,0.49601737,0.45262462,0.265625,0.48779166,0.551417,0.50882655,0.43987086,0.43079165,0.551417,0.38024777,0.106925204,0.1466080023718024,0,"{""type"":""MultiPoint"",""coordinates"":[]}"
3108_0,0.3533569,0.43037176,0.37986887,0.6549781,0.7236307,0.69550544,0.75029725,0.58483034,0.1858864,0.46254584,0.5165987,0.39772165,0.75029725,0.5112993,0.1858864,0.1663716755387833,0,"{""type"":""MultiPoint"",""coordinates"":[]}"
3109_0,0.6426238,0.6467391,0.54051834,0.70391244,0.7921569,0.760469,0.75069845,0.6867803,0.07221514,0.88418996,0.8128741,0.8019752,0.88418996,0.6745961,0.07221514,0.2020536006385608,0,"{""type"":""MultiPoint"",""coordinates"":[]}"
3110_0,0.38945332,0.3763764,0.34735835,0.33080956,0.63265306,0.7661715,0.7468132,0.47951666,0.26394963,0.8533969,0.6162618,0.22630835,0.8533969,0.5024224,0.22630835,0.20375053068485485,0,"{""type"":""MultiPoint"",""coordinates"":[]}"
3111_0,0.37579617,0.4457554,0.34977168,0.41396436,0.37366918,0.36827773,0.5006344,0.40617576,0.7558528,0.86401165,0.3046729,0.35238096,0.86401165,0.4592469,0.3046729,0.165437002387418,0,"{""type"":""MultiPoint"",""coordinates"":[]}"
3112_0,0.022258194,0.058211073,0.03902781,0.08283883,0.084141664,-0.12345216,-0.06772256,-0.066875,-0.05263158,-0.043107126,-0.041518677,0.0122889625,0.084141664,-0.008045047,-0.12345216,0.06414483425527642,0,"{""type"":""MultiPoint"",""coordinates"":[]}"
3113_0,0.27470016,0.2503544,0.20888889,0.24914855,0.23585679,0.3559055,0.26516113,0.26046985,0.33833835,0.45250702,0.42682573,0.35117278,0.45250702,0.30577743,0.20888889,0.07474351396726457,0,"{""type"":""MultiPoint"",""coordinates"":[]}"
3114_0,0.0082018925,0.05235602,0.06690778,0.078112505,0.054194506,0.14904143,-0.085339166,0.15891741,0.08858603,-0.005065856,-0.06861989,0.14063604,0.15891741,0.053160727,-0.085339166,0.0761151165373094,0,"{""type"":""MultiPoint"",""coordinates"":[]}"
3115_0,0.21620227,0.15873925,0.15410343,0.10798122,0.43581757,0.15789473,0.14774625,0.34381056,0.106399685,0.31745133,0.56141585,0.3784382,0.56141585,0.25716668,0.106399685,0.14116618712747883,0,"{""type"":""MultiPoint"",""coordinates"":[]}"
3116_0,0.6607535,0.7835746,0.5443803,0.14879356,0.30634278,0.2792422,0.76821434,0.44287616,0.34730878,0.35736677,0.032907993,0.03156481,0.7835746,0.3919438,0.03156481,0.24734636073004493,0,"{""type"":""MultiPoint"",""coordinates"":[]}"
3117_0,0.5240678,0.61109453,0.47888723,0.61726695,0.6064539,0.58543247,0.5539394,0.6596661,0.7608973,0.7157472,0.6492248,0.64407307,0.7608973,0.6172292,0.47888723,0.07465444286619412,0,"{""type"":""MultiPoint"",""coordinates"":[]}"
3118_0,0.51688313,0.43286908,0.35800526,0.4587156,0.54778326,0.5426552,0.6413405,0.35774058,0.5325602,0.783771,0.6600959,0.35355893,0.783771,0.5154982,0.35355893,0.12804803385874794,0,"{""type"":""MultiPoint"",""coordinates"":[]}"
3119_0,0.680839,0.73714286,0.5225065,0.78795916,0.8416788,0.8255814,0.8222836,0.81074166,0.7870693,0.7806109,0.088541664,0.71858823,0.8416788,0.70029527,0.088541664,0.20255719621532028,0,"{""type"":""MultiPoint"",""coordinates"":[]}"
3120_0,0.57358086,0.62637365,0.53778106,0.4319908,0.64996386,0.2811806,0.67844343,0.5059445,0.53698415,0.7010131,0.63617957,0.70555925,0.70555925,0.5720829,0.2811806,0.11899153656973477,0,"{""type"":""MultiPoint"",""coordinates"":[]}"
3121_0,0.6387326,0.6067717,0.48738462,0.59218407,0.72886133,0.6866046,0.78843933,0.6432626,0.26838794,0.7323136,0.7509037,0.7141233,0.78843933,0.63649744,0.26838794,0.13633926935616714,0,"{""type"":""MultiPoint"",""coordinates"":[]}"
3122_0,0.23203559,0.24651998,0.2706383,0.23028883,0.120148495,0.08098045,0.075668626,0.19950928,0.7587507,0.7524997,0.3191044,0.24948025,0.7587507,0.2946354,0.075668626,0.21827355074325566,0,"{""type"":""MultiPoint"",""coordinates"":[]}"
3123_0,0.5524843,0.5792855,0.48316365,0.5644212,0.6460098,0.6867242,0.68069535,0.6175843,0.6891975,0.6162915,0.59939146,0.594052,0.6891975,0.6091084,0.48316365,0.0586828626910506,0,"{""type"":""MultiPoint"",""coordinates"":[]}"
3124_0,0.20209724,0.18188718,0.17373939,0.19751315,0.34907645,0.37561697,0.38274112,0.08050089,0.3987261,0.3776188,0.34173056,0.34646088,0.3987261,0.28397572,0.08050089,0.10397255771875628,0,"{""type"":""MultiPoint"",""coordinates"":[]}"
3125_0,0.4232456,0.45249188,0.38202837,0.32571718,0.48285222,0.46058926,0.50417584,0.46219382,-0.010519988,0.68329716,0.54875225,0.5545977,0.68329716,0.43911844,-0.010519988,0.16094551253263545,0,"{""type"":""MultiPoint"",""coordinates"":[]}"
3126_0,0.4684609,0.42412245,0.32921493,0.45127976,0.6364906,0.5928265,0.47338402,0.52262235,0.50670016,0.61864966,0.64683574,0.5698712,0.64683574,0.5200382,0.32921493,0.09242426379503264,0,"{""type"":""MultiPoint"",""coordinates"":[]}"
3127_0,0.3535629,0.36091954,0.32727823,0.30437204,0.4697698,0.5012265,0.57070047,0.6117647,0.5381277,0.5945946,0.6775396,0.2999332,0.6775396,0.46748245,0.2999332,0.1279829981443676,0,"{""type"":""MultiPoint"",""coordinates"":[]}"
3128_0,0.2827448,0.26783043,0.22024097,0.2571191,0.25135136,0.30941704,0.27554312,0.24913794,0.49283543,0.45506257,0.36291295,0.3835507,0.49283543,0.3173122,0.22024097,0.08353915055032773,0,"{""type"":""MultiPoint"",""coordinates"":[]}"
3129_0,0.7002596,0.74740523,0.59770244,0.68869936,0.83932877,0.48321265,0.87504363,0.809646,0.87537307,0.80898106,0.6914231,0.7662216,0.87537307,0.7402747,0.48321265,0.11163124598390893,0,"{""type"":""MultiPoint"",""coordinates"":[]}"
3130_0,0.16542156,0.1542575,0.18603027,0.14279687,0.15863279,0.13642503,0.1442091,0.22340919,0.16775599,0.15705976,0.2861218,0.16342412,0.2861218,0.17379533,0.13642503,0.040380601373661826,0,"{""type"":""MultiPoint"",""coordinates"":[]}"
3131_0,0.6645691,0.70346177,0.4909752,0.2526297,0.79252917,0.82994217,0.77817136,0.8144429,0.8488479,0.8642766,0.82247883,0.7734077,0.8642766,0.71964437,0.2526297,0.17191443248235783,0,"{""type"":""MultiPoint"",""coordinates"":[]}"
3132_0,0.4405431,0.30054387,0.23165934,0.38968724,0.5279342,0.42777213,0.35768905,0.142461,0.568839,0.72323173,0.67507005,0.61315787,0.72323173,0.4498824,0.142461,0.17065104745210655,0,"{""type"":""MultiPoint"",""coordinates"":[]}"
3133_0,0.69863015,0.64572376,0.51921546,0.7502614,0.86233145,0.7507224,0.8257352,0.8101382,0.776961,0.85829765,0.83140993,0.82006264,0.86233145,0.76245743,0.51921546,0.09612259458839587,0,"{""type"":""MultiPoint"",""coordinates"":[]}"
3134_0,0.57328147,0.6520451,0.6333996,0.69873416,0.7276617,0.7489668,0.7777778,0.76349133,0.7438507,0.77995956,0.6990214,0.7238368,0.77995956,0.71016884,0.57328147,0.060334229509555234,0,"{""type"":""MultiPoint"",""coordinates"":[]}"
3135_0,0.32241854,0.33012202,0.23699078,0.3514112,0.3823621,0.55783087,0.42264915,0.4088937,0.38502914,0.591271,0.26410565,0.577994,0.591271,0.40258983,0.23699078,0.11274078593924136,0,"{""type"":""MultiPoint"",""coordinates"":[]}"
3136_0,0.6136422,0.62733907,0.5055249,0.6312634,0.6572149,0.6151692,0.6435136,0.63624114,0.2551366,0.74708676,0.664358,0.6613409,0.74708676,0.60481924,0.2551366,0.11752241582500227,0,"{""type"":""MultiPoint"",""coordinates"":[]}"
3137_0,0.2723065,0.2984823,0.2645018,0.32157555,0.4708093,0.4707938,0.47959185,0.37777779,0.48094118,0.34345564,0.3756689,0.39034662,0.48094118,0.37885427,0.2645018,0.07801937030081237,0,"{""type"":""MultiPoint"",""coordinates"":[]}"
3138_0,0.3399861,0.37480766,0.35606387,0.5194257,0.30076838,0.5133136,0.725479,0.7164324,0.08680726,0.721266,0.6458994,0.40987578,0.725479,0.47584376,0.08680726,0.191924544289545,0,"{""type"":""MultiPoint"",""coordinates"":[]}"
3139_0,0.26809284,0.25460932,0.22130975,0.23832725,0.38976052,0.29407513,0.3131154,0.3074485,0.43085608,0.55089194,0.30286825,0.33971292,0.55089194,0.3259223,0.22130975,0.08896882522075054,0,"{""type"":""MultiPoint"",""coordinates"":[]}"
3140_0,0.33575463,0.34250456,0.444428,0.46719095,0.7742638,0.4202995,0.7892791,0.65352625,0.8160489,0.88330275,-0.04577275,-0.2354297,0.88330275,0.47044966,-0.2354297,0.331640558894506,0,"{""type"":""MultiPoint"",""coordinates"":[]}"
3141_0,0.36996767,0.3552465,0.25420967,0.27861494,0.4924012,0.4808927,0.5588995,0.44592953,0.3010101,0.26509395,0.36624297,0.13925608,0.5588995,0.35898042,0.13925608,0.11484353472566981,0,"{""type"":""MultiPoint"",""coordinates"":[]}"
3142_0,0.52908224,0.5297763,0.4495526,0.71413517,0.67453176,0.72522897,0.631917,0.7090352,0.52828175,0.8080808,0.5855632,0.7039778,0.8080808,0.6324302,0.4495526,0.10271599701923864,0,"{""type"":""MultiPoint"",""coordinates"":[]}"
3143_0,0.24225353,0.3062802,0.29647666,0.31894934,0.32942975,0.35991943,0.31227285,0.3636143,0.27708387,0.23867069,0.33045977,0.35462388,0.3636143,0.3108362,0.23867069,0.03998787346049055,0,"{""type"":""MultiPoint"",""coordinates"":[]}"
3144_0,0.41252005,0.4386149,0.33384418,0.38428158,0.4210662,0.3716591,0.40467894,0.35321102,0.22090076,0.4637224,0.3426509,0.3863109,0.4637224,0.37778842,0.22090076,0.06015448985402485,0,"{""type"":""MultiPoint"",""coordinates"":[]}"
3145_0,0.34090334,0.35010856,0.31765962,0.31380337,0.3827431,0.43231648,0.33333334,0.38503155,0.51896864,0.43760043,0.39514348,0.3937532,0.51896864,0.38344708,0.31380337,0.05667448373114744,0,"{""type"":""MultiPoint"",""coordinates"":[]}"
3146_0,0.22064897,0.21744509,0.13304935,0.22853687,0.104777195,0.21770401,0.16690308,0.16338582,0.17820069,0.46550843,0.09821428,0.21782799,0.46550843,0.20101681,0.09821428,0.09104942346225471,0,"{""type"":""MultiPoint"",""coordinates"":[]}"
3147_0,0.719374,0.7004745,0.53420013,0.7307061,0.85561246,0.84201956,0.8757011,0.79588145,0.1413097,0.87216496,0.8292099,0.82588947,0.8757011,0.7268786,0.1413097,0.19977204540414129,0,"{""type"":""MultiPoint"",""coordinates"":[]}"
3148_0,0.46117452,0.49385306,0.34209806,0.45949367,0.5188199,0.4903475,0.5383455,0.47040498,0.6730642,0.739508,0.45679012,0.65081924,0.739508,0.5245599,0.34209806,0.10630269099798595,0,"{""type"":""MultiPoint"",""coordinates"":[]}"
3149_0,0.3510694,0.31261426,0.31117535,0.4230166,0.38832998,0.523126,0.5145056,0.2091954,0.52159774,0.55948335,0.26813242,0.43891922,0.55948335,0.40176377,0.2091954,0.10891570897216218,0,"{""type"":""MultiPoint"",""coordinates"":[]}"
3150_0,0.5112055,0.48193625,0.4464,0.7024159,0.6626673,0.6217407,0.5968414,0.7476858,0.62862235,0.7914494,0.68969697,0.71413857,0.7914494,0.6329,0.4464,0.10315149097147248,0,"{""type"":""MultiPoint"",""coordinates"":[]}"
3151_0,0.4818131,0.50832456,0.43514204,0.3996139,0.6226123,0.5740848,0.5439705,0.5023661,0.4278238,0.33106133,0.20289855,0.20115894,0.6226123,0.43590584,0.20115894,0.12883241853743826,0,"{""type"":""MultiPoint"",""coordinates"":[]}"
3152_0,0.34386256,0.4190532,0.23190789,0.072623774,0.19868638,0.36173698,0.23780052,0.49682876,0.5459823,0.36259285,0.29718876,0.2871226,0.5459823,0.3212822,0.072623774,0.1252610592499739,0,"{""type"":""MultiPoint"",""coordinates"":[]}"
3153_0,0.38818076,0.371494,0.30122098,0.42696774,0.4809322,0.35939968,0.4882172,0.5237097,0.6834283,0.5948963,0.41718587,0.6420937,0.6834283,0.47314388,0.30122098,0.11392329280217098,0,"{""type"":""MultiPoint"",""coordinates"":[]}"
3154_0,0.37313432,0.47238153,0.2940889,0.36377475,0.22399868,0.35907337,0.3328686,0.26155835,0.47952047,0.565381,0.5274463,0.58776957,0.58776957,0.40341634,0.22399868,0.11541546330613414,0,"{""type"":""MultiPoint"",""coordinates"":[]}"
3155_0,0.390795,0.5875969,0.54196554,0.60217905,0.66305935,0.73480964,0.6984633,0.62021947,0.7484239,0.7993174,0.77243036,0.7454814,0.7993174,0.6587284,0.390795,0.11210600798764284,0,"{""type"":""MultiPoint"",""coordinates"":[]}"
3156_0,0.5486936,0.49865228,0.35963655,0.42355177,0.57178897,0.3223461,0.6730993,0.6410541,0.64194965,0.8398653,0.6812675,0.6916507,0.8398653,0.574463,0.3223461,0.14525911384695983,0,"{""type"":""MultiPoint"",""coordinates"":[]}"
3157_0,0.6622659,0.67303544,0.5108773,0.4388489,0.5166404,0.46397254,0.5874623,0.588197,0.6046055,0.53458524,0.6420407,0.67208135,0.67303544,0.57455105,0.4388489,0.077655325237344,0,"{""type"":""MultiPoint"",""coordinates"":[]}"
3158_0,0.28514412,0.23928945,0.24258521,0.11397368,0.247115,0.2822736,0.16477065,0.20645303,0.1575321,0.48910522,0.3581609,0.24180904,0.48910522,0.25235102,0.11397368,0.09466583061160651,0,"{""type"":""MultiPoint"",""coordinates"":[]}"
3159_0,0.34405145,0.2420438,0.24270377,0.11600505,0.58369994,0.70593524,0.70318604,0.5313531,0.38217214,0.5645386,0.61075795,0.45960188,0.70593524,0.45717075,0.11600505,0.18396857635200448,0,"{""type"":""MultiPoint"",""coordinates"":[]}"
3160_0,-0.10022075,-0.10173697,0.010715816,-0.094938606,-0.13603322,0.028169014,-0.1458886,-0.19709209,0.11462451,0.18409091,0.036358263,0.020283977,0.18409091,-0.031805646,-0.19709209,0.11014100650882426,0,"{""type"":""MultiPoint"",""coordinates"":[]}"
3161_0,0.32819194,0.28599718,0.42292684,0.5584181,0.3915416,0.15793265,0.04335742,0.08866706,0.27491516,0.41974807,0.37659237,0.31227508,0.5584181,0.30504695,0.04335742,0.14220057853471307,0,"{""type"":""MultiPoint"",""coordinates"":[]}"
3162_0,0.6949396,0.70074815,0.556746,0.70093036,0.8342246,0.81576324,0.7798878,0.7831111,0.38196555,0.7860831,0.7727395,0.7401015,0.8342246,0.71227,0.38196555,0.1221011758027101,0,"{""type"":""MultiPoint"",""coordinates"":[]}"
3163_0,0.5572369,0.50406504,0.37959635,0.42269325,0.43114704,0.46307385,0.5837857,0.55112064,0.20528182,0.67039335,0.67631376,0.73673165,0.73673165,0.51511997,0.20528182,0.14135692806172548,0,"{""type"":""MultiPoint"",""coordinates"":[]}"
3164_0,0.37909406,0.4049904,0.30360094,0.43291435,0.5413897,0.43030974,0.4184874,0.5473525,0.59825075,0.5488993,0.57747394,0.5512732,0.59825075,0.47783637,0.30360094,0.08988665888997333,0,"{""type"":""MultiPoint"",""coordinates"":[]}"
3165_0,0.6138673,0.71112627,0.468942,0.35038933,0.698728,0.52550906,0.80451125,0.4098213,0.087285474,0.0058479533,0.12674187,0.08863109,0.80451125,0.40761673,0.0058479533,0.26497490764828546,0,"{""type"":""MultiPoint"",""coordinates"":[]}"
3166_0,0.5528507,0.6319304,0.57619375,0.5246587,0.7313606,0.65556556,0.7149399,0.6875,0.7432017,0.6222189,0.5694487,0.59596884,0.7432017,0.6338198,0.5246587,0.07007192740418998,0,"{""type"":""MultiPoint"",""coordinates"":[]}"
3167_0,0.48423207,0.462944,0.43255296,0.53682417,0.70288664,0.5334005,0.55201143,0.68528825,0.7225933,0.6381561,0.7440178,0.6711625,0.7440178,0.5971725,0.43255296,0.10448632271401001,0,"{""type"":""MultiPoint"",""coordinates"":[]}"
3168_0,0.49470085,0.5289079,0.32078275,0.541499,0.56063616,0.1930681,0.6935484,0.5029968,0.21683227,0.65961254,0.5974515,0.5827957,0.6935484,0.49106932,0.1930681,0.15575450624858428,0,"{""type"":""MultiPoint"",""coordinates"":[]}"
3169_0,0.19309261,0.14378029,0.1271116,0.028712058,0.010309278,0.09549795,-0.049449142,0.068577275,0.12187959,-0.07521256,-0.025267249,0.047355685,0.19309261,0.05719895,-0.07521256,0.07929133708941095,0,"{""type"":""MultiPoint"",""coordinates"":[]}"
3170_0,0.76703966,0.68740696,0.33500755,0.46227893,0.46417862,0.7338569,0.8135241,0.7212181,0.77244735,0.79208905,0.38309988,0.61130744,0.8135241,0.6286212,0.33500755,0.16466165877905503,0,"{""type"":""MultiPoint"",""coordinates"":[]}"
3171_0,0.5259718,0.6046921,0.564257,0.66936076,0.7860963,0.6948052,0.6554642,0.70599866,0.6712066,0.6363636,0.55212355,0.6088632,0.7860963,0.6396002,0.5259718,0.07039634999694158,0,"{""type"":""MultiPoint"",""coordinates"":[]}"
3172_0,0.41352242,0.35949942,0.29965618,0.34706154,0.45174086,0.4414327,0.47315675,0.59256506,0.70038205,0.63070315,0.6311581,0.4863359,0.70038205,0.4856012,0.29965618,0.1217689267498634,0,"{""type"":""MultiPoint"",""coordinates"":[]}"
3173_0,0.35186833,0.24414246,0.12380519,0.103088945,0.143125,0.25374812,0.2521596,0.15529412,0.3352622,0.6951075,0.77759707,0.8057657,0.8057657,0.3534137,0.103088945,0.24708660479090916,0,"{""type"":""MultiPoint"",""coordinates"":[]}"
3174_0,0.45478794,0.32499334,0.28609625,0.5275479,0.59218436,0.5,0.55853724,0.6354036,0.42141452,0.46963918,0.5336179,0.58908683,0.6354036,0.4911091,0.28609625,0.10192291066813162,0,"{""type"":""MultiPoint"",""coordinates"":[]}"
3175_0,0.20208333,0.20331141,0.15264949,0.16370325,0.11617489,0.31805557,0.10039035,0.19710144,0.26585093,0.30030644,0.20097889,0.31028762,0.31805557,0.2109078,0.10039035,0.0704765671607869,0,"{""type"":""MultiPoint"",""coordinates"":[]}"
3176_0,0.21857667,0.22539683,0.19892474,0.30010873,0.11080074,0.079674795,0.09573542,0.099075295,0.2519084,0.7324955,0.70372146,0.2517131,0.7324955,0.27234432,0.079674795,0.21102047887005676,0,"{""type"":""MultiPoint"",""coordinates"":[]}"
3177_0,0.38554582,0.3859155,0.2832653,0.44763362,0.44351906,0.51749206,0.4624611,0.47666335,0.35754985,0.49362195,0.42298135,0.4756003,0.51749206,0.4293541,0.2832653,0.06341061357054097,0,"{""type"":""MultiPoint"",""coordinates"":[]}"
3178_0,0.18309087,0.18070482,0.1794379,0.1621805,0.10958904,0.20447284,0.1529027,0.1745301,0.094933026,0.42052543,0.19954777,0.30806157,0.42052543,0.19749805,0.094933026,0.08408590793410978,0,"{""type"":""MultiPoint"",""coordinates"":[]}"
3179_0,0.28450578,0.2836495,0.22914422,0.1863998,0.6959209,0.75706553,0.8053262,0.40389973,0.42099568,0.8566714,0.4721812,0.35342228,0.8566714,0.47909853,0.1863998,0.2277339230477867,0,"{""type"":""MultiPoint"",""coordinates"":[]}"
3180_0,0.46782666,0.42068964,0.3733621,0.6348774,0.4823161,0.50905186,0.49487418,0.50278986,0.6067511,0.64161116,0.6033646,0.5562566,0.64161116,0.52448094,0.3733621,0.08169547109348954,0,"{""type"":""MultiPoint"",""coordinates"":[]}"
3181_0,0.66186863,0.6976744,0.5866746,0.706006,0.8612789,0.8081784,0.8878392,0.81879765,0.23298639,0.9042691,0.774106,0.8137692,0.9042691,0.72945404,0.23298639,0.17542810650967605,0,"{""type"":""MultiPoint"",""coordinates"":[]}"
3182_0,0.54273635,0.5003018,0.43117493,0.5461465,0.49812734,0.42347926,0.59415084,0.6164585,0.4932409,0.2195946,0.22913872,0.48701298,0.6164585,0.4651302,0.2195946,0.12062176612852799,0,"{""type"":""MultiPoint"",""coordinates"":[]}"
3183_0,0.12338668,0.09496676,0.1604146,0.07037897,0.10880415,0.14205004,0.07750188,0.06307054,0.13929784,0.2,0.2299873,0.24110672,0.24110672,0.13758045,0.06307054,0.05789351199273322,0,"{""type"":""MultiPoint"",""coordinates"":[]}"
3184_0,0.416998,0.4685633,0.3807276,0.52017397,0.66757345,0.51815355,0.6467223,0.6431322,0.7861842,0.7068607,0.7128678,0.7259724,0.7861842,0.5994941,0.3807276,0.12754580351128744,0,"{""type"":""MultiPoint"",""coordinates"":[]}"
3185_0,0.3851121,0.53383213,0.4065053,0.40074113,0.6075578,0.4823427,0.6549651,0.79641634,0.65923727,0.7385373,0.7654809,0.6987935,0.79641634,0.5941268,0.3851121,0.14219469595550227,0,"{""type"":""MultiPoint"",""coordinates"":[]}"
3186_0,0.5613486,0.6583051,0.4226138,0.20232247,0.17802806,0.16208394,0.16087309,0.23592994,0.84851015,0.73034906,0.33333334,0.30815375,0.84851015,0.40015426,0.16087309,0.23192863759313598,0,"{""type"":""MultiPoint"",""coordinates"":[]}"
3187_0,0.4728409,0.4365945,0.4379718,0.30977443,0.54984426,0.3532247,0.6063071,0.6856492,0.6367785,0.86105675,0.79042405,0.7950574,0.86105675,0.5779603,0.30977443,0.1737160184378947,0,"{""type"":""MultiPoint"",""coordinates"":[]}"
3188_0,0.49004424,0.4137344,0.40696082,0.6202371,0.7473214,0.7119468,0.7441609,0.69123906,0.8047855,0.65766954,0.63192904,0.58265114,0.8047855,0.62522334,0.40696082,0.12474980169143544,0,"{""type"":""MultiPoint"",""coordinates"":[]}"
3189_0,0.4188592,0.48573792,0.3637128,0.4391245,0.5971897,0.28621206,0.68730104,0.60421205,0.6115653,0.3469709,0.3612805,0.5095729,0.68730104,0.47597823,0.28621206,0.12194094963075583,0,"{""type"":""MultiPoint"",""coordinates"":[]}"
3190_0,0.35303777,0.36477485,0.38195246,0.5016949,0.47778937,0.48232523,0.55870205,0.5486381,0.54569536,0.56535816,0.40359095,0.46035805,0.56535816,0.47032645,0.35303777,0.07477680582205237,0,"{""type"":""MultiPoint"",""coordinates"":[]}"
3191_0,0.029687896,-0.005425936,0.06925208,0.021663172,-0.03208758,0.22125895,-0.030489052,-0.021181718,-0.07855626,-0.11331269,-0.062937066,-0.026356589,0.22125895,-0.0023737329,-0.11331269,0.08222850317885969,0,"{""type"":""MultiPoint"",""coordinates"":[]}"
3192_0,0.25819436,0.028477095,0.27147856,0.16426416,-0.02150746,0.06414474,0.16737388,0.1957672,0.01010101,0.11924082,0.14300177,0.19299406,0.27147856,0.13279419,-0.02150746,0.09104925474902568,0,"{""type"":""MultiPoint"",""coordinates"":[]}"
3193_0,0.50167,0.46867973,0.42237845,0.41762453,0.47309285,0.5286553,0.44982606,0.3800298,0.56632656,0.6310335,0.6600306,0.43506077,0.6600306,0.49453402,0.3800298,0.0833103247981762,0,"{""type"":""MultiPoint"",""coordinates"":[]}"
3194_0,0.53331393,0.58132994,0.50625783,0.49242884,0.6857251,0.52990055,0.7045144,0.6789957,0.79090065,0.28988978,0.8308047,0.6991625,0.8308047,0.61026865,0.28988978,0.1440576056738346,0,"{""type"":""MultiPoint"",""coordinates"":[]}"
3195_0,0.63559437,0.5458613,0.5023661,0.38635293,0.52190185,0.42384106,0.4384093,0.4416723,0.49215063,0.6469473,0.5952579,0.65133876,0.65133876,0.5234745,0.38635293,0.08846174328168974,0,"{""type"":""MultiPoint"",""coordinates"":[]}"
3196_0,0.5901288,0.6311776,0.5193356,0.20115472,0.66193855,0.69175947,0.68761814,0.66523993,0.7178195,0.8179141,0.08158508,0.7395374,0.8179141,0.5837674,0.08158508,0.2115959024754287,0,"{""type"":""MultiPoint"",""coordinates"":[]}"
3197_0,0.6164761,0.5664585,0.46496993,0.48077753,0.66098297,0.7107921,0.6612506,0.54615384,0.7406658,0.7412883,0.6915576,0.68013465,0.7412883,0.63012564,0.46496993,0.09135617549379575,0,"{""type"":""MultiPoint"",""coordinates"":[]}"
3198_0,0.5105301,0.36430976,0.35384616,0.44746283,0.45146295,0.55445415,0.6322783,0.38064516,0.38629675,0.46859902,0.6584052,0.36664796,0.6584052,0.4645782,0.35384616,0.10059863297219311,0,"{""type"":""MultiPoint"",""coordinates"":[]}"
3199_0,0.29166666,0.2659039,0.2182189,0.22654103,0.35684893,0.2883534,0.23353752,0.2536654,0.36725911,0.37603307,0.65915877,0.40304095,0.65915877,0.3283523,0.2182189,0.1167329506141186,0,"{""type"":""MultiPoint"",""coordinates"":[]}"
3200_0,0.43721402,0.3961644,0.36228094,0.4278892,0.40556088,0.5561019,0.52805823,0.55895865,0.5534765,0.71118575,0.4947651,0.5741349,0.71118575,0.50048256,0.36228094,0.0949560096539172,0,"{""type"":""MultiPoint"",""coordinates"":[]}"
3201_0,0.38160998,0.40233633,0.34565216,0.2933443,0.64415056,0.79855317,0.8042796,0.87814003,0.82360923,0.50672644,0.2978344,0.35283136,0.87814003,0.54408896,0.2933443,0.2197622242715282,0,"{""type"":""MultiPoint"",""coordinates"":[]}"
3202_0,0.37609598,0.33086967,0.32857144,0.46025515,0.5257384,0.41740513,0.22893547,0.3289358,0.36466593,0.5434693,0.46666667,0.29269573,0.5434693,0.38869205,0.22893547,0.09163585411879174,0,"{""type"":""MultiPoint"",""coordinates"":[]}"
3203_0,0.24873666,0.24564087,0.19466004,0.33369625,0.49888888,0.46326685,0.38643703,0.40416443,0.56211257,0.5655362,0.50363445,0.43810135,0.5655362,0.40373963,0.19466004,0.12005476081345466,0,"{""type"":""MultiPoint"",""coordinates"":[]}"
3204_0,0.48983186,0.53791314,0.4539464,0.36028433,0.48231435,0.37949455,0.39775878,0.44215247,0.028622862,0.80242455,0.5086906,0.5368421,0.80242455,0.45168966,0.028622862,0.16805241746174546,0,"{""type"":""MultiPoint"",""coordinates"":[]}"
3205_0,0.2568847,0.23120506,0.2055703,0.27826086,0.41625506,0.3324263,0.3604405,0.26192704,0.175607,0.41986144,0.38800374,0.29326922,0.41986144,0.3016426,0.175607,0.07812837026953398,0,"{""type"":""MultiPoint"",""coordinates"":[]}"
3206_0,0.56835985,0.63249516,0.51783943,0.57311654,0.6548652,0.31302658,0.75302243,0.62201995,0.70049137,0.82453114,0.6463121,0.74092066,0.82453114,0.6289167,0.31302658,0.126252683137383,0,"{""type"":""MultiPoint"",""coordinates"":[]}"
3207_0,0.7076492,0.73403114,0.5987896,0.60426855,0.7744843,0.2493769,0.79012865,0.63274676,0.777898,0.79884505,0.6753927,0.75721014,0.79884505,0.6750684,0.2493769,0.14552717915785665,0,"{""type"":""MultiPoint"",""coordinates"":[]}"
3208_0,0.013661202,0.0018761726,0.107317075,0.12989299,-0.07773541,0.09806781,-0.04474787,0.03409992,0.061481483,0.05041712,0.009577865,0.018018018,0.12989299,0.033493865,-0.07773541,0.058224231416484,0,"{""type"":""MultiPoint"",""coordinates"":[]}"
3209_0,0.4625873,0.52144146,0.42584008,0.5347178,0.7195652,0.721866,0.5913261,0.5129596,0.6348837,0.8042086,0.48997772,0.6237898,0.8042086,0.5869303,0.42584008,0.11179767431450059,0,"{""type"":""MultiPoint"",""coordinates"":[]}"
3210_0,0.42185792,0.43316895,0.38074696,0.3733469,0.43747178,0.48109967,0.4636678,0.5202847,0.5023544,0.6152472,0.51542574,0.5810968,0.6152472,0.4771474,0.3733469,0.07110355173636464,0,"{""type"":""MultiPoint"",""coordinates"":[]}"
3211_0,0.12774451,0.14136125,0.1647868,0.0855358,0.07123728,0.064183384,0.07295285,0.10534509,0.024810126,-0.010297483,0.054138146,0.036548223,0.1647868,0.0781955,-0.010297483,0.04830506352925802,0,"{""type"":""MultiPoint"",""coordinates"":[]}"
3212_0,0.33387402,0.38012663,0.31670952,0.3475232,0.39598998,0.24601397,0.3125,0.43250445,0.32265598,0.33398917,0.3571245,0.36007926,0.43250445,0.3449242,0.24601397,0.04497284925673676,0,"{""type"":""MultiPoint"",""coordinates"":[]}"
3213_0,0.13396293,0.0932547,0.08895866,0.06996639,0.04587156,0.22623345,0.064327486,0.04761905,0.026584867,0.05263158,0.11275964,0.1384892,0.22623345,0.091721624,0.026584867,0.05288302550031633,0,"{""type"":""MultiPoint"",""coordinates"":[]}"
3214_0,0.46746987,0.48805672,0.42307693,0.518961,0.55183184,0.54853725,0.62328213,0.5358418,0.67000234,0.651388,0.6313498,0.6148238,0.67000234,0.5603851,0.42307693,0.07500171397053033,0,"{""type"":""MultiPoint"",""coordinates"":[]}"
3215_0,0.49766356,0.48994413,0.4486501,0.6849743,0.86853397,0.7444238,0.7660194,0.7169664,0.8872357,0.9253605,0.75613886,0.8081224,0.9253605,0.7161694,0.4486501,0.1530356280365658,0,"{""type"":""MultiPoint"",""coordinates"":[]}"
3216_0,0.4856107,0.40751585,0.35844287,0.3584559,0.5525606,0.53205943,0.443538,0.5580267,0.7009854,0.6659233,0.75463915,0.62815183,0.75463915,0.53715914,0.35844287,0.12642489488482211,0,"{""type"":""MultiPoint"",""coordinates"":[]}"
3217_0,0.23460443,0.20279415,0.17349608,0.16133246,0.1783011,0.3026255,0.32342955,0.34755754,0.17766498,0.7504928,0.71361834,0.16934414,0.7504928,0.31127176,0.16133246,0.19814172906451075,0,"{""type"":""MultiPoint"",""coordinates"":[]}"
3218_0,0.6338105,0.67292815,0.45136234,0.3751579,0.33885765,0.28718883,0.74219114,0.35146105,0.6290891,0.61750984,-0.025995575,0.51860183,0.74219114,0.46601358,-0.025995575,0.2064310659049772,0,"{""type"":""MultiPoint"",""coordinates"":[]}"
3219_0,0.6867538,0.6892725,0.5836289,0.7239199,0.79885453,0.8006783,0.79827625,0.72807884,0.61378,0.81746227,0.8138138,0.77553874,0.81746227,0.7358382,0.5836289,0.0759596308453292,0,"{""type"":""MultiPoint"",""coordinates"":[]}"
3220_0,0.39940536,0.38863286,0.32681867,0.37218863,0.41251847,0.42632067,0.42402992,0.44536993,0.48707342,0.48765957,0.46047008,0.54388326,0.54388326,0.43119758,0.32681867,0.056042727459678573,0,"{""type"":""MultiPoint"",""coordinates"":[]}"
3221_0,0.5619794,0.58406776,0.47979173,0.64278746,0.6367672,0.67828375,0.67951435,0.69053936,0.78104573,0.70799583,0.74255866,0.7541105,0.78104573,0.66162014,0.47979173,0.08313114820063795,0,"{""type"":""MultiPoint"",""coordinates"":[]}"
3222_0,0.5921319,0.54941684,0.44394,0.21195397,0.84517264,0.77463543,0.70791584,0.6804205,0.8968618,0.7895647,0.76645964,0.73222,0.8968618,0.6658911,0.21195397,0.18335494788873122,0,"{""type"":""MultiPoint"",""coordinates"":[]}"
3223_0,0.23051482,0.2097166,0.1431754,0.23355098,0.72613657,0.38661444,0.79111564,0.20954004,-0.0653009,-0.5977654,-0.14198473,-0.11409396,0.79111564,0.16760163,-0.5977654,0.36244085465787484,0,"{""type"":""MultiPoint"",""coordinates"":[]}"
3224_0,0.42785695,0.48032722,0.21067488,0.21676368,0.28676713,0.33126166,0.15032388,0.22017866,0.13569638,0.75373876,0.57246375,0.64054227,0.75373876,0.36888295,0.13569638,0.19575519616442397,0,"{""type"":""MultiPoint"",""coordinates"":[]}"
3225_0,0.3577055,0.65978736,0.5659283,0.3070127,0.23868632,0.26263258,0.24910368,0.3249715,0.7237919,0.796032,0.6454924,0.39180803,0.796032,0.46024603,0.23868632,0.1951941778167977,0,"{""type"":""MultiPoint"",""coordinates"":[]}"
3226_0,0.27540132,0.20826355,0.17758425,0.40235117,0.4651069,0.30368283,0.39284244,0.33746898,0.2844188,0.51212937,0.4427903,0.3632,0.51212937,0.34710333,0.17758425,0.09780074354804252,0,"{""type"":""MultiPoint"",""coordinates"":[]}"
3227_0,0.5787812,0.63863707,0.5035189,0.700992,0.81309277,0.80482405,0.81103116,0.81398445,0.7764282,0.8323002,0.71637124,0.6770328,0.8323002,0.7222495,0.5035189,0.10180180982439899,0,"{""type"":""MultiPoint"",""coordinates"":[]}"
3228_0,0.4599874,0.5516049,0.41360947,0.5923456,0.4489796,0.59694475,0.42124248,0.41385964,0.58078253,0.7578735,0.5433548,0.6448802,0.7578735,0.5354554,0.41360947,0.10274921076872641,0,"{""type"":""MultiPoint"",""coordinates"":[]}"
3229_0,0.64097005,0.59851414,0.4590381,0.64205605,0.7104611,0.68939394,0.6568284,0.6810615,0.43876836,0.695805,0.75859547,0.73913044,0.75859547,0.6425519,0.43876836,0.0962934639998099,0,"{""type"":""MultiPoint"",""coordinates"":[]}"
3230_0,0.22895543,0.40868318,0.47833854,0.4716981,0.65124077,0.6292193,0.58543897,0.64705884,0.71743625,0.8279993,0.7482159,0.7300979,0.8279993,0.59369856,0.22895543,0.16218222696632478,0,"{""type"":""MultiPoint"",""coordinates"":[]}"
3231_0,0.5201381,0.5365639,0.45209542,0.46569645,0.6818742,0.6239514,0.5596748,0.64311135,0.71243244,0.6,0.7080783,0.63585436,0.71243244,0.5949559,0.45209542,0.08484261881027813,0,"{""type"":""MultiPoint"",""coordinates"":[]}"
3232_0,0.63941705,0.70682317,0.5162374,0.6326279,0.8132449,0.6377704,0.84952176,0.7099748,0.5648604,0.6993598,0.026100507,0.7742613,0.84952176,0.63084996,0.026100507,0.20447399573551595,0,"{""type"":""MultiPoint"",""coordinates"":[]}"
3233_0,0.4394991,0.41546452,0.32975733,0.45646197,0.5752019,0.46763334,0.55012107,0.45964912,0.39356816,0.4421425,0.46673906,0.4407788,0.5752019,0.45308474,0.32975733,0.06151161480347829,0,"{""type"":""MultiPoint"",""coordinates"":[]}"
3234_0,0.45447633,0.43982333,0.3864756,0.3971239,0.61083126,0.6380693,0.7374695,0.7773535,0.40810302,0.52357167,0.6029777,0.6614096,0.7773535,0.5531404,0.3864756,0.13089425079319553,0,"{""type"":""MultiPoint"",""coordinates"":[]}"
3235_0,0.54433286,0.5507991,0.21848273,0.24821697,0.27245283,0.44079885,0.48831564,0.35077518,0.2027027,0.65051395,0.62330526,0.37656322,0.65051395,0.41393828,0.2027027,0.15206390468680597,0,"{""type"":""MultiPoint"",""coordinates"":[]}"
3236_0,0.07774086,0.09405256,0.11580116,0.06819977,0.024246009,0.14302884,0.047957372,0.074348554,0.022101326,0.004270897,-0.0019704434,0.017158546,0.14302884,0.05724462,-0.0019704434,0.04406910084754132,0,"{""type"":""MultiPoint"",""coordinates"":[]}"
3237_0,0.49990007,0.56688964,0.38717994,0.5212343,0.6791409,0.5663776,0.5384898,0.626943,0.42287695,0.6037975,0.54692024,0.45351312,0.6791409,0.5344386,0.38717994,0.08093163797708988,0,"{""type"":""MultiPoint"",""coordinates"":[]}"
3238_0,0.66985404,0.62727016,0.3869078,0.507155,0.68594646,0.749276,0.7111372,0.78541344,0.6889342,0.64257556,0.7730747,0.5249622,0.78541344,0.6460422,0.3869078,0.11398841580491978,0,"{""type"":""MultiPoint"",""coordinates"":[]}"
3239_0,0.3737997,0.3350021,0.28191125,0.33291006,0.3922378,0.4258189,0.35584635,0.3707165,0.3295865,0.43907562,0.47793844,0.44223753,0.47793844,0.37975675,0.28191125,0.05501289700492823,0,"{""type"":""MultiPoint"",""coordinates"":[]}"
3240_0,0.5634463,0.61609685,0.41622898,0.47718978,0.6594498,0.36925572,0.7509141,0.6000805,0.79620034,0.76004344,0.6050801,0.74577296,0.79620034,0.61331326,0.36925572,0.1333100433446076,0,"{""type"":""MultiPoint"",""coordinates"":[]}"
3241_0,0.4713007,0.35135135,0.34108937,0.48440748,0.38513947,0.2904746,0.30725864,0.3501048,0.64948875,0.75447077,0.6683259,0.57217574,0.75447077,0.46879897,0.2904746,0.15113199925337276,0,"{""type"":""MultiPoint"",""coordinates"":[]}"
3242_0,0.24766691,0.22881356,0.26039103,0.19753349,0.5507559,0.77959925,0.7800858,0.07627829,0.16964285,0.7611408,0.6857503,0.21017203,0.7800858,0.41231918,0.07627829,0.2627469148896144,0,"{""type"":""MultiPoint"",""coordinates"":[]}"
3243_0,0.49831054,0.50613916,0.40827146,0.6084119,0.5774978,0.704918,0.6852544,0.64944905,0.8328217,0.8194817,0.7039153,0.70377415,0.8328217,0.64152044,0.40827146,0.12263330499633769,0,"{""type"":""MultiPoint"",""coordinates"":[]}"
3244_0,0.46838778,0.36635405,0.3353829,0.50046253,0.6016598,0.4619805,0.5700239,0.5901521,0.6292501,0.75720865,0.71504945,0.5756061,0.75720865,0.5476265,0.3353829,0.12192058551979372,0,"{""type"":""MultiPoint"",""coordinates"":[]}"
3245_0,0.2720079,0.252702,0.22053431,0.34877947,0.4290844,0.2478982,0.19283631,0.25965583,0.29046562,0.33914828,0.45241317,0.29521152,0.45241317,0.30006143,0.19283631,0.07587276752835065,0,"{""type"":""MultiPoint"",""coordinates"":[]}"
3246_0,0.25916398,0.2062069,0.24110845,0.18708175,0.15827338,0.47594115,0.1506141,0.1486631,0.009803922,-0.010421387,0.06695233,0.10563597,0.47594115,0.16658531,-0.010421387,0.12315783469656812,0,"{""type"":""MultiPoint"",""coordinates"":[]}"
3247_0,0.6403151,0.6016598,0.50991046,0.4681824,0.78282577,0.8253171,0.8212803,0.79240507,0.77964485,0.8294963,0.75559753,0.7983418,0.8294963,0.71708137,0.4681824,0.12291328781012627,0,"{""type"":""MultiPoint"",""coordinates"":[]}"
3248_0,0.23875733,0.2034384,0.24418604,0.28102034,0.2528315,0.3005933,0.2891588,0.23119415,0.009084866,0.1586384,0.2582954,0.2240267,0.3005933,0.22426876,0.009084866,0.07468295399986896,0,"{""type"":""MultiPoint"",""coordinates"":[]}"
3249_0,0.22743683,0.20742358,0.1739248,0.29399142,0.21160342,0.27647975,0.22083806,0.29827377,0.3561124,0.44900104,0.3288482,0.39501038,0.44900104,0.28657863,0.1739248,0.08033841461126771,0,"{""type"":""MultiPoint"",""coordinates"":[]}"
3250_0,0.26220784,0.28639135,0.22449824,0.17111269,0.20213713,0.27971473,0.21684982,0.12092849,0.27762377,0.24823944,0.079222724,0.21162838,0.28639135,0.21504621,0.079222724,0.06192828015786667,0,"{""type"":""MultiPoint"",""coordinates"":[]}"
3251_0,0.25743735,0.28440368,0.2125163,0.33643928,0.51527226,0.45340642,0.39981976,0.3325554,0.24706905,0.33673468,0.4963552,0.4214123,0.51527226,0.35778514,0.2125163,0.09544349273994579,0,"{""type"":""MultiPoint"",""coordinates"":[]}"
3252_0,0.34433782,0.31858408,0.23523855,0.022534113,0.47675058,0.51711494,0.5680265,0.459436,0.6193836,0.5022915,0.46818182,0.5280769,0.6193836,0.42166302,0.022534113,0.15935795062230732,0,"{""type"":""MultiPoint"",""coordinates"":[]}"
3253_0,0.27452117,0.23669623,0.23406594,0.29960886,0.34106964,0.2694696,0.35996005,0.2743561,0.39805827,0.3390558,0.41734692,0.47960618,0.47960618,0.32698455,0.23406594,0.07320467534867224,0,"{""type"":""MultiPoint"",""coordinates"":[]}"
3254_0,0.64971095,0.6499239,0.64143425,0.5938917,0.71543974,0.7210977,0.73129654,0.6558042,0.74016744,0.57072204,0.5956979,0.64593303,0.74016744,0.65926,0.57072204,0.0544312412087278,0,"{""type"":""MultiPoint"",""coordinates"":[]}"
3255_0,0.3067103,0.31642967,0.269194,0.3606383,0.4458996,0.43346775,0.41810155,0.3194925,0.39251006,0.46034154,0.3238571,0.43215615,0.46034154,0.3732332,0.269194,0.06212482777614678,0,"{""type"":""MultiPoint"",""coordinates"":[]}"
3256_0,0.46311972,0.55207986,0.4586674,0.42945257,0.7060591,0.4648526,0.59107995,0.69020605,0.71931666,0.6886898,0.7024962,0.65002805,0.71931666,0.593004,0.42945257,0.10891404292698782,0,"{""type"":""MultiPoint"",""coordinates"":[]}"
3257_0,0.50601095,0.4874429,0.4709472,0.51784563,0.6172336,0.61348134,0.6801666,0.58449477,0.65824217,0.6731259,0.7015287,0.71306854,0.71306854,0.6019657,0.4709472,0.08358559010692458,0,"{""type"":""MultiPoint"",""coordinates"":[]}"
3258_0,0.6650718,0.672682,0.49328214,0.626753,0.7111667,0.6064294,0.6495614,0.7147084,0.6147733,0.83302754,0.40655908,0.72425157,0.83302754,0.64318883,0.40655908,0.10592046681415268,0,"{""type"":""MultiPoint"",""coordinates"":[]}"
3259_0,0.42073008,0.4076966,0.33578753,0.4222798,0.5599512,0.5013729,0.54776543,0.5868587,0.36298737,0.5981883,0.6676611,0.5411656,0.6676611,0.49603704,0.33578753,0.0996918516267189,0,"{""type"":""MultiPoint"",""coordinates"":[]}"
3260_0,0.28536385,0.69388723,0.6807152,0.525579,0.16914749,0.2839851,0.709282,0.691954,0.46505672,0.3898594,0.5729167,0.54573965,0.709282,0.50112385,0.16914749,0.17665646572656585,0,"{""type"":""MultiPoint"",""coordinates"":[]}"
3261_0,0.6130745,0.5733945,0.36908707,0.45826146,0.5537891,0.5265459,0.51221,0.49693966,0.66213155,0.8510905,0.75569856,0.56962025,0.8510905,0.5784869,0.36908707,0.12472197231439396,0,"{""type"":""MultiPoint"",""coordinates"":[]}"
3262_0,0.1897336,0.2772609,0.21382008,0.26647565,0.27838618,0.31669003,0.28292683,0.31773308,0.3210174,0.25300378,0.56220096,0.24550036,0.56220096,0.29372907,0.1897336,0.08966433419606945,0,"{""type"":""MultiPoint"",""coordinates"":[]}"
3263_0,0.28834355,0.31542182,0.35947546,0.4578005,0.5823998,0.45932317,0.4339921,0.49486345,0.58686626,0.37286496,0.4296946,0.31602508,0.58686626,0.4247559,0.28834355,0.0947724684743953,0,"{""type"":""MultiPoint"",""coordinates"":[]}"
3264_0,0.2565715,0.22881173,0.15563199,0.2338403,0.4436265,0.46497664,0.4072096,0.031578947,0.5654246,0.61473256,0.29805014,0.44642857,0.61473256,0.3455736,0.031578947,0.1657284825456719,0,"{""type"":""MultiPoint"",""coordinates"":[]}"
3265_0,0.6953889,0.7117207,0.5916972,0.64288497,0.43174145,0.61782914,0.6892123,0.83848995,0.8330156,0.8517574,0.5045872,0.69098276,0.8517574,0.6749423,0.43174145,0.12403531774168639,0,"{""type"":""MultiPoint"",""coordinates"":[]}"
3266_0,0.4226804,0.40333334,0.34646878,0.57354087,0.45009416,0.49464285,0.38430685,0.66910297,0.43987414,0.4076655,0.21583937,0.39330545,0.66910297,0.43340456,0.21583937,0.107956475720282,0,"{""type"":""MultiPoint"",""coordinates"":[]}"
3267_0,0.6357238,0.5737616,0.38049713,0.30924857,0.5334477,0.3401512,0.3775338,0.3096717,0.69709194,0.63808686,0.7310133,0.5785104,0.7310133,0.50872815,0.30924857,0.14970862669690188,0,"{""type"":""MultiPoint"",""coordinates"":[]}"
3268_0,-0.2397541,-0.28709176,-0.15568863,-0.05785124,-0.31406552,-0.24564184,-0.25368732,-0.16239317,-0.48225272,-0.48465547,-0.35075375,-0.36253494,-0.05785124,-0.28303087,-0.48465547,0.12173604936535884,0,"{""type"":""MultiPoint"",""coordinates"":[]}"
3269_0,0.5027985,0.59030837,0.44539803,0.34662303,0.3494037,0.50638735,0.3305283,0.56253743,0.501933,0.61588544,0.6576174,0.649202,0.6576174,0.5048852,0.3305283,0.11190479216696703,0,"{""type"":""MultiPoint"",""coordinates"":[]}"
3270_0,0.62246686,0.6568441,0.571153,0.6490066,0.66647565,0.6906318,0.7225379,0.72206527,0.13830133,0.78396875,0.6841553,0.7296966,0.78396875,0.63644195,0.13830133,0.15929419969897357,0,"{""type"":""MultiPoint"",""coordinates"":[]}"
3271_0,0.30320317,0.26879784,0.26236102,0.34232065,0.5159396,0.46265644,0.47101143,0.5382609,0.43349755,0.45974955,0.5664181,0.39668617,0.5664181,0.41840854,0.26236102,0.09946235499566154,0,"{""type"":""MultiPoint"",""coordinates"":[]}"
3272_0,0.6425372,0.6245185,0.54798234,0.4964824,0.7508685,0.62754744,0.55864424,0.65863454,0.36955583,0.4753473,0.6961538,0.549093,0.7508685,0.5831138,0.36955583,0.10064745237219473,0,"{""type"":""MultiPoint"",""coordinates"":[]}"
3273_0,0.5292517,0.4856831,0.45848012,0.6,0.5899411,0.58894646,0.5524368,0.4903661,0.6192944,0.8008004,0.7155214,0.61514896,0.8008004,0.5871559,0.45848012,0.09349458049477935,0,"{""type"":""MultiPoint"",""coordinates"":[]}"
3274_0,0.34295642,0.3601853,0.33980086,0.20058997,0.23364271,0.19377548,0.21750158,0.2789536,0.25562647,0.18415566,0.25878963,0.2168496,0.3601853,0.25690228,0.18415566,0.05886574172979132,0,"{""type"":""MultiPoint"",""coordinates"":[]}"
3275_0,0.5251142,0.55601376,0.5200505,0.5255117,0.5470426,0.53769344,0.58071154,0.4837556,0.5734331,0.46170214,0.24968944,0.17811012,0.58071154,0.47823566,0.17811012,0.12338170896349697,0,"{""type"":""MultiPoint"",""coordinates"":[]}"
3276_0,0.6018488,0.75448924,0.5676101,0.6111198,0.62158424,0.2154593,0.74986166,0.61199456,0.12367191,0.06136146,0.6736261,0.76584893,0.76584893,0.529873,0.06136146,0.23925508819550775,0,"{""type"":""MultiPoint"",""coordinates"":[]}"
3277_0,0.18409844,0.17863297,0.16911764,0.20748988,0.17140238,0.5227739,0.041050903,0.31310344,0.4576923,0.39888978,0.05751258,0.37410071,0.5227739,0.2563221,0.041050903,0.14812363106036033,0,"{""type"":""MultiPoint"",""coordinates"":[]}"
3278_0,0.16900094,0.24340467,0.21348926,0.3300473,0.2710367,0.43922204,0.34549877,0.3868756,0.44659588,0.5885886,0.3155416,0.162317,0.5885886,0.3259682,0.162317,0.12057832903687839,0,"{""type"":""MultiPoint"",""coordinates"":[]}"
3279_0,0.33682984,0.34212893,0.28704783,0.2716942,0.28844222,0.35700086,0.4172973,0.2980372,0.45152864,0.4876126,0.5149385,0.3980253,0.5149385,0.37088194,0.2716942,0.07901548994917872,0,"{""type"":""MultiPoint"",""coordinates"":[]}"
3280_0,0.31395805,0.30591398,0.31336537,0.37279454,0.41981983,0.47060257,0.5435169,0.4012909,0.32824427,0.32131717,0.28623188,0.29338396,0.5435169,0.36420327,0.28623188,0.07678464767399323,0,"{""type"":""MultiPoint"",""coordinates"":[]}"
3281_0,0.24277952,0.15940367,0.1739513,0.39598513,0.29593095,0.2993197,0.17828572,0.08682453,0.19652928,0.2891859,0.21422346,0.26798144,0.39598513,0.23336671,0.08682453,0.07871049621026777,0,"{""type"":""MultiPoint"",""coordinates"":[]}"
3282_0,0.39301184,0.3389666,0.3780843,0.5244361,0.56812966,0.42004907,0.41323793,0.50352734,0.04118726,0.31042653,0.26940638,0.46619216,0.56812966,0.3855546,0.04118726,0.13385417656480303,0,"{""type"":""MultiPoint"",""coordinates"":[]}"
3283_0,0.613183,0.6094216,0.5167206,0.6422942,0.7234696,0.6321513,0.65563875,0.67611337,0.37725434,0.7152798,0.67836565,0.68810093,0.7234696,0.62733275,0.37725434,0.09219419910211767,0,"{""type"":""MultiPoint"",""coordinates"":[]}"
3284_0,0.56697387,0.6229736,0.49887827,0.6595554,0.63604635,0.3556127,0.754112,0.6051502,0.32163996,0.49253732,0.69752204,0.7748516,0.7748516,0.58215445,0.32163996,0.1370787829735534,0,"{""type"":""MultiPoint"",""coordinates"":[]}"
3285_0,0.6915789,0.78164065,0.5769231,0.5477759,0.81049645,0.56893337,0.74356616,0.6468386,0.7288136,0.76706326,0.014243323,0.8097313,0.81049645,0.6406337,0.014243323,0.2090667555327352,0,"{""type"":""MultiPoint"",""coordinates"":[]}"
3286_0,0.3220339,0.32502267,0.28258413,0.33924818,0.47606614,0.39638385,0.52822757,0.49699053,0.5298742,0.5241186,0.47417596,0.3548038,0.5298742,0.42079413,0.28258413,0.08918844670521889,0,"{""type"":""MultiPoint"",""coordinates"":[]}"
3287_0,0.40949893,0.43106037,0.31811512,0.51448196,0.46120423,0.53575295,0.5111533,0.51712614,0.24153247,0.62384105,0.5585492,0.52116233,0.62384105,0.47028986,0.24153247,0.10200557274412102,0,"{""type"":""MultiPoint"",""coordinates"":[]}"
3288_0,0.46883005,0.47758284,0.4002548,0.49609154,0.565319,0.49049774,0.4948162,0.42481202,0.5665835,0.60208213,0.1884058,0.52186936,0.60208213,0.47476208,0.1884058,0.10257329331314671,0,"{""type"":""MultiPoint"",""coordinates"":[]}"
3289_0,0.79670507,0.82345015,0.6904251,0.7070117,0.87566084,0.24715246,0.89028245,0.75482786,0.7041012,0.89758784,0.025628967,0.8591692,0.89758784,0.68933356,0.025628967,0.2610359792960748,0,"{""type"":""MultiPoint"",""coordinates"":[]}"
3290_0,0.058020476,0.018994413,0.03569581,0.017129805,-0.0088495575,-0.028182702,0.054506205,0.14853358,0.15017462,-0.11055901,0.1369863,0.05882353,0.15017462,0.04427279,-0.11055901,0.07341702917996071,0,"{""type"":""MultiPoint"",""coordinates"":[]}"
3291_0,0.63764703,0.62408936,0.46911162,0.53465015,0.6481514,0.63608605,0.5921605,0.57335275,0.7669091,0.73412365,0.7870307,0.73583764,0.7870307,0.6449292,0.46911162,0.09257828116634276,0,"{""type"":""MultiPoint"",""coordinates"":[]}"
3292_0,0.15399003,0.1295216,0.13343558,0.032360744,0.042484365,0.05443425,0.0935857,0.085660644,0.06386204,-0.10761155,0.2505263,-0.123123124,0.2505263,0.06742722,-0.123123124,0.09967834583824538,0,"{""type"":""MultiPoint"",""coordinates"":[]}"
3293_0,0.6194554,0.6341306,0.27461678,0.19972067,0.45611143,0.7768155,0.7534088,0.39457306,0.21821366,0.87042254,0.75493574,0.2940856,0.87042254,0.52054083,0.19972067,0.2320301708464226,0,"{""type"":""MultiPoint"",""coordinates"":[]}"
3294_0,0.2177512,0.1874667,0.23237714,0.043997224,0.3280418,0.3240866,0.19466248,0.35173568,0.24101499,0.22939347,0.48578924,0.22341338,0.48578924,0.2549775,0.043997224,0.10376307696927435,0,"{""type"":""MultiPoint"",""coordinates"":[]}"
3295_0,0.080213904,0.10562935,0.11712739,-0.026908292,0.0017667845,0.15654488,0.0420969,0.26538932,-0.094837934,0.13254255,-0.07075874,-0.053156145,0.26538932,0.054637495,-0.094837934,0.10300438307839402,0,"{""type"":""MultiPoint"",""coordinates"":[]}"
3296_0,0.42594787,0.42185414,0.33075675,0.38609573,0.39587075,0.4873477,0.46296296,0.3727623,0.54329896,0.4127219,0.41204563,0.44418836,0.54329896,0.42465442,0.33075675,0.05322265463924696,0,"{""type"":""MultiPoint"",""coordinates"":[]}"
3297_0,0.41013637,0.19392097,0.23119015,0.40125543,0.6823028,0.8125,0.7400445,0.74875015,0.75844157,0.72270715,0.778086,0.70362425,0.8125,0.59857994,0.19392097,0.21461723952748812,0,"{""type"":""MultiPoint"",""coordinates"":[]}"
3298_0,0.4827286,0.4591928,0.380505,0.1357175,0.5092115,0.4144514,0.46622863,0.31332532,0.044207066,0.5994437,0.47866136,0.5080906,0.5994437,0.39931363,0.044207066,0.15514502883167786,0,"{""type"":""MultiPoint"",""coordinates"":[]}"
3299_0,0.51908207,0.5024142,0.34845158,0.3780091,0.44842497,0.73255813,0.7496375,0.6969283,0.35436618,0.83207595,0.73636246,0.46465492,0.83207595,0.56358045,0.34845158,0.1673698476077653,0,"{""type"":""MultiPoint"",""coordinates"":[]}"
3300_0,0.08810572,0.2584054,0.2952136,0.49676725,0.2830992,0.3968254,0.39470822,0.5697479,0.5650364,0.74520665,0.60779536,0.4861386,0.74520665,0.43225414,0.08810572,0.17433417527304218,0,"{""type"":""MultiPoint"",""coordinates"":[]}"
3301_0,0.14362955,0.123645015,0.14407295,0.015232606,0.040893998,0.008949368,0.040742304,0.039437033,0.29390174,0.36035725,0.063661285,0.23207481,0.36035725,0.12554982,0.008949368,0.11063007654018157,0,"{""type"":""MultiPoint"",""coordinates"":[]}"
3302_0,0.37458667,0.32650334,0.24286012,0.57403654,0.5584253,0.53471726,0.54360294,0.47368422,0.55620766,0.623086,0.063870534,0.49238285,0.623086,0.44699696,0.063870534,0.15798443303538384,0,"{""type"":""MultiPoint"",""coordinates"":[]}"
3303_0,0.18611111,0.16068496,0.15752296,0.20543954,0.35185185,0.280579,0.31555945,0.2642336,0.30093458,0.36317852,0.33672526,0.3031742,0.36317852,0.26883292,0.15752296,0.07065316866025335,0,"{""type"":""MultiPoint"",""coordinates"":[]}"
3304_0,0.37687606,0.3048433,0.243941,0.40940633,0.4319483,0.33519036,0.3757992,0.549224,0.4894862,0.58804345,0.66566265,0.5738985,0.66566265,0.44535995,0.243941,0.12301830474754215,0,"{""type"":""MultiPoint"",""coordinates"":[]}"
3305_0,0.6157683,0.6197917,0.56442696,0.60122234,0.67729133,0.6635013,0.6476738,0.5681818,0.70714563,0.6859169,0.70371354,0.7513992,0.7513992,0.65050274,0.56442696,0.055627215313479375,0,"{""type"":""MultiPoint"",""coordinates"":[]}"
3306_0,0.44554123,0.45325443,0.33456677,0.3159074,0.5103896,0.7680982,0.846706,0.4291906,0.767159,0.6918138,0.5364562,0.70130384,0.846706,0.5666989,0.3159074,0.17326437487242,0,"{""type"":""MultiPoint"",""coordinates"":[]}"
3307_0,0.47653496,0.39597315,0.29066068,0.33376792,0.42021474,0.482821,0.5022608,0.5113749,0.65960354,0.75324196,0.67211866,0.5865565,0.75324196,0.5070941,0.29066068,0.1340837076569468,0,"{""type"":""MultiPoint"",""coordinates"":[]}"
3308_0,0.3495935,0.42534503,0.37018338,0.48900524,0.67974454,0.5503356,0.5579726,0.463707,0.528133,0.7188264,0.25060126,0.42608154,0.7188264,0.48412743,0.25060126,0.1284540642840726,0,"{""type"":""MultiPoint"",""coordinates"":[]}"
3309_0,0.15766181,0.39111233,0.4088904,0.49289024,0.29930887,0.32717744,0.21700804,0.38292965,0.2041958,0.023026315,0.3842179,0.82231283,0.82231283,0.34256098,0.023026315,0.19065423702070763,0,"{""type"":""MultiPoint"",""coordinates"":[]}"
3310_0,0.4092885,0.42267516,0.381507,0.61651915,0.6127073,0.602835,0.53162056,0.30029732,0.6834144,0.76376146,0.6414048,0.4885137,0.76376146,0.5378787,0.30029732,0.1329488182037685,0,"{""type"":""MultiPoint"",""coordinates"":[]}"
3311_0,0.4115476,0.44438234,0.4454218,0.44241226,0.46732026,0.46865088,0.54806614,0.7110444,0.68626606,0.46927565,0.38232931,0.36280885,0.7110444,0.48662713,0.36280885,0.10498965248640645,0,"{""type"":""MultiPoint"",""coordinates"":[]}"
3312_0,0.39286616,0.36046836,0.27186364,0.43121952,0.5126646,0.5285258,0.46547675,0.42828783,0.23086734,0.7382413,0.54262197,0.4174941,0.7382413,0.44338313,0.23086734,0.12727326575336823,0,"{""type"":""MultiPoint"",""coordinates"":[]}"
3313_0,0.2743409,0.24668705,0.2842371,0.43514645,0.3695352,0.4452622,0.42223316,0.42272347,0.53455645,0.48945454,0.510133,0.411623,0.53455645,0.4038277,0.24668705,0.0894962498735282,0,"{""type"":""MultiPoint"",""coordinates"":[]}"
3314_0,0.31078494,0.32282978,0.2535694,0.3870595,0.40158924,0.49426544,0.52063215,0.4514817,0.43716118,0.61913306,0.49637568,0.5169492,0.61913306,0.43431926,0.2535694,0.09993614469746967,0,"{""type"":""MultiPoint"",""coordinates"":[]}"
3315_0,0.45644042,0.39775872,0.38270628,0.4360068,0.47521996,0.484884,0.46332815,0.4739169,0.5018543,0.6137553,0.5459377,0.49382716,0.6137553,0.4771363,0.38270628,0.059083600273743875,0,"{""type"":""MultiPoint"",""coordinates"":[]}"
3316_0,0.2973959,0.53129727,0.5429607,0.5303499,0.41408703,0.5720524,0.54699004,0.23259579,0.68862975,0.82990867,0.54502946,0.19330744,0.82990867,0.49371704,0.19330744,0.17585873081747827,0,"{""type"":""MultiPoint"",""coordinates"":[]}"
3317_0,0.646075,0.61525977,0.54927075,0.72870797,0.712373,0.7495961,0.7967735,0.71563786,0.056280285,0.51440716,0.7079821,0.48528528,0.7967735,0.60647076,0.056280285,0.19058419425151113,0,"{""type"":""MultiPoint"",""coordinates"":[]}"
3318_0,0.32240438,0.29646122,0.26396182,0.33455545,0.46993524,0.349413,0.30790406,0.32,0.45299146,0.6686432,0.7244797,0.35654128,0.7244797,0.40560755,0.26396182,0.1424891881928005,0,"{""type"":""MultiPoint"",""coordinates"":[]}"
3319_0,0.3430274,0.32580408,0.29781294,0.3031638,0.59645885,0.4793332,0.51460224,0.5398159,0.80848545,0.70150805,0.42307693,0.56657964,0.80848545,0.49163905,0.29781294,0.15583607053128193,0,"{""type"":""MultiPoint"",""coordinates"":[]}"
3320_0,0.35996005,0.39396888,0.29185683,0.43041494,0.40992907,0.36634135,0.4373259,0.3958832,0.46130824,0.33131924,0.39528996,0.40067995,0.46130824,0.38952315,0.29185683,0.04479812815993302,0,"{""type"":""MultiPoint"",""coordinates"":[]}"
3321_0,0.5114125,0.4897681,0.39213866,0.4356356,0.55748373,0.605982,0.59659594,0.51159346,0.5954416,0.7508943,0.5600763,0.59311813,0.7508943,0.5500117,0.39213866,0.08866449005566863,0,"{""type"":""MultiPoint"",""coordinates"":[]}"
3322_0,0.41009057,0.3997986,0.28911394,0.48083103,0.6067348,0.5422567,0.5502222,0.57429516,0.65564,0.81810546,0.7155797,0.70702404,0.81810546,0.56247437,0.28911394,0.14494146097639263,0,"{""type"":""MultiPoint"",""coordinates"":[]}"
3323_0,0.41133264,0.25955203,0.22597402,0.20273456,0.25596184,0.38209546,0.5953109,0.6323804,0.50970715,0.2704289,0.28385156,0.205856,0.6323804,0.35293213,0.20273456,0.14597071682173648,0,"{""type"":""MultiPoint"",""coordinates"":[]}"
3324_0,-0.026208151,-0.0020753038,0.04223228,-0.03607595,-0.057629574,-0.08556299,-0.065441385,0.11018131,-0.02853351,-0.046592895,-0.068738796,-3.0835645E-4,0.11018131,-0.022062777,-0.08556299,0.052209421731484844,0,"{""type"":""MultiPoint"",""coordinates"":[]}"
3325_0,0.6037282,0.67697597,0.46992835,0.69466007,0.7756223,0.6486731,0.7976107,0.803168,0.89267826,0.32732192,0.7926725,0.7818539,0.89267826,0.6887411,0.32732192,0.15304288192589313,0,"{""type"":""MultiPoint"",""coordinates"":[]}"
3326_0,0.59524536,0.54026353,0.4585153,0.62110895,0.6073682,0.6919421,0.6843718,0.7092836,0.50133336,0.56464976,0.7144608,0.54381084,0.7144608,0.6026961,0.4585153,0.08102454305199026,0,"{""type"":""MultiPoint"",""coordinates"":[]}"
3327_0,0.7177023,0.73356444,0.6598196,0.76623374,0.8149799,0.717592,0.70319283,0.6966243,0.3496415,0.694291,0.7400631,0.7430657,0.8149799,0.6947309,0.3496415,0.11064318998064118,0,"{""type"":""MultiPoint"",""coordinates"":[]}"
3328_0,0.4087716,0.40325952,0.29918963,0.4530885,0.49690792,0.2779267,0.52249134,0.43114188,0.5073475,0.55756384,0.48030943,0.5410894,0.55756384,0.44825727,0.2779267,0.08568166249183067,0,"{""type"":""MultiPoint"",""coordinates"":[]}"
3329_0,0.27559054,0.24342304,0.23723373,0.23736207,0.26984128,0.23522316,0.26434064,0.30052114,0.3418708,0.360469,0.34202805,0.32193732,0.360469,0.28582007,0.23522316,0.044047097101775824,0,"{""type"":""MultiPoint"",""coordinates"":[]}"
3330_0,0.5169492,0.5176572,0.34258512,0.49081966,0.5438218,0.5841584,0.53310955,0.53118277,0.6155811,0.68109506,0.51688516,0.523246,0.68109506,0.53309095,0.34258512,0.07658011419671829,0,"{""type"":""MultiPoint"",""coordinates"":[]}"
3331_0,0.23063302,0.22850972,0.18774103,0.17784984,0.33020878,0.79520696,0.7620632,0.1764706,0.09519492,0.84118253,0.76730484,0.22651933,0.84118253,0.40157375,0.09519492,0.2809418756372119,0,"{""type"":""MultiPoint"",""coordinates"":[]}"
3332_0,0.12676056,0.0035842294,-0.008421625,0.15657392,0.09894213,0.19396183,0.10040161,-0.019447288,0.35226148,0.566272,0.26200703,0.47539824,0.566272,0.19235784,-0.019447288,0.1811816874262251,0,"{""type"":""MultiPoint"",""coordinates"":[]}"
3333_0,0.5794872,0.5611535,0.37339523,0.4933188,0.63252443,0.68324876,0.6112272,0.46957216,0.7537879,0.68624294,0.5854342,0.5862069,0.7537879,0.58463323,0.37339523,0.09934930837844386,0,"{""type"":""MultiPoint"",""coordinates"":[]}"
3334_0,0.3971079,0.4159812,0.4522328,0.4310865,0.46588695,0.42447734,0.5599738,0.52286994,0.66770184,-0.05191257,0.38787878,0.38983783,0.66770184,0.42192686,-0.05191257,0.16328841297093508,0,"{""type"":""MultiPoint"",""coordinates"":[]}"
3335_0,0.56795424,0.57050526,0.4144466,0.48287237,0.5067751,0.6751118,0.65166706,0.60149324,0.2874278,0.23844929,0.39515853,0.47119856,0.6751118,0.4885883,0.23844929,0.1307254027442216,0,"{""type"":""MultiPoint"",""coordinates"":[]}"
3336_0,0.26559713,0.28381962,0.24104756,0.23319328,0.34723988,0.4633445,0.3690786,0.3084833,0.47524753,0.41644233,0.3319803,0.32003272,0.47524753,0.3379589,0.23319328,0.07721440355654341,0,"{""type"":""MultiPoint"",""coordinates"":[]}"
3337_0,0.28845102,0.28186813,0.2203093,0.25448027,0.36868846,0.2839572,0.4162575,0.055657174,0.43100357,0.26860565,0.35653904,0.31839022,0.43100357,0.29535064,0.055657174,0.09508877567583526,0,"{""type"":""MultiPoint"",""coordinates"":[]}"
3338_0,0.12006861,0.037593983,0.032101758,0.2165109,0.10081744,0.25391552,0.07064018,0.096376255,0.16258992,0.154345,0.16067654,0.05636743,0.25391552,0.12183363,0.032101758,0.06694764216944818,0,"{""type"":""MultiPoint"",""coordinates"":[]}"
3339_0,0.5030378,0.4540943,0.26563334,0.31497586,0.3953262,0.5104336,0.5951208,0.36394393,0.30710173,0.2086043,0.3522065,0.24021593,0.5951208,0.37589118,0.2086043,0.1142069882032438,0,"{""type"":""MultiPoint"",""coordinates"":[]}"
3340_0,0.20915969,0.17049892,0.1710029,0.1984536,0.30613893,0.1611215,0.19865319,0.18576196,0.3157208,0.2664935,0.34942183,0.30813095,0.34942183,0.23671314,0.1611215,0.06483093114633275,0,"{""type"":""MultiPoint"",""coordinates"":[]}"
3341_0,0.5822414,0.61855364,0.47696614,0.61140394,0.20677651,0.13598707,0.25896332,0.35520685,0.7772987,0.64875346,0.43762964,0.7019788,0.7772987,0.48431328,0.13598707,0.19833976748897417,0,"{""type"":""MultiPoint"",""coordinates"":[]}"
3342_0,0.68042326,0.6373962,0.5469774,0.58547735,0.7527926,0.76712,0.7694013,0.77109283,0.7639535,0.75517064,0.7109489,0.68580216,0.77109283,0.70221305,0.5469774,0.07382030834817806,0,"{""type"":""MultiPoint"",""coordinates"":[]}"
3343_0,0.5279441,0.48333105,0.46126664,0.41622198,0.58217204,0.6667057,0.6681351,0.7266877,0.73449206,0.6333938,0.71092075,0.71127605,0.73449206,0.61021227,0.41622198,0.10798233247028101,0,"{""type"":""MultiPoint"",""coordinates"":[]}"
3344_0,0.4991838,0.5405497,0.515741,0.53904283,0.3971505,0.5675333,0.74114823,0.32167152,0.51506925,0.7039587,0.40495208,0.5522124,0.74114823,0.5248511,0.32167152,0.11353593002268483,0,"{""type"":""MultiPoint"",""coordinates"":[]}"
3345_0,0.5356568,0.5685517,0.4960441,0.61219484,0.6020545,0.7737425,0.8074074,0.6435818,0.7199654,0.8265487,0.36964285,0.6359663,0.8265487,0.63261306,0.36964285,0.1286154147794449,0,"{""type"":""MultiPoint"",""coordinates"":[]}"
3346_0,0.34672716,0.43426296,0.3718025,0.33690158,0.5943717,0.18631178,0.21220338,0.58600295,0.8622581,0.8205428,0.7678678,0.569772,0.8622581,0.50741875,0.18631178,0.21952957012260219,0,"{""type"":""MultiPoint"",""coordinates"":[]}"
3347_0,0.32163474,0.27083334,0.28629905,0.3310165,0.3893066,0.39616755,0.40882105,0.28507993,0.34650177,0.40436327,0.34361446,0.2666219,0.40882105,0.33752167,0.2666219,0.05077146357038777,0,"{""type"":""MultiPoint"",""coordinates"":[]}"
3348_0,0.19561972,0.18072289,0.2088215,0.524158,0.28611112,0.26222223,0.25725153,0.23462415,0.4589585,0.41653502,0.32468805,0.38913044,0.524158,0.31157026,0.18072289,0.10692660763546975,0,"{""type"":""MultiPoint"",""coordinates"":[]}"
3349_0,0.3831243,0.34393856,0.26757905,0.2835432,0.24299704,0.29251012,0.3413841,0.38550058,0.53622013,0.6997886,0.47331065,0.40877193,0.6997886,0.38822237,0.24299704,0.12469669792639826,0,"{""type"":""MultiPoint"",""coordinates"":[]}"
3350_0,0.35898876,0.3207127,0.30479825,0.32293224,0.4606421,0.44122562,0.40828404,0.35590032,0.3760469,0.5575888,0.59638214,0.49138382,0.59638214,0.41624048,0.30479825,0.09106843641178342,0,"{""type"":""MultiPoint"",""coordinates"":[]}"
3351_0,0.31012657,0.28395802,0.25530756,0.2903715,0.37903225,0.3531766,0.48126292,0.3746168,0.3169643,0.40116587,0.4842975,0.452549,0.4842975,0.36523575,0.25530756,0.07451982119054722,0,"{""type"":""MultiPoint"",""coordinates"":[]}"
3352_0,0.39533377,0.51402456,0.35120472,0.23012036,0.8494672,0.78470373,0.44640753,0.18508287,0.5767451,0.87553746,0.3503609,0.38811445,0.87553746,0.4955919,0.18508287,0.22228932294263773,0,"{""type"":""MultiPoint"",""coordinates"":[]}"
3353_0,0.60775995,0.50899035,0.30652878,0.4822615,0.63013035,0.38412964,0.5896902,0.45659587,0.07245182,0.75211704,0.682233,0.60889393,0.75211704,0.5068152,0.07245182,0.17809096862076151,0,"{""type"":""MultiPoint"",""coordinates"":[]}"
3354_0,0.5229613,0.5280768,0.41023684,0.5692446,0.6288432,0.6933362,0.57133853,0.60224974,0.6109859,0.6634921,0.5337364,0.57359594,0.6933362,0.5756748,0.41023684,0.07104772985983188,0,"{""type"":""MultiPoint"",""coordinates"":[]}"
3355_0,0.38309684,0.39550647,0.32349843,0.2793677,0.5055281,0.29153073,0.4411863,0.47803393,0.5063425,0.3688683,0.3345164,0.3737552,0.5063425,0.39010257,0.2793677,0.07498734463832248,0,"{""type"":""MultiPoint"",""coordinates"":[]}"
3356_0,0.37940025,0.4061496,0.3059146,0.3391116,0.61495626,0.40091115,0.4284227,0.5133531,0.401222,0.24876674,0.53055984,0.28196147,0.61495626,0.40422744,0.24876674,0.10268192161315384,0,"{""type"":""MultiPoint"",""coordinates"":[]}"
3357_0,0.6250709,0.6275605,0.502516,0.61163324,0.7110428,0.7185642,0.7693705,0.7373541,0.38001785,0.7313253,0.69583154,0.6413458,0.7693705,0.6459694,0.38001785,0.10651311106797579,0,"{""type"":""MultiPoint"",""coordinates"":[]}"
3358_0,0.2641831,0.356699,0.35837716,0.49150848,0.6143419,0.66902655,0.5868972,0.6609146,0.9194529,0.88124263,0.8959309,0.86634266,0.9194529,0.6304098,0.2641831,0.21976066779336165,0,"{""type"":""MultiPoint"",""coordinates"":[]}"
3359_0,0.3136866,0.29723078,0.20571929,0.3602941,0.54000515,0.5142001,0.532382,0.45074627,0.69360054,0.6303207,0.5808937,0.506599,0.69360054,0.4688065,0.20571929,0.14041577337660768,0,"{""type"":""MultiPoint"",""coordinates"":[]}"
3360_0,0.52522874,0.27013424,0.22903116,0.41734862,0.54493415,0.4792848,0.6102207,0.68667877,0.7772512,0.6581395,0.54541785,0.3523375,0.7772512,0.5080006,0.22903116,0.16024749280494882,0,"{""type"":""MultiPoint"",""coordinates"":[]}"
3361_0,0.25656673,0.27693966,0.2728232,0.29859155,0.28023311,0.26073548,0.2765531,0.3471154,0.30747804,0.32718894,0.3568397,0.33837208,0.3568397,0.29995307,0.25656673,0.03336557726490131,0,"{""type"":""MultiPoint"",""coordinates"":[]}"
3362_0,0.47933027,0.39367905,0.33595642,0.38154843,0.5550062,0.5110434,0.4985451,0.5416564,0.2901332,0.46356001,0.6932199,0.4848222,0.6932199,0.4690417,0.2901332,0.10367927677635767,0,"{""type"":""MultiPoint"",""coordinates"":[]}"
3363_0,0.4336062,0.3931113,0.33142036,0.49215633,0.6672531,0.6031725,0.7692798,0.5777018,0.34372294,0.7662989,0.7717157,0.5674636,0.7717157,0.55974185,0.33142036,0.15609040166755497,0,"{""type"":""MultiPoint"",""coordinates"":[]}"
3364_0,0.39724228,0.37328768,0.30790526,0.31546894,0.54918253,0.60044456,0.696643,0.6381991,0.7369223,0.6370826,0.6107383,0.5313508,0.7369223,0.53287226,0.30790526,0.1423157736864395,0,"{""type"":""MultiPoint"",""coordinates"":[]}"
3365_0,0.23512277,0.25891733,0.27398175,0.42785498,0.5007506,0.48771533,0.42930722,0.49229288,0.46123332,0.11682964,0.40393874,0.3606434,0.5007506,0.37071565,0.11682964,0.11767732296330241,0,"{""type"":""MultiPoint"",""coordinates"":[]}"
3366_0,0.5929967,0.676024,0.44187063,0.25230688,0.6329,0.1902711,0.6551431,0.4481349,0.21440943,-0.3340961,0.039930556,0.24407485,0.676024,0.3378305,-0.3340961,0.28629385148280007,0,"{""type"":""MultiPoint"",""coordinates"":[]}"
3367_0,0.18476728,0.15939598,0.17993973,0.12806465,0.13095239,0.1929945,0.16324143,0.12771392,0.22297539,0.1156015,0.16909622,0.18294999,0.22297539,0.16314109,0.1156015,0.030882456901380882,0,"{""type"":""MultiPoint"",""coordinates"":[]}"
3368_0,0.43416756,0.46203345,0.41766316,0.4779138,0.5699428,0.6008875,0.6103764,0.53264433,0.5519713,0.60367805,0.4906959,0.513309,0.6103764,0.52210695,0.41766316,0.06403817208972977,0,"{""type"":""MultiPoint"",""coordinates"":[]}"
3369_0,0.25266904,0.21717423,0.20969245,0.2332945,0.21855073,0.2634943,0.1043257,0.22717799,0.29149464,0.30295685,0.26717559,0.27318674,0.30295685,0.23843274,0.1043257,0.04971138799831072,0,"{""type"":""MultiPoint"",""coordinates"":[]}"
3370_0,0.30209482,0.37494543,0.3681405,0.51138717,0.5842529,0.32827735,0.25441697,0.30479452,0.1844554,0.5788804,0.4814815,0.4120325,0.5842529,0.39042994,0.1844554,0.12149407506114342,0,"{""type"":""MultiPoint"",""coordinates"":[]}"
3371_0,0.47045824,0.44247502,0.35574573,0.5387569,0.47840813,0.47671974,0.43034604,0.49250534,0.44277304,0.48897958,0.5095498,0.61327714,0.61327714,0.4783329,0.35574573,0.05992702040674354,0,"{""type"":""MultiPoint"",""coordinates"":[]}"
3372_0,0.64822257,0.6556953,0.542399,0.6865185,0.6427289,0.7078093,0.6943612,0.6594611,0.69555336,0.73937285,0.7214815,0.6633359,0.73937285,0.67141163,0.542399,0.04851799990882635,0,"{""type"":""MultiPoint"",""coordinates"":[]}"
3373_0,0.56665003,0.5888392,0.4378566,0.6202102,0.7801047,0.7745003,0.75420123,0.71575123,0.7710049,0.65665895,0.7044504,0.66753244,0.7801047,0.66981333,0.4378566,0.09892621367093037,0,"{""type"":""MultiPoint"",""coordinates"":[]}"
3374_0,0.64298505,0.6076555,0.4804166,0.66143197,0.5695538,0.7182098,0.63036305,0.7386274,0.8519685,0.8318337,0.4715767,0.5781305,0.8519685,0.6485627,0.4715767,0.11580377034295006,0,"{""type"":""MultiPoint"",""coordinates"":[]}"
3375_0,0.2917974,0.28047264,0.29778033,0.44603032,0.49484283,0.39420608,0.35560533,0.45619914,0.22993422,0.12902178,0.54288876,0.17146236,0.54288876,0.34085342,0.12902178,0.12441149262198187,0,"{""type"":""MultiPoint"",""coordinates"":[]}"
3376_0,0.5019134,0.45047566,0.42857143,0.3274155,0.67577225,0.6943231,0.61213046,0.57431,0.62881756,0.7221633,0.71432483,0.5102041,0.7221633,0.57003516,0.3274155,0.12152745607430371,0,"{""type"":""MultiPoint"",""coordinates"":[]}"
3377_0,0.3338613,0.32698137,0.2890913,0.34848484,0.4593892,0.5880772,0.6410148,0.36548877,0.4314721,0.679798,0.37179488,0.4419781,0.679798,0.439786,0.2890913,0.12439181373989265,0,"{""type"":""MultiPoint"",""coordinates"":[]}"
3378_0,0.20397022,0.21821035,0.13717078,0.15389653,0.13340636,0.20811288,0.17046869,0.071308725,0.39995587,0.38390568,0.23550539,0.33295324,0.39995587,0.22073872,0.071308725,0.09829132456634558,0,"{""type"":""MultiPoint"",""coordinates"":[]}"
3379_0,0.33177742,0.33256677,0.22363465,0.20255543,0.18389058,0.2458569,0.26999593,0.2264,0.17269965,0.24646313,0.4902135,0.31386003,0.4902135,0.26999283,0.17269965,0.0840472523444833,0,"{""type"":""MultiPoint"",""coordinates"":[]}"
3380_0,0.44010767,0.4238938,0.36824876,0.39915073,0.5397776,0.43564355,0.5197133,0.5743264,0.34667334,0.29644698,0.5780944,0.40603107,0.5780944,0.44400898,0.29644698,0.08698519149317446,0,"{""type"":""MultiPoint"",""coordinates"":[]}"
3381_0,0.2874304,0.23868376,0.23414634,0.3283582,0.39310345,0.38637698,0.4327827,0.37425312,0.27956456,0.38672143,0.5495034,0.35652173,0.5495034,0.35395384,0.23414634,0.08504176585642043,0,"{""type"":""MultiPoint"",""coordinates"":[]}"
3382_0,0.3769903,0.32855245,0.27470082,0.5383863,0.4868225,0.3448276,0.5313352,0.40220153,0.7381138,0.74394786,0.692029,0.5755062,0.74394786,0.50278443,0.27470082,0.15552316520163892,0,"{""type"":""MultiPoint"",""coordinates"":[]}"
3383_0,0.41691396,0.35995904,0.39588615,0.47591743,0.620438,0.6049155,0.67627,0.62693685,0.71489525,0.7056302,0.5223347,0.36797455,0.71489525,0.5406726,0.35995904,0.12818385118188103,0,"{""type"":""MultiPoint"",""coordinates"":[]}"
3384_0,0.21912743,0.25224993,0.16405484,0.16623922,0.20727111,0.24181505,0.20512821,0.19766659,0.4618664,0.41447937,0.27440906,0.3955985,0.4618664,0.2666588,0.16405484,0.09678627875786233,0,"{""type"":""MultiPoint"",""coordinates"":[]}"
3385_0,0.07936508,0.03732304,0.07452632,0.01958042,-0.011712782,0.016046213,-0.03622251,-0.027113238,0.09651202,-0.072093025,0.04987531,0.066696815,0.09651202,0.024398638,-0.072093025,0.0503121264953995,0,"{""type"":""MultiPoint"",""coordinates"":[]}"
3386_0,0.27989787,0.23203573,0.22808927,0.1825999,0.21046048,0.20612486,0.16809933,0.2682113,0.50793463,0.54883426,0.57043993,0.28587258,0.57043993,0.30738336,0.16809933,0.14055065288705326,0,"{""type"":""MultiPoint"",""coordinates"":[]}"
3387_0,0.30520603,0.31347266,0.30075186,0.3685694,0.52357525,0.7738478,0.7494577,0.19553995,0.58623296,0.7876106,0.7666879,0.40345716,0.7876106,0.5062008,0.19553995,0.2102225029564472,0,"{""type"":""MultiPoint"",""coordinates"":[]}"
3388_0,0.36073998,0.24689332,0.1696328,0.14530478,0.21495327,0.27807084,0.13632137,0.25397506,0.29677784,0.40477264,0.5048026,0.35663676,0.5048026,0.2807401,0.13632137,0.10635901340145099,0,"{""type"":""MultiPoint"",""coordinates"":[]}"
3389_0,0.55713457,0.4999167,0.39143234,0.4820639,0.567313,0.5723964,0.5306697,0.5886305,0.64962727,0.7555938,0.66079545,0.60545063,0.7555938,0.571752,0.39143234,0.08983900877214482,0,"{""type"":""MultiPoint"",""coordinates"":[]}"
3390_0,0.64875,0.6582524,0.45337424,0.70579374,0.78785336,0.82094795,0.8554284,0.7502566,0.8368279,0.24697645,0.50610435,0.53471446,0.8554284,0.65044,0.24697645,0.17645828067973848,0,"{""type"":""MultiPoint"",""coordinates"":[]}"
3391_0,0.023057822,0.048256427,0.08698941,0.04389524,-0.025520483,-0.039574325,-0.043594453,0.016027875,-0.036248755,-0.012878788,-0.020063357,-0.0077111814,0.08698941,0.0027196193,-0.043594453,0.03935116190409435,0,"{""type"":""MultiPoint"",""coordinates"":[]}"
3392_0,0.272677,0.2927507,0.24643585,0.27172917,0.28304255,0.3276909,0.28102502,0.30448893,0.33093524,0.26164266,0.30178759,0.27447218,0.33093524,0.2873898,0.24643585,0.024284659679241406,0,"{""type"":""MultiPoint"",""coordinates"":[]}"
3393_0,0.42636406,0.5074946,0.3855478,0.34578946,0.47581023,0.5047116,0.40722167,0.37405303,0.5661997,0.75518167,0.4215641,0.63846374,0.75518167,0.4840335,0.34578946,0.11518165070105027,0,"{""type"":""MultiPoint"",""coordinates"":[]}"
3394_0,0.4972035,0.49112427,0.38671413,0.6042328,0.59528905,0.5853392,0.603355,0.63117605,0.5,0.68618786,0.5032914,0.53395784,0.68618786,0.55148923,0.38671413,0.07748823506095026,0,"{""type"":""MultiPoint"",""coordinates"":[]}"
3395_0,-0.17598344,-0.23064771,0.060645163,-0.40279937,-0.31697342,-0.2814136,-0.09893993,-0.9913793,-0.670922,-0.42105263,-0.3605442,-0.56959194,0.060645163,-0.37163353,-0.9913793,0.26565837523112373,0,"{""type"":""MultiPoint"",""coordinates"":[]}"
3396_0,0.5122939,0.42161077,0.31949988,0.52863324,0.7158931,0.67768943,0.71039844,0.63825136,0.7745872,0.7684315,0.60541457,0.63585436,0.7745872,0.60904646,0.31949988,0.13403640674874712,0,"{""type"":""MultiPoint"",""coordinates"":[]}"
3397_0,0.33674514,0.33651417,0.2841823,0.5443709,0.44859812,0.40057337,0.49008498,0.46850187,0.5095412,0.6131632,0.50466776,0.55150855,0.6131632,0.45737097,0.2841823,0.09544156591452692,0,"{""type"":""MultiPoint"",""coordinates"":[]}"
3398_0,0.66647565,0.6993847,0.5941388,0.60127085,0.7409683,0.7670284,0.7688868,0.6977757,0.59306645,0.72864324,0.7545662,0.7344287,0.7688868,0.6955528,0.59306645,0.06401857668107082,0,"{""type"":""MultiPoint"",""coordinates"":[]}"
3399_0,0.62242705,0.64254624,0.47721693,0.44286466,0.47853404,0.5995865,0.699654,0.72511345,0.49680775,0.5725429,0.5482782,0.60382384,0.72511345,0.57578295,0.44286466,0.08634886196535337,0,"{""type"":""MultiPoint"",""coordinates"":[]}"
3400_0,0.2874494,0.2532141,0.21022129,0.3053416,0.2821064,0.34821904,0.36264873,0.32884514,0.29858744,0.37577003,0.41553533,0.35437432,0.41553533,0.31852606,0.21022129,0.05459459881724347,0,"{""type"":""MultiPoint"",""coordinates"":[]}"
3401_0,0.6409336,0.5868737,0.5153006,0.5993958,0.61889327,0.37583655,0.609711,0.6648267,0.6870229,0.73936456,0.646075,0.58989596,0.73936456,0.60617745,0.37583655,0.0878861728198782,0,"{""type"":""MultiPoint"",""coordinates"":[]}"
3402_0,0.543829,0.5408267,0.50121653,0.3246651,0.7489268,0.3095524,0.6061047,0.46201643,0.042821158,0.6726123,0.6866852,0.59935564,0.7489268,0.50321764,0.042821158,0.18900475617496318,0,"{""type"":""MultiPoint"",""coordinates"":[]}"
3403_0,0.23139013,0.20649967,0.21372549,0.18351239,0.2835821,0.28565365,0.33089578,0.41182032,0.23450135,0.3304565,0.40441522,0.24280189,0.41182032,0.27993786,0.18351239,0.07243269954844601,0,"{""type"":""MultiPoint"",""coordinates"":[]}"
3404_0,0.49712092,0.49036875,0.39308363,0.6039823,0.68967754,0.6860215,0.6909254,0.5659157,0.7721565,0.6479205,0.517305,0.5891701,0.7721565,0.595304,0.39308363,0.10365392887461727,0,"{""type"":""MultiPoint"",""coordinates"":[]}"
3405_0,0.29123968,0.2761905,0.27223185,0.37885135,0.43534482,0.48662043,0.39118966,0.51111114,0.25643224,0.3144311,0.3808819,0.2989409,0.51111114,0.3577888,0.25643224,0.08278283570777113,0,"{""type"":""MultiPoint"",""coordinates"":[]}"
3406_0,0.38055843,0.43666488,0.34706983,0.38658628,0.43757132,0.48051947,0.46347305,0.46102118,0.6154655,0.64512336,0.49986047,0.47407198,0.64512336,0.46899882,0.34706983,0.0842569573206827,0,"{""type"":""MultiPoint"",""coordinates"":[]}"
3407_0,0.5312849,0.15716273,0.53975123,0.64368564,0.18449737,0.77924216,0.8791019,0.7521614,0.06535948,0.03776683,0.13465124,0.7624143,0.8791019,0.45558992,0.03776683,0.3037006985649885,0,"{""type"":""MultiPoint"",""coordinates"":[]}"
3408_0,0.59399366,0.59447414,0.42477092,0.43398106,0.57364553,0.4663951,0.45109725,0.37871525,0.7701342,0.7644733,0.7914174,0.67981964,0.7914174,0.5769098,0.37871525,0.14160654368517986,0,"{""type"":""MultiPoint"",""coordinates"":[]}"
3409_0,0.5028653,0.51906157,0.3496949,0.39066088,0.41610208,0.561458,0.65290135,0.48184922,0.5524341,0.5890613,0.58640224,0.5819961,0.65290135,0.51537395,0.3496949,0.08730984253820924,0,"{""type"":""MultiPoint"",""coordinates"":[]}"
3410_0,0.22367072,0.2405545,0.19611111,0.1829416,0.28323418,0.31470743,0.2181867,0.24239543,0.43813953,0.63858634,0.17784257,0.48958197,0.63858634,0.30382934,0.17784257,0.1380747526282419,0,"{""type"":""MultiPoint"",""coordinates"":[]}"
3411_0,0.30932102,0.25226185,0.20613287,0.28235883,0.53070176,0.47113222,0.3330804,0.42599097,0.6155436,0.7229602,0.6812428,0.57818866,0.7229602,0.45074293,0.20613287,0.1681969426875779,0,"{""type"":""MultiPoint"",""coordinates"":[]}"
3412_0,0.425041,0.35912487,0.37111607,0.602349,0.6618026,0.589028,0.5745755,0.50886524,0.646244,0.65581393,0.7815534,0.39851853,0.7815534,0.547836,0.35912487,0.12912329208896625,0,"{""type"":""MultiPoint"",""coordinates"":[]}"
3413_0,0.5696503,0.6357289,0.50648266,0.40126768,0.6006897,0.41820902,0.71420884,0.52,0.7371595,0.7320805,0.5798232,0.5826676,0.7371595,0.583164,0.40126768,0.10665125590786022,0,"{""type"":""MultiPoint"",""coordinates"":[]}"
3414_0,0.40606734,0.40050948,0.3331548,0.45835188,0.44209215,0.46530274,0.44827586,0.4720812,0.45397675,0.5159511,0.4140056,0.4526515,0.5159511,0.43853503,0.3331548,0.043760566744951955,0,"{""type"":""MultiPoint"",""coordinates"":[]}"
3415_0,0.6021039,0.58569956,0.42658895,0.6490158,0.7316029,0.5120293,0.7510622,0.3028473,0.40867132,0.7093878,0.4706568,0.3794599,0.7510622,0.5440938,0.3028473,0.14297274948428226,0,"{""type"":""MultiPoint"",""coordinates"":[]}"
3416_0,0.5724314,0.61408126,0.5346445,0.5294486,0.69685537,0.6112478,0.74001914,0.6839113,0.7825966,0.72499573,0.71534884,0.685875,0.7825966,0.6576213,0.5294486,0.07966798646284325,0,"{""type"":""MultiPoint"",""coordinates"":[]}"
3417_0,0.58155304,0.58086395,0.50228447,0.63787663,0.7130282,0.67757875,0.72373444,0.7436815,0.071694985,0.8102534,0.74070245,0.6939203,0.8102534,0.62309766,0.071694985,0.18528507369012628,0,"{""type"":""MultiPoint"",""coordinates"":[]}"
3418_0,0.6988203,0.64974093,0.46318826,0.24970484,0.54414123,0.6968313,0.7003922,0.77619535,0.6913799,0.56855994,0.63958716,0.64675176,0.77619535,0.6104411,0.24970484,0.13511324576289743,0,"{""type"":""MultiPoint"",""coordinates"":[]}"
3419_0,0.6141579,0.62640035,0.5230851,0.50053364,0.5949266,0.34989044,0.68103,0.403825,0.058432773,0.44097996,0.5781765,0.4890388,0.68103,0.48837307,0.058432773,0.15973471732548597,0,"{""type"":""MultiPoint"",""coordinates"":[]}"
3420_0,0.18627876,0.21071354,0.20732477,0.098871574,0.15057915,0.19385515,0.13412441,0.22990318,0.20295462,0.13722268,0.1874063,0.22210415,0.22990318,0.18011153,0.098871574,0.03888865936988455,0,"{""type"":""MultiPoint"",""coordinates"":[]}"
3421_0,0.64324325,0.57209927,0.46151677,0.6702944,0.7662483,0.8326919,0.8268106,0.66823226,0.79026884,0.8511088,0.48916116,0.7311458,0.8511088,0.6919018,0.46151677,0.12650464922480711,0,"{""type"":""MultiPoint"",""coordinates"":[]}"
3422_0,0.62530273,0.708187,0.3601134,0.18324079,0.052327976,0.30412805,0.45644173,0.64666104,0.33553147,0.083932854,-0.23442967,-0.028255286,0.708187,0.2910985,-0.23442967,0.2792929230310336,0,"{""type"":""MultiPoint"",""coordinates"":[]}"
3423_0,0.20500131,0.16264752,0.1211499,0.10967652,0.09306144,0.275465,0.15953027,0.14877823,0.38157895,0.534293,0.3372449,0.45842957,0.534293,0.2489047,0.09306144,0.1410770600482701,0,"{""type"":""MultiPoint"",""coordinates"":[]}"
3424_0,0.56134033,0.5407233,0.46744573,0.6555642,0.73519695,0.7208585,0.7199709,0.72417015,0.6620776,0.68593997,0.620438,0.65956235,0.73519695,0.6461073,0.46744573,0.08065182551199136,0,"{""type"":""MultiPoint"",""coordinates"":[]}"
3425_0,0.14923747,0.19422233,0.23118019,0.25967097,0.50023055,0.54203486,0.59456927,0.610094,0.048694976,0.569687,0.5904238,0.5588723,0.610094,0.4040765,0.048694976,0.19982211553912332,0,"{""type"":""MultiPoint"",""coordinates"":[]}"
3426_0,0.35420945,0.3481817,0.26922205,0.22321606,0.72254694,0.8434146,0.8445084,0.3527597,0.0077220076,0.8362432,0.80730104,0.588288,0.8445084,0.51646775,0.0077220076,0.2793399323528468,0,"{""type"":""MultiPoint"",""coordinates"":[]}"
3427_0,0.5927995,0.6123188,0.46042806,0.6776462,0.6950132,0.4494184,0.71248025,0.64274395,0.77396524,0.81441265,0.75828993,0.69090337,0.81441265,0.6567016,0.4494184,0.10911345492048179,0,"{""type"":""MultiPoint"",""coordinates"":[]}"
3428_0,-0.05263158,-0.04439359,0.1890073,-0.06467662,-0.050035913,0.33422938,0.10623229,0.20121719,-0.09704641,-0.24168126,-0.21386431,-0.2858958,0.33422938,-0.018294943,-0.2858958,0.1830118313872955,0,"{""type"":""MultiPoint"",""coordinates"":[]}"
3429_0,0.5386772,0.46549994,0.4093631,0.6142927,0.6378214,0.5927247,0.6836344,0.6042781,0.7047917,0.73024935,0.6969697,0.6342371,0.73024935,0.6093783,0.4093631,0.0932558905346748,0,"{""type"":""MultiPoint"",""coordinates"":[]}"
3430_0,0.40386802,0.48239437,0.38606355,0.4981661,0.57780194,0.46680865,0.5293641,0.5325704,0.54,0.66906476,0.53301126,0.59648126,0.66906476,0.5179662,0.38606355,0.07545525179281108,0,"{""type"":""MultiPoint"",""coordinates"":[]}"
3431_0,0.5745288,0.5409292,0.5168735,0.57499313,0.66482556,0.35071814,0.39947727,0.65267086,0.6231852,0.5159896,0.6246236,0.4034532,0.66482556,0.5368557,0.35071814,0.09999445170406149,0,"{""type"":""MultiPoint"",""coordinates"":[]}"
3432_0,0.43591285,0.6178599,0.5532589,0.53121203,0.61125195,0.67333126,0.6368207,0.66626996,0.45619765,0.65828717,0.67825633,0.6663161,0.67825633,0.5987479,0.43591285,0.08164517165942216,0,"{""type"":""MultiPoint"",""coordinates"":[]}"
3433_0,0.61421317,0.5055456,0.41574585,0.49298012,0.6808786,0.6329206,0.5782266,0.52852154,0.66144496,0.77804655,0.7719647,0.6878276,0.77804655,0.61235964,0.41574585,0.10749547657188772,0,"{""type"":""MultiPoint"",""coordinates"":[]}"
3434_0,0.49490836,0.4975067,0.38735002,0.15556532,0.7195413,0.6134361,0.59617007,0.7245578,0.7031924,0.70419425,0.6944932,0.62051284,0.7245578,0.57595235,0.15556532,0.16284110340043542,0,"{""type"":""MultiPoint"",""coordinates"":[]}"
3435_0,0.6622677,0.67030376,0.5912735,0.7174703,0.58634055,0.68438494,0.72224844,0.736378,0.7864534,0.7778973,0.78123325,0.76278806,0.7864534,0.7065866,0.58634055,0.06644276263176299,0,"{""type"":""MultiPoint"",""coordinates"":[]}"
3436_0,0.5349857,0.627204,0.47434098,0.18620689,0.31491208,0.19368836,0.5906521,0.41737756,0.16368638,0.23467231,0.02124431,-0.0033715442,0.627204,0.3129666,-0.0033715442,0.20534029388321579,0,"{""type"":""MultiPoint"",""coordinates"":[]}"
3437_0,0.46415094,0.48471615,0.41130415,0.58828133,0.54160523,0.5538793,0.5072768,0.6552058,0.65219957,0.8147925,0.80118626,0.57801133,0.8147925,0.5877175,0.41130415,0.11995861720617532,0,"{""type"":""MultiPoint"",""coordinates"":[]}"
3438_0,0.39494923,0.38380653,0.3139659,0.38765183,0.3408301,0.36542487,0.45131245,0.35206613,0.4745148,0.5060259,0.57440156,0.638779,0.638779,0.43197736,0.3139659,0.09549164816040136,0,"{""type"":""MultiPoint"",""coordinates"":[]}"
3439_0,0.27965647,0.54202586,0.749044,0.64784735,0.23254402,0.4488568,0.7429044,0.6666667,0.5294118,0.032618824,0.06323185,0.28793773,0.749044,0.43522882,0.032618824,0.24149382537769634,0,"{""type"":""MultiPoint"",""coordinates"":[]}"
3440_0,0.40539023,0.44303444,0.40790844,0.4552773,0.6256777,0.50058126,0.6045531,0.6056218,0.40339303,0.512031,0.68168795,0.46419686,0.68168795,0.5091128,0.40339303,0.09279598102674082,0,"{""type"":""MultiPoint"",""coordinates"":[]}"
3441_0,0.33103845,0.39618528,0.30808598,0.49398738,0.6523123,0.1743224,0.61416006,0.60113555,0.6540509,0.7599324,0.41947624,0.6414871,0.7599324,0.50384784,0.1743224,0.16988721715215538,0,"{""type"":""MultiPoint"",""coordinates"":[]}"
3442_0,0.4743782,0.47365177,0.46263644,0.52680224,0.54376656,0.53125876,0.67885053,0.6595855,0.65455383,0.614353,0.6492347,0.46561834,0.67885053,0.56122416,0.46263644,0.08126530013924213,0,"{""type"":""MultiPoint"",""coordinates"":[]}"
3443_0,0.602908,0.47935548,0.21132758,0.12805182,0.12634921,0.20619622,0.11729623,0.24643198,0.2173913,0.59287053,0.3909091,0.34813386,0.602908,0.30560178,0.11729623,0.16816576563093324,0,"{""type"":""MultiPoint"",""coordinates"":[]}"
3444_0,0.2944477,0.30108032,0.30485436,0.40083334,0.29340762,0.42276424,0.63581187,0.47080746,0.30961183,0.58023185,0.5861713,0.28594506,0.63581187,0.40716392,0.28594506,0.12589241697746356,0,"{""type"":""MultiPoint"",""coordinates"":[]}"
3445_0,-0.010869565,-0.25295022,-0.044129446,0.0045174537,-0.42168674,-0.07177363,-0.37733498,-0.06402116,-0.042695593,-0.17228465,0.021965317,-0.24839126,0.021965317,-0.13997121,-0.42168674,0.14551737789562394,0,"{""type"":""MultiPoint"",""coordinates"":[]}"
3446_0,0.23611383,0.2598497,0.23382418,0.20658565,0.24391691,0.31886825,0.31462085,0.4414494,0.66594946,0.5929315,0.721673,0.63220894,0.721673,0.40566596,0.20658565,0.18628767529352774,0,"{""type"":""MultiPoint"",""coordinates"":[]}"
3447_0,0.05499095,0.03601108,0.086836144,0.0018975332,-0.0074333185,-0.011832198,-0.033183258,-0.025577558,0.02746365,-0.07073509,0.03852517,-0.025673138,0.086836144,0.005940831,-0.07073509,0.04212382202834082,0,"{""type"":""MultiPoint"",""coordinates"":[]}"
3448_0,0.53367686,0.6319832,0.49590537,0.5936164,0.64648277,0.5889371,0.6416896,0.5356125,0.3544713,0.11067194,0.074074075,0.17911975,0.64648277,0.4488534,0.074074075,0.20489550172266108,0,"{""type"":""MultiPoint"",""coordinates"":[]}"
3449_0,0.22356676,0.10810088,0.13489684,0.06711004,0.055796754,0.15196599,0.022799289,0.061804872,0.0714826,0.04487413,0.06596794,0.08649081,0.22356676,0.091238074,0.022799289,0.053212343440687,0,"{""type"":""MultiPoint"",""coordinates"":[]}"
3450_0,0.29137325,0.30720067,0.30491668,0.44728884,0.38418862,0.54473686,0.73256767,0.6449673,0.21536796,0.7717138,0.703504,0.6588852,0.7717138,0.5005593,0.21536796,0.19007630186944996,0,"{""type"":""MultiPoint"",""coordinates"":[]}"
3451_0,0.5045872,0.500598,0.49773344,0.6368485,0.6515993,0.48561993,0.52138203,0.44444445,0.6198175,0.64540815,0.73815167,0.64341086,0.73815167,0.5741334,0.44444445,0.08771177886680037,0,"{""type"":""MultiPoint"",""coordinates"":[]}"
3452_0,0.016836734,-0.038886223,0.013156181,-0.06387748,-0.040152963,0.08797231,-0.09096652,0.023932425,0.0020414116,-0.010318949,0.031866465,0.015887426,0.08797231,-0.0043757646,-0.09096652,0.046004392396414434,0,"{""type"":""MultiPoint"",""coordinates"":[]}"
3453_0,0.21121718,0.21754386,0.21017438,0.3560391,0.46985817,0.6547918,0.5727034,0.2280514,0.30688447,0.54698795,0.18551043,0.45335943,0.6547918,0.36776012,0.18551043,0.15883518009317918,0,"{""type"":""MultiPoint"",""coordinates"":[]}"
3454_0,0.5351455,0.50829566,0.38726857,0.30232558,0.55099356,0.2590542,0.3166608,0.38004866,0.3432836,0.50466776,0.47267208,0.34720543,0.55099356,0.40896845,0.2590542,0.09616750886343725,0,"{""type"":""MultiPoint"",""coordinates"":[]}"
3455_0,0.439826,0.40387097,0.35893497,0.50564975,0.5979101,0.57204026,0.5813559,0.5991228,0.6227889,0.60910994,0.401488,0.554518,0.6227889,0.5205513,0.35893497,0.09064762917479322,0,"{""type"":""MultiPoint"",""coordinates"":[]}"
3456_0,0.4294344,0.31581768,0.23945783,0.27010623,0.45751783,0.37210554,0.47872624,0.2916225,0.67587477,0.6976378,0.6190264,0.28758577,0.6976378,0.42790943,0.23945783,0.15507702319930908,0,"{""type"":""MultiPoint"",""coordinates"":[]}"
3457_0,0.62097865,0.6546999,0.60520923,0.68871593,0.3761243,0.21279004,0.49010655,0.6190771,0.07008965,0.20425531,0.6794347,0.76886344,0.76886344,0.4991954,0.07008965,0.2187325229023509,0,"{""type"":""MultiPoint"",""coordinates"":[]}"
3458_0,0.4299638,0.37408844,0.32246593,0.49559283,0.6155742,0.41017315,0.34472656,0.43374082,0.5388535,0.5794872,0.5012407,0.5159501,0.6155742,0.4634881,0.32246593,0.08865159099791158,0,"{""type"":""MultiPoint"",""coordinates"":[]}"
3459_0,0.20679468,0.17383821,0.16838872,0.41970986,0.17403574,0.66911244,0.36546186,0.17254174,0.5700609,0.58498293,0.425,0.4817094,0.66911244,0.36763638,0.16838872,0.1771988469257658,0,"{""type"":""MultiPoint"",""coordinates"":[]}"
3460_0,0.5581431,0.5815526,0.4075905,0.38882682,0.4737456,0.65596205,0.72484016,0.48407105,0.4093664,0.73554915,0.49333334,0.5055649,0.73554915,0.5348788,0.38882682,0.11399034943207224,0,"{""type"":""MultiPoint"",""coordinates"":[]}"
3461_0,0.7221591,0.61504555,0.22410424,0.18596059,0.4611399,0.623453,0.8204349,0.22641958,0.1390008,-0.5480094,-0.48928878,0.19473319,0.8204349,0.26459607,-0.5480094,0.4150450699353914,0,"{""type"":""MultiPoint"",""coordinates"":[]}"
3462_0,0.5761459,0.48205772,0.53430194,0.64418936,0.7221851,0.6281003,0.70130175,0.6914434,0.7268386,0.73871225,0.7948718,0.66999876,0.7948718,0.6591789,0.48205772,0.08721111472275243,0,"{""type"":""MultiPoint"",""coordinates"":[]}"
3463_0,0.69495165,0.569436,0.422866,0.5227677,0.70366466,0.71889544,0.8020899,0.73777366,0.38869566,0.8124849,0.775949,0.7868982,0.8124849,0.6613727,0.38869566,0.1421515235049802,0,"{""type"":""MultiPoint"",""coordinates"":[]}"
3464_0,0.65185183,0.664986,0.47599453,0.6657869,0.8019376,0.22638147,0.8100654,0.5876893,0.73907804,0.3700868,0.7615507,0.6737377,0.8100654,0.6190955,0.22638147,0.17093583012142907,0,"{""type"":""MultiPoint"",""coordinates"":[]}"
3465_0,0.5573289,0.22269759,0.21447721,0.15454546,0.47155324,0.5043591,0.8962084,0.5707388,0.0074480595,0.20542005,-0.0010672358,0.09508197,0.8962084,0.3248993,-0.0010672358,0.2614618034654195,0,"{""type"":""MultiPoint"",""coordinates"":[]}"
3466_0,0.61048496,0.6880734,0.55392873,0.73461246,0.78819305,0.42880684,0.81725264,0.69864804,0.8180864,0.83658713,0.44477612,0.73927957,0.83658713,0.6798941,0.42880684,0.13546075071595595,0,"{""type"":""MultiPoint"",""coordinates"":[]}"
3467_0,0.60617375,0.67509025,0.5176382,0.6514816,0.59641254,0.6450407,0.6786034,0.5936847,0.7834395,0.72669494,0.6865743,0.6374817,0.7834395,0.6498596,0.5176382,0.06591675845365065,0,"{""type"":""MultiPoint"",""coordinates"":[]}"
3468_0,0.21473685,0.24016145,0.20044346,0.21669939,0.21509434,0.20188902,0.22301024,0.17797124,0.2802139,0.38043138,0.19935863,0.37415838,0.38043138,0.24368069,0.17797124,0.06440794646537458,0,"{""type"":""MultiPoint"",""coordinates"":[]}"
3469_0,0.6667482,0.6514642,0.524738,0.6150235,0.67914206,0.38018936,0.5862676,0.62685263,0.49245146,0.84074605,0.75,0.74926543,0.84074605,0.63024074,0.38018936,0.1196576002353425,0,"{""type"":""MultiPoint"",""coordinates"":[]}"
3470_0,0.4963663,0.45185456,0.3653113,0.29516894,0.5557679,0.10211267,0.49643275,0.41572383,0.6188939,0.63942933,0.47593242,0.5595189,0.63942933,0.45604274,0.10211267,0.14302643273624438,0,"{""type"":""MultiPoint"",""coordinates"":[]}"
3471_0,0.4093447,0.3295077,0.23543794,0.100860424,0.39806762,0.31396356,0.41503185,0.29570672,0.6103719,0.6994671,0.46344525,0.5571808,0.6994671,0.40236548,0.100860424,0.1588320832567572,0,"{""type"":""MultiPoint"",""coordinates"":[]}"
3472_0,0.34832904,0.33144477,0.2784314,0.44339862,0.461423,0.42254245,0.45148844,0.3736018,0.37150466,0.5087492,0.49225333,0.38549748,0.5087492,0.40572202,0.2784314,0.06622400396161661,0,"{""type"":""MultiPoint"",""coordinates"":[]}"
3473_0,0.6629499,0.752767,0.5811359,0.74740034,0.8324022,0.47298297,0.823642,0.83329475,0.16057503,0.8904538,0.7889344,0.8181556,0.8904538,0.69705784,0.16057503,0.19825753522927808,0,"{""type"":""MultiPoint"",""coordinates"":[]}"
3474_0,0.51970303,0.4764971,0.40472442,0.56032485,0.73307353,0.6935484,0.78973347,0.7390078,0.09979633,0.8422165,0.8201423,0.75468826,0.8422165,0.6194547,0.09979633,0.20814876490780546,0,"{""type"":""MultiPoint"",""coordinates"":[]}"
3475_0,0.29417384,0.27657503,0.24158269,0.24993928,0.3522073,0.36696342,0.40879926,0.4847973,0.3517004,0.34668335,0.4523305,0.2804728,0.4847973,0.34218544,0.24158269,0.07459959046456949,0,"{""type"":""MultiPoint"",""coordinates"":[]}"
3476_0,0.33253872,0.33411556,0.3283087,0.4295946,0.43348563,0.48788625,0.39777386,0.4047751,0.09251101,0.4049497,0.3900211,0.4220709,0.48788625,0.3715026,0.09251101,0.095392067050944,0,"{""type"":""MultiPoint"",""coordinates"":[]}"
3477_0,0.38221192,0.374677,0.27096146,0.49819928,0.5230273,0.43807763,0.65090746,0.27546573,0.13528933,0.0064888247,0.24722913,0.1760361,0.65090746,0.3315476,0.0064888247,0.17428268207350522,0,"{""type"":""MultiPoint"",""coordinates"":[]}"
3478_0,0.17725752,0.33543232,0.31883717,0.28186092,0.22723174,0.375,0.43417826,0.22395407,0.32619774,0.19848976,0.22374429,0.2794622,0.43417826,0.2834705,0.17725752,0.07397112550225703,0,"{""type"":""MultiPoint"",""coordinates"":[]}"
3479_0,0.24348255,0.20471549,0.23266716,0.20408164,0.2245294,0.4521888,0.23811506,0.22162645,0.1818008,0.1494578,0.35042736,0.1756701,0.4521888,0.23989688,0.1494578,0.07964663353304484,0,"{""type"":""MultiPoint"",""coordinates"":[]}"
3480_0,0.08280255,0.07677394,0.13156839,0.03212317,-0.036244392,-0.033119954,0.111834966,0.086308494,0.022574741,-0.03223174,0.09126672,0.037242472,0.13156839,0.047574945,-0.036244392,0.055949423597550216,0,"{""type"":""MultiPoint"",""coordinates"":[]}"
3481_0,0.20575221,0.306293,0.1673855,0.2535344,0.34949702,0.18539067,0.38037068,0.395092,0.58353037,0.6717205,0.022179915,0.4667691,0.6717205,0.33229294,0.022179915,0.17578458276303013,0,"{""type"":""MultiPoint"",""coordinates"":[]}"
3482_0,0.6855532,0.77617604,0.5311714,0.06318083,0.3188334,0.53022575,0.73180664,0.262795,0.10362829,0.1625,-0.12230216,0.050378956,0.77617604,0.3411623,-0.12230216,0.2892380855182196,0,"{""type"":""MultiPoint"",""coordinates"":[]}"
3483_0,0.5255205,0.3780652,0.29212618,0.27479032,0.35606733,0.26602802,0.16356108,0.1869863,0.3051486,0.42303663,0.3369813,0.34292135,0.5255205,0.32093608,0.16356108,0.0941855792253161,0,"{""type"":""MultiPoint"",""coordinates"":[]}"
3484_0,0.6297626,0.61753404,0.48783803,0.6188463,0.82158273,0.75777805,0.8221734,0.7901616,0.7586207,0.7640358,0.74351585,0.74969816,0.8221734,0.7134623,0.48783803,0.09756809469256986,0,"{""type"":""MultiPoint"",""coordinates"":[]}"
3485_0,0.62968963,0.59911406,0.5556106,0.6511078,0.70414203,0.5825427,0.43756786,0.5212667,0.6282025,0.69451934,0.72978354,0.6462396,0.72978354,0.6149822,0.43756786,0.07917053522707324,0,"{""type"":""MultiPoint"",""coordinates"":[]}"
3486_0,0.52790856,0.5818303,0.50960565,0.61998653,0.6639821,0.45480326,0.68151146,0.51864123,0.49984843,0.69978243,0.67005473,0.5688749,0.69978243,0.58306915,0.45480326,0.07903614385178798,0,"{""type"":""MultiPoint"",""coordinates"":[]}"
3487_0,0.45008844,0.44179964,0.36949325,0.50022924,0.6618191,0.39026338,0.48089403,0.54679805,0.79585326,0.59365994,0.6510211,0.6440012,0.79585326,0.5438267,0.36949325,0.12264068241348423,0,"{""type"":""MultiPoint"",""coordinates"":[]}"
3488_0,0.28505692,0.20425944,0.16497041,0.24509804,0.15191437,0.1641286,0.22128078,0.17632347,0.29531568,0.38997614,0.18987341,0.28787142,0.38997614,0.23133905,0.15191437,0.06852035464340922,0,"{""type"":""MultiPoint"",""coordinates"":[]}"
3489_0,0.45519713,0.5659824,0.45145288,0.5800148,0.58716345,0.6135116,0.45012406,0.64,0.4141324,0.7056995,0.6436578,0.50220263,0.7056995,0.5507616,0.4141324,0.08995241794902,0,"{""type"":""MultiPoint"",""coordinates"":[]}"
3490_0,0.45804513,0.3782506,0.28185126,0.30356708,0.3554163,0.39637205,0.38468388,0.27812958,0.4396096,0.5501633,0.13522825,0.45155808,0.5501633,0.3677396,0.13522825,0.10351328597939079,0,"{""type"":""MultiPoint"",""coordinates"":[]}"
3491_0,0.34933335,0.44431752,0.47416413,0.342986,0.3897123,0.23094822,0.46900386,0.4979386,0.086084545,0.39518496,0.35209182,0.34912518,0.4979386,0.36507422,0.086084545,0.10997413413755912,0,"{""type"":""MultiPoint"",""coordinates"":[]}"
3492_0,0.29956162,0.26272067,0.23750323,0.33776867,0.47084337,0.30383602,0.36424524,0.27331486,0.2858473,0.6756082,0.6999491,0.30922577,0.6999491,0.376702,0.23750323,0.15041382326747502,0,"{""type"":""MultiPoint"",""coordinates"":[]}"
3493_0,0.5899378,0.5793488,0.44469768,0.6333123,0.63990265,0.6606833,0.7132151,0.6669298,0.59693485,0.6856911,0.68722224,0.6015326,0.7132151,0.62495065,0.44469768,0.0682032271014821,0,"{""type"":""MultiPoint"",""coordinates"":[]}"
3494_0,0.26933935,0.22743683,0.20722951,0.25553754,0.37970856,0.37666488,0.330493,0.30942452,0.47863492,0.52974826,0.33508402,0.31101096,0.52974826,0.3341927,0.20722951,0.09222053275918392,0,"{""type"":""MultiPoint"",""coordinates"":[]}"
3495_0,0.5198076,0.5023976,0.41819167,0.46140748,0.65568596,0.2860621,0.6283438,0.55880916,0.5309698,0.45158526,0.63409907,0.5126483,0.65568596,0.513334,0.2860621,0.09909187853108663,0,"{""type"":""MultiPoint"",""coordinates"":[]}"
3496_0,0.47951356,0.5430385,0.31681415,0.52468425,0.6571239,0.51457727,0.5771943,0.48217502,0.76200324,0.8108108,0.5162223,0.7208316,0.8108108,0.57541573,0.31681415,0.13343034805949996,0,"{""type"":""MultiPoint"",""coordinates"":[]}"
3497_0,0.6051489,0.61586905,0.45918226,0.6082918,0.66458386,0.74093264,0.62576437,0.58009005,0.69194514,0.7720916,0.698934,0.64324987,0.7720916,0.64217365,0.45918226,0.07834463045485057,0,"{""type"":""MultiPoint"",""coordinates"":[]}"
3498_0,0.3568417,0.22337662,0.21677327,0.8093033,0.71452945,0.36511156,0.29738563,0.80230445,0.70258045,0.36141908,0.58106744,0.7766656,0.8093033,0.51727986,0.21677327,0.2253395937834554,0,"{""type"":""MultiPoint"",""coordinates"":[]}"
3499_0,0.5113666,0.35239035,0.37361658,0.29273504,0.37746358,0.43491694,0.4156947,0.46362838,0.53170943,0.6716883,0.60784316,0.5986059,0.6716883,0.46930492,0.29273504,0.1114525159375906,0,"{""type"":""MultiPoint"",""coordinates"":[]}"
3500_0,0.6804542,0.6766667,0.29795396,0.51353204,0.6562108,0.78522336,0.7422434,0.6268196,0.7871772,0.8150205,0.6814289,0.71794873,0.8150205,0.6650566,0.29795396,0.13555513844971384,0,"{""type"":""MultiPoint"",""coordinates"":[]}"
3501_0,0.32336557,0.34703347,0.38411894,0.5046481,0.5745657,0.53905946,0.5337824,0.3529874,0.44577625,0.22099915,0.18295455,0.87396485,0.87396485,0.44027132,0.18295455,0.17706570827289003,0,"{""type"":""MultiPoint"",""coordinates"":[]}"
3502_0,0.5049101,0.4746491,0.30541998,0.39283237,0.3924654,0.5066633,0.59152955,0.71549046,0.5618974,0.6526868,0.40134144,0.5339233,0.71549046,0.50281745,0.30541998,0.11341976631593767,0,"{""type"":""MultiPoint"",""coordinates"":[]}"
3503_0,0.61384,0.669504,0.6145374,0.6191134,0.5986332,0.74279076,0.66881275,0.57329464,0.5285935,0.73255813,0.5264214,0.58952725,0.74279076,0.62313557,0.5264214,0.0665891905250825,0,"{""type"":""MultiPoint"",""coordinates"":[]}"
3504_0,0.2642623,0.2559639,0.2153798,0.32600114,0.5210442,0.10865052,0.5408912,0.43584624,0.7517158,0.38652208,0.39985433,0.49775246,0.7517158,0.39199033,0.10865052,0.16635164056950688,0,"{""type"":""MultiPoint"",""coordinates"":[]}"
3505_0,0.47379678,0.52211607,0.48212242,0.50229007,0.6161122,0.21620579,0.5666278,0.57178843,0.73314965,0.76780397,0.6522539,0.6772231,0.76780397,0.56512415,0.21620579,0.13990702465140378,0,"{""type"":""MultiPoint"",""coordinates"":[]}"
3506_0,0.7282407,0.7080519,0.59555155,0.6781739,0.852219,0.83407974,0.8572409,0.8333333,0.8674441,0.6843018,0.74307525,0.78610563,0.8674441,0.7639848,0.59555155,0.08382702781169173,0,"{""type"":""MultiPoint"",""coordinates"":[]}"
3507_0,0.5111567,0.485402,0.40573552,0.5260791,0.586,0.5734801,0.514989,0.49976403,0.6687898,0.7760202,0.72069544,0.6141907,0.7760202,0.57352525,0.40573552,0.10184759990887168,0,"{""type"":""MultiPoint"",""coordinates"":[]}"
3508_0,0.43651888,0.27196333,0.20096007,0.48082358,0.5615142,0.21109901,0.45367026,0.5816619,0.734748,-0.047426023,0.6611465,0.3805054,0.734748,0.41059875,-0.047426023,0.2123291708061608,0,"{""type"":""MultiPoint"",""coordinates"":[]}"
3509_0,0.519183,0.5423983,0.45727888,0.40185386,0.46344116,0.47649798,0.5960149,0.52862597,0.5690867,0.5677261,0.43530065,0.5504979,0.5960149,0.5089921,0.40185386,0.05822091248024169,0,"{""type"":""MultiPoint"",""coordinates"":[]}"
3510_0,0.57104045,0.5745754,0.4644608,0.53266454,0.6846652,0.71477664,0.6598241,0.6372093,0.6594724,0.7169875,0.69046956,0.69484013,0.7169875,0.6334155,0.4644608,0.07675644618643787,0,"{""type"":""MultiPoint"",""coordinates"":[]}"
3511_0,0.47192883,0.3539031,0.2787888,0.5832919,0.68637806,0.63619477,0.5908619,0.60667205,0.85714287,0.8101695,0.7663404,0.75314283,0.85714287,0.6162346,0.2787888,0.17018953111952734,0,"{""type"":""MultiPoint"",""coordinates"":[]}"
3512_0,0.46400422,0.41247594,0.40564558,0.33857107,0.56119627,0.49778315,0.7085372,0.61476356,0.016488284,0.45371732,0.651433,0.43033418,0.7085372,0.4629125,0.016488284,0.17115580255377635,0,"{""type"":""MultiPoint"",""coordinates"":[]}"
3513_0,0.48166192,0.4884281,0.47941828,0.41325197,0.6254742,0.28740954,0.64416164,0.5062377,0.4727013,0.67380226,0.24296103,0.59033436,0.67380226,0.49215353,0.24296103,0.12735185814774352,0,"{""type"":""MultiPoint"",""coordinates"":[]}"
3514_0,0.38508457,0.3725601,0.3430342,0.39229968,0.5201342,0.5340094,0.51658267,0.4451282,0.1354225,0.64887744,0.5182689,0.38246506,0.64887744,0.43282226,0.1354225,0.12436749141755254,0,"{""type"":""MultiPoint"",""coordinates"":[]}"
3515_0,0.3781362,0.3892291,0.33641976,0.41043308,0.5305466,0.5268752,0.4015915,0.33500943,0.43814686,0.5510459,0.35480258,0.38513842,0.5510459,0.4197812,0.33500943,0.07300087791742728,0,"{""type"":""MultiPoint"",""coordinates"":[]}"
3516_0,0.5328918,0.46666667,0.35440835,0.41338223,0.57813597,0.49122807,0.5974353,0.5731707,0.70685303,0.6972599,0.7197321,0.5772765,0.7197321,0.55903673,0.35440835,0.11032218302332704,0,"{""type"":""MultiPoint"",""coordinates"":[]}"
3517_0,-0.02376033,-0.21341464,-0.09936453,0.119820826,-0.33940774,-0.19219857,-0.24680851,-0.09653916,-0.10223214,-0.2173913,0.014656144,-0.24173027,0.119820826,-0.13653086,-0.33940774,0.12429249605567094,0,"{""type"":""MultiPoint"",""coordinates"":[]}"
3518_0,0.53899884,0.5240642,0.4900278,0.49149382,0.68748444,0.3523156,0.7464301,0.5263702,0.71327436,0.7400056,0.6936366,0.5821763,0.7464301,0.5905232,0.3523156,0.11890454831786386,0,"{""type"":""MultiPoint"",""coordinates"":[]}"
3519_0,0.39513004,0.38660398,0.29344213,0.4461168,0.5160625,0.51370466,0.5505944,0.55126053,0.74883497,0.70319,0.7358232,0.7265903,0.74883497,0.5472795,0.29344213,0.14674120311208722,0,"{""type"":""MultiPoint"",""coordinates"":[]}"
3520_0,0.5264249,0.3740408,0.30493,0.41487604,0.462845,0.44059336,0.39278752,0.40901858,0.37379912,0.6550412,0.61300814,0.54128975,0.6550412,0.45905453,0.30493,0.1003601465783393,0,"{""type"":""MultiPoint"",""coordinates"":[]}"
3521_0,0.65489167,0.64283484,0.4904628,0.6028825,0.76465005,0.7594255,0.80841976,0.6947971,0.56637555,0.79400945,0.803663,0.74497354,0.80841976,0.6939488,0.4904628,0.09880776754651287,0,"{""type"":""MultiPoint"",""coordinates"":[]}"
3522_0,0.6154228,0.5728374,0.43795213,0.48059702,0.6372934,0.7060653,0.6573427,0.66862744,0.83853126,0.86404586,0.7985125,0.8351046,0.86404586,0.6760277,0.43795213,0.13356241909757716,0,"{""type"":""MultiPoint"",""coordinates"":[]}"
3523_0,0.2791728,0.25490198,0.21258613,0.18200134,0.25266612,0.3382353,0.1817831,0.286945,0.19278097,0.19840214,0.51358026,0.24902217,0.51358026,0.26183978,0.1817831,0.08871276160781684,0,"{""type"":""MultiPoint"",""coordinates"":[]}"
3524_0,0.5382623,0.4725164,0.4725549,0.4221154,0.55205643,0.31027398,0.34034023,0.4913023,0.5223182,0.55093557,0.4273983,0.6483959,0.6483959,0.47903916,0.31027398,0.09056486163997532,0,"{""type"":""MultiPoint"",""coordinates"":[]}"
3525_0,0.73519915,0.5953723,0.25562483,0.2132289,0.28752327,0.25941676,0.8296094,0.46187943,0.039141722,0.603936,0.24470589,0.40764332,0.8296094,0.41110674,0.039141722,0.22759015577364866,0,"{""type"":""MultiPoint"",""coordinates"":[]}"
3526_0,0.2794506,0.27237463,0.2598885,0.4267118,0.2728258,0.31143233,0.40517938,0.3622685,0.33674514,0.3992978,0.3625333,0.37511033,0.4267118,0.3386515,0.2598885,0.0558975401945771,0,"{""type"":""MultiPoint"",""coordinates"":[]}"
3527_0,0.051885713,0.037004404,0.077861354,0.06997343,0.017074458,0.2628362,0.0082348725,0.07387818,-0.005891473,0.008142691,0.024657534,-0.004259851,0.2628362,0.051783126,-0.005891473,0.06980303800720301,0,"{""type"":""MultiPoint"",""coordinates"":[]}"
3528_0,0.56854177,0.63499004,0.47471744,0.35351562,0.7408235,0.50933874,0.8106796,0.6527363,0.72692364,0.75405633,0.6589342,0.6978033,0.8106796,0.6319217,0.35351562,0.1273236338579811,0,"{""type"":""MultiPoint"",""coordinates"":[]}"
3529_0,0.48092484,0.41958764,0.37883285,0.20361991,0.55135614,0.46835443,0.566931,0.4829932,0.72693384,0.7290323,0.53387356,0.65679854,0.7290323,0.5166032,0.20361991,0.14263604276924696,0,"{""type"":""MultiPoint"",""coordinates"":[]}"
3530_0,0.47750866,0.46367085,0.34350342,0.43153107,0.622043,0.60277706,0.49584785,0.48099005,0.6511567,0.64060676,0.58047295,0.5100095,0.6511567,0.5250098,0.34350342,0.09061360009539862,0,"{""type"":""MultiPoint"",""coordinates"":[]}"
3531_0,0.10465116,0.010463378,0.03326213,-0.124940164,-0.08349515,-0.009146341,0.12957746,-0.6761905,0.1127321,-0.9856115,-0.30846223,-0.20061256,0.12957746,-0.16648102,-0.9856115,0.3286079877013556,0,"{""type"":""MultiPoint"",""coordinates"":[]}"
3532_0,0.5617636,0.5847076,0.4294145,0.60559547,0.63773996,0.68333334,0.67525,0.6954386,0.76532996,0.7596075,0.6871069,0.73555166,0.76532996,0.6517366,0.4294145,0.09156816911662848,0,"{""type"":""MultiPoint"",""coordinates"":[]}"
3533_0,0.36101884,0.34230667,0.39140657,0.27854955,0.40858018,0.4213075,0.40077445,0.4173422,0.4050937,0.30721548,0.2764398,0.34039587,0.4213075,0.3625359,0.2764398,0.050919111906315005,0,"{""type"":""MultiPoint"",""coordinates"":[]}"
3534_0,0.48317108,0.48027128,0.47452018,0.6166924,0.7435664,0.7689832,0.7350937,0.60690755,0.773399,0.80284965,0.80456924,0.677457,0.80456924,0.6639567,0.47452018,0.12296688214014337,0,"{""type"":""MultiPoint"",""coordinates"":[]}"
3535_0,0.38417432,0.34695077,0.29942822,0.32650158,0.4078341,0.47334513,0.4776575,0.52324003,0.68298596,0.6427586,0.59762996,0.60795206,0.68298596,0.48087153,0.29942822,0.12519087557635056,0,"{""type"":""MultiPoint"",""coordinates"":[]}"
3536_0,0.6284585,0.6522637,0.49193668,0.45167208,0.5518987,0.68404764,0.7678275,0.6882834,0.7133356,0.6973065,0.7508813,0.62739724,0.7678275,0.6421091,0.45167208,0.09447627974961849,0,"{""type"":""MultiPoint"",""coordinates"":[]}"
3537_0,0.38588753,0.3932335,0.30842006,0.3229643,0.39341918,0.35914552,0.44956997,0.3274183,0.35389134,0.48906726,0.36268976,0.5031655,0.5031655,0.38740602,0.30842006,0.060686950843078714,0,"{""type"":""MultiPoint"",""coordinates"":[]}"
3538_0,0.47705314,0.48152426,0.43755123,0.41397977,0.56203705,0.53710103,0.60294116,0.5334723,0.034124628,0.52430856,0.35875437,0.50402385,0.60294116,0.4555726,0.034124628,0.14230875407380397,0,"{""type"":""MultiPoint"",""coordinates"":[]}"
3539_0,0.5607421,0.57575756,0.5562399,0.5936091,0.7287814,0.7158659,0.73405075,0.70944995,0.7519345,0.74688977,0.68149066,0.6577969,0.7519345,0.6677174,0.5562399,0.0728338963818853,0,"{""type"":""MultiPoint"",""coordinates"":[]}"
3540_0,0.31943202,0.28549382,0.25638354,0.38749385,0.48943985,0.39715266,0.6489135,0.51679105,0.28347674,0.29016066,0.50513345,0.5968254,0.6489135,0.4147247,0.25638354,0.12807044641608062,0,"{""type"":""MultiPoint"",""coordinates"":[]}"
3541_0,0.20572312,0.14496139,0.24614167,0.17818765,0.11873429,0.21580547,0.086744495,0.30938834,0.1455451,-0.047507606,0.20524018,0.083027676,0.30938834,0.15766598,-0.047507606,0.08838489987074666,0,"{""type"":""MultiPoint"",""coordinates"":[]}"
3542_0,0.2112891,0.20652945,0.40369087,0.2976816,0.28320637,0.19342604,0.21576764,0.25270128,0.23167732,0.1822474,0.085556574,0.01850362,0.40369087,0.21518977,0.01850362,0.09388929672255164,0,"{""type"":""MultiPoint"",""coordinates"":[]}"
3543_0,0.041885767,0.05861949,0.06930693,0.029481532,6.451613E-4,0.09717868,-0.044003177,0.06923722,-0.020210456,-9.884678E-4,0.057998724,0.034577515,0.09717868,0.032810744,-0.044003177,0.03988297034089836,0,"{""type"":""MultiPoint"",""coordinates"":[]}"
3544_0,0.655761,0.6974125,0.5451592,0.33729443,0.782149,0.74345434,0.7216223,0.77611166,0.80217785,0.7858842,0.7843888,0.7661313,0.80217785,0.69979554,0.33729443,0.1296478469996789,0,"{""type"":""MultiPoint"",""coordinates"":[]}"
3545_0,0.5514648,0.64554995,0.4866614,0.59489304,0.7557392,0.3516011,0.7080233,0.64828616,0.7024259,0.66233766,0.621875,0.5919023,0.7557392,0.6100633,0.3516011,0.10446904934825263,0,"{""type"":""MultiPoint"",""coordinates"":[]}"
3546_0,0.6910396,0.7348395,0.55414015,0.7515486,0.8102694,0.81463414,0.7944522,0.84910595,0.8424534,0.85836804,0.8186315,0.7797638,0.85836804,0.7749372,0.55414015,0.0817020453890129,0,"{""type"":""MultiPoint"",""coordinates"":[]}"
3547_0,0.51901335,0.45469365,0.4586307,0.6636446,0.7221675,0.56272763,0.6093601,0.59671575,0.79266924,0.79867095,0.78403217,0.66340506,0.79867095,0.63547754,0.45469365,0.1181443067905136,0,"{""type"":""MultiPoint"",""coordinates"":[]}"
3548_0,0.40754482,0.4290333,0.3045578,0.45646048,0.57089084,0.48037624,0.42359093,0.47741008,0.47683442,0.6408962,0.4290603,0.55791897,0.6408962,0.47121453,0.3045578,0.08379986455010073,0,"{""type"":""MultiPoint"",""coordinates"":[]}"
3549_0,0.18282828,0.21750063,0.20975843,0.24899274,0.26053467,0.23220102,0.21347292,0.22574712,0.24426313,0.3869116,0.33595404,0.29027072,0.3869116,0.25403628,0.18282828,0.05562589641981131,0,"{""type"":""MultiPoint"",""coordinates"":[]}"
3550_0,0.058459423,-0.04470891,0.064464144,-0.019525802,0.16816431,0.37284973,-0.11494253,-0.009812667,0.08077879,-0.1662531,-0.2551724,-0.3828125,0.37284973,-0.020709293,-0.3828125,0.18956852148984363,0,"{""type"":""MultiPoint"",""coordinates"":[]}"
3551_0,0.57113403,0.61833155,0.44771823,0.5928304,0.6385542,0.7141599,0.74942935,0.6834748,0.71859026,0.77255636,0.6787835,0.6712137,0.77255636,0.65473133,0.44771823,0.08534139263647327,0,"{""type"":""MultiPoint"",""coordinates"":[]}"
3552_0,0.37444147,0.43288952,0.39342162,0.5455804,0.6015414,0.5010395,0.38757062,0.48110405,0.16897233,0.15799615,0.47254968,0.36368185,0.6015414,0.40673238,0.15799615,0.12861777277384356,0,"{""type"":""MultiPoint"",""coordinates"":[]}"
3553_0,0.63877666,0.5956668,0.5191618,0.62925714,0.73194927,0.716223,0.66464996,0.72793627,0.65413535,0.79254013,0.74304324,0.73512477,0.79254013,0.6790387,0.5191618,0.07310717435008998,0,"{""type"":""MultiPoint"",""coordinates"":[]}"
3554_0,0.5935743,0.58007115,0.45007923,0.565669,0.7090909,0.5659485,0.68766594,0.71909595,0.7503833,0.78688526,0.7486911,0.6954559,0.78688526,0.6543842,0.45007923,0.0967355461605828,0,"{""type"":""MultiPoint"",""coordinates"":[]}"
3555_0,0.36670294,0.31476793,0.32609335,0.23109244,0.38584527,0.53775746,0.43043762,0.4507437,0.3887324,0.50901526,0.18781163,0.4779907,0.53775746,0.3839159,0.18781163,0.10208548196392236,0,"{""type"":""MultiPoint"",""coordinates"":[]}"
3556_0,0.60581243,0.6136423,0.50062174,0.5995385,0.6268449,0.7091614,0.72859794,0.69541067,0.79768175,0.7825209,0.6908677,0.6890244,0.79768175,0.66997707,0.50062174,0.08071886798956894,0,"{""type"":""MultiPoint"",""coordinates"":[]}"
3557_0,0.51903695,0.42482653,0.40015003,0.5225806,0.6239103,0.58068967,0.605317,0.39808756,0.5059236,0.67190224,0.58888304,0.60475403,0.67190224,0.5371718,0.39808756,0.08742326157166502,0,"{""type"":""MultiPoint"",""coordinates"":[]}"
3558_0,0.30672368,0.34271523,0.23721176,0.2705078,0.34336525,0.4102934,0.50657386,0.5681063,0.76936775,0.7366911,0.75593954,0.51367784,0.76936775,0.4800978,0.23721176,0.18497805598174566,0,"{""type"":""MultiPoint"",""coordinates"":[]}"
3559_0,0.4174855,0.46344087,0.4080873,0.4852874,0.69440997,0.38948786,0.6855346,0.56388825,0.5014663,0.6943231,0.64420015,0.3778354,0.69440997,0.52712053,0.3778354,0.1190160278032633,0,"{""type"":""MultiPoint"",""coordinates"":[]}"
3560_0,0.70642686,0.68603534,0.5717692,0.7372593,0.70806766,0.73931974,0.6744834,0.70051205,0.8334847,0.73857164,0.804412,0.7622922,0.8334847,0.72188616,0.5717692,0.06368560267526266,0,"{""type"":""MultiPoint"",""coordinates"":[]}"
3561_0,0.7262937,0.7570146,0.5840936,0.76666665,0.8687922,0.8306485,0.78244454,0.7881356,0.008988956,0.8232953,0.7744633,0.8109709,0.8687922,0.71015066,0.008988956,0.22197343298736819,0,"{""type"":""MultiPoint"",""coordinates"":[]}"
3562_0,0.45490196,0.47867525,0.41173753,0.25322264,0.6124722,0.57153773,0.38505203,0.6399732,0.36055008,0.51006895,0.4288725,0.47582152,0.6399732,0.46524045,0.25322264,0.10505703430622558,0,"{""type"":""MultiPoint"",""coordinates"":[]}"
3563_0,0.491009,0.3686242,0.31830382,0.38345864,0.4920785,0.3410628,0.34923664,0.30397728,0.47783688,0.5409494,0.62970346,0.49800372,0.62970346,0.4328537,0.30397728,0.09802449896929658,0,"{""type"":""MultiPoint"",""coordinates"":[]}"
3564_0,0.29586777,0.24758278,0.23328999,0.24518043,0.3268568,0.551335,0.4595639,0.36479592,0.35855263,0.49437457,0.31814247,0.25221872,0.551335,0.34564674,0.23328999,0.10107272427893985,0,"{""type"":""MultiPoint"",""coordinates"":[]}"
3565_0,0.6946393,0.7261273,0.5634713,0.76015687,0.82734877,0.79367644,0.78560644,0.802861,0.77072966,0.586711,0.061160307,0.7223404,0.82734877,0.6745691,0.061160307,0.20094851603733474,0,"{""type"":""MultiPoint"",""coordinates"":[]}"
3566_0,0.15992185,0.16938594,0.15261135,0.22734852,0.2677966,0.4706393,0.4066092,0.39171824,0.18730159,0.41557306,0.39786586,0.37007874,0.4706393,0.30140418,0.15261135,0.11333552891007762,0,"{""type"":""MultiPoint"",""coordinates"":[]}"
3567_0,0.69736296,0.7380719,0.5501817,0.60234743,0.57263535,0.2786673,0.6816074,0.547151,0.7031697,0.7233075,0.14650269,0.7042212,0.7380719,0.57876885,0.14650269,0.17829014671153107,0,"{""type"":""MultiPoint"",""coordinates"":[]}"
3568_0,0.6455696,0.6040738,0.40850377,0.6883056,0.8380157,0.7850602,0.7617021,0.6308682,0.2524569,0.8004796,0.77816516,0.66620386,0.8380157,0.6549504,0.2524569,0.16467912779775862,0,"{""type"":""MultiPoint"",""coordinates"":[]}"
3569_0,0.2526524,0.4557927,0.55470145,0.46964693,0.38854626,0.7398999,0.6719179,0.16803955,0.4398958,0.5693161,0.18671454,0.476264,0.7398999,0.44778228,0.16803955,0.17107118758084577,0,"{""type"":""MultiPoint"",""coordinates"":[]}"
3570_0,0.52116877,0.43838528,0.33417124,0.437788,0.5554259,0.5401447,0.46222866,0.40292275,0.49087647,0.60720414,0.73387533,0.570427,0.73387533,0.50788486,0.33417124,0.10067929299322548,0,"{""type"":""MultiPoint"",""coordinates"":[]}"
3571_0,0.74335593,0.6583382,0.31217209,0.30225852,0.5146734,0.3908844,0.3323958,0.34014943,0.3169062,0.80143297,0.7177135,0.4522204,0.80143297,0.4902084,0.30225852,0.18196970795186965,0,"{""type"":""MultiPoint"",""coordinates"":[]}"
3572_0,0.24671003,0.2679623,0.22660653,0.17064728,0.24962808,0.2915805,0.2753711,0.22618729,0.38039672,0.44684455,0.22033899,0.25159177,0.44684455,0.27115542,0.17064728,0.07151932186888536,0,"{""type"":""MultiPoint"",""coordinates"":[]}"
3573_0,0.48730823,0.45766282,0.38176033,0.47778708,0.537882,0.42461416,0.50510204,0.5022915,0.71224165,0.66374886,0.7437161,0.65899706,0.7437161,0.5460926,0.38176033,0.11351223439085563,0,"{""type"":""MultiPoint"",""coordinates"":[]}"
3574_0,0.49326146,0.47565907,0.32909563,0.48939356,0.42980188,0.5341316,0.42636326,0.29732102,0.5229358,0.63251764,0.71794873,0.5901267,0.71794873,0.4948797,0.29732102,0.11399904238048926,0,"{""type"":""MultiPoint"",""coordinates"":[]}"
3575_0,0.649512,0.59792715,0.38672101,0.62265176,0.6590757,0.4117647,0.7201526,0.5958577,0.69925135,0.8101328,0.6635203,0.74747336,0.8101328,0.6303367,0.38672101,0.1192263543127182,0,"{""type"":""MultiPoint"",""coordinates"":[]}"
3576_0,0.14727609,0.1283906,0.093627065,0.2195122,0.22197004,0.19241983,0.07383343,0.109322034,0.18580145,-0.083333336,-0.042459738,-0.041666668,0.22197004,0.10039108,-0.083333336,0.10119697047396807,0,"{""type"":""MultiPoint"",""coordinates"":[]}"
3577_0,0.5367745,0.6252747,0.46418378,0.5957494,0.63396496,0.6883482,0.6685824,0.70132625,0.11176994,0.7212059,0.6847886,0.6432577,0.7212059,0.5896022,0.11176994,0.16016979763763178,0,"{""type"":""MultiPoint"",""coordinates"":[]}"
3578_0,0.57422465,0.6140547,0.2090427,0.3042603,0.42762917,0.6126619,0.47189233,0.5625824,0.54422355,0.6325838,-0.011479101,0.42599744,0.6325838,0.44730613,-0.011479101,0.1865088213331739,0,"{""type"":""MultiPoint"",""coordinates"":[]}"
3579_0,0.6556704,0.70585734,0.5770178,0.5196281,0.6875277,0.283794,0.7143753,0.54552823,0.7297693,0.81630015,0.6629994,0.6655103,0.81630015,0.6303315,0.283794,0.13096926248432203,0,"{""type"":""MultiPoint"",""coordinates"":[]}"
3580_0,0.1959596,0.20131147,0.22230418,0.21201716,0.22151533,0.19514768,0.22151089,0.22271223,0.25429273,0.36102867,0.2355052,0.26980802,0.36102867,0.2344261,0.19514768,0.043698582896758736,0,"{""type"":""MultiPoint"",""coordinates"":[]}"
3581_0,0.42919075,0.498131,0.3368984,0.49867234,0.5866723,0.3754465,0.7388986,0.5004689,0.61765534,0.84218603,-0.01989066,0.59016985,0.84218603,0.4995416,-0.01989066,0.20838029929339003,0,"{""type"":""MultiPoint"",""coordinates"":[]}"
3582_0,0.45019156,0.4782836,0.3313268,0.27980536,0.4117647,0.57015985,0.61121494,0.4126906,0.2447473,0.24794587,0.6073559,0.38333333,0.61121494,0.4190683,0.2447473,0.12510354178765437,0,"{""type"":""MultiPoint"",""coordinates"":[]}"
3583_0,0.2014161,0.17369515,0.2035689,0.20930232,0.20538275,0.15213929,0.14198989,0.2712305,0.17516354,0.09897611,0.005202559,0.18246005,0.2712305,0.16837727,0.005202559,0.06365807182100593,0,"{""type"":""MultiPoint"",""coordinates"":[]}"
3584_0,0.18607764,0.1423596,0.18019319,0.08554352,0.16083373,0.17505996,0.16617309,0.23384354,0.22961447,0.3099897,0.25199544,0.1774227,0.3099897,0.19159222,0.08554352,0.05537313721570251,0,"{""type"":""MultiPoint"",""coordinates"":[]}"
3585_0,0.24283825,0.72864324,0.5871132,0.48099688,0.3103093,0.8173389,0.82843256,0.5736214,0.20240782,0.8756079,0.8305254,0.6453084,0.8756079,0.59359527,0.20240782,0.22935005429369268,0,"{""type"":""MultiPoint"",""coordinates"":[]}"
3586_0,0.40742442,0.39718175,0.3844294,0.48897225,0.51964283,0.6831772,0.4743906,0.49044916,0.5287107,0.81732357,0.7092602,0.43939912,0.81732357,0.5283634,0.3844294,0.13122303681185443,0,"{""type"":""MultiPoint"",""coordinates"":[]}"
3587_0,0.43624842,0.60633135,0.5198383,0.45454547,0.7071835,0.7299198,0.6386104,0.46160963,0.44675925,0.6033473,0.625,0.5245098,0.7299198,0.56282526,0.43624842,0.09860775516176452,0,"{""type"":""MultiPoint"",""coordinates"":[]}"
3588_0,0.056570932,0.21298175,0.20520966,0.0936,-0.01926824,-0.026899666,-0.02613828,0.025492094,0.07186858,0.2126367,0.17751479,0.21889251,0.21889251,0.10020507,-0.026899666,0.09625209571894446,0,"{""type"":""MultiPoint"",""coordinates"":[]}"
3589_0,0.5047163,0.39388084,0.30137807,0.5019465,0.7054118,0.6523077,0.769153,0.6425491,0.37658536,0.794654,0.7289781,0.6447761,0.794654,0.58469474,0.30137807,0.15765417045359031,0,"{""type"":""MultiPoint"",""coordinates"":[]}"
3590_0,0.37601143,0.46195018,0.44263083,0.41855204,0.34527487,0.31208053,0.38409474,0.124699086,0.24610245,0.61494094,0.71567833,0.6126198,0.71567833,0.42121962,0.124699086,0.15881957138834948,0,"{""type"":""MultiPoint"",""coordinates"":[]}"
3591_0,0.37386018,0.5029586,0.3933149,0.59554,0.65567565,0.5855112,0.6342728,0.560191,0.5931648,0.86992717,0.7966102,0.7994526,0.86992717,0.6133733,0.37386018,0.1467884315657353,0,"{""type"":""MultiPoint"",""coordinates"":[]}"
3592_0,0.5876578,0.5999263,0.4030688,0.2420339,0.6386511,0.384127,0.5769741,0.5413052,0.6526926,0.7003922,0.61002934,0.5955008,0.7003922,0.54436326,0.2420339,0.12746727203781227,0,"{""type"":""MultiPoint"",""coordinates"":[]}"
3593_0,0.5337911,0.5946869,0.37831858,0.5198952,0.5856126,0.6576105,0.6278741,0.59769285,0.57825613,0.60766345,0.6328608,0.54964817,0.6576105,0.5719925,0.37831858,0.0701267705595458,0,"{""type"":""MultiPoint"",""coordinates"":[]}"
3594_0,0.3320999,0.40416604,0.36043036,0.49537945,0.54884267,0.47705793,0.5374782,0.42628717,0.20313238,0.7545692,0.45238096,0.4868662,0.7545692,0.45655754,0.20313238,0.12889101642842907,0,"{""type"":""MultiPoint"",""coordinates"":[]}"
3595_0,0.19263946,0.25493562,0.23992133,0.3493776,0.402263,0.40500864,0.39156222,0.4143167,0.32231405,0.64705884,0.61703676,0.6058501,0.64705884,0.40352368,0.19263946,0.14403114274885614,0,"{""type"":""MultiPoint"",""coordinates"":[]}"
3596_0,0.43407193,0.5789817,0.3893004,0.44402277,0.4867743,0.53854537,0.450015,0.43173942,0.014170729,0.46494994,0.5274799,0.5358043,0.5789817,0.4413213,0.014170729,0.13927447553361935,0,"{""type"":""MultiPoint"",""coordinates"":[]}"
3597_0,0.060539752,0.019337017,0.07944814,0.026221942,0.0,0.12088783,-0.026816187,0.0013071896,-0.08740158,-0.101801425,0.0151380235,0.007021063,0.12088783,0.009490148,-0.101801425,0.06025883733133033,0,"{""type"":""MultiPoint"",""coordinates"":[]}"
3598_0,0.25453514,0.22692308,0.15350488,0.2342753,-0.00513992,0.5259976,0.3503521,0.22733612,0.6356383,0.66006005,0.6144693,0.5944609,0.66006005,0.37270108,-0.00513992,0.2140205672706899,0,"{""type"":""MultiPoint"",""coordinates"":[]}"
3599_0,0.56634593,0.5371622,0.44231737,0.39859438,0.71387494,0.6761547,0.77186847,0.73146474,0.7916574,0.77118534,0.7242574,0.77925783,0.7916574,0.6586784,0.39859438,0.13177961795860244,0,"{""type"":""MultiPoint"",""coordinates"":[]}"
3600_0,0.44338423,0.49837977,0.4009086,0.6002665,0.5257495,0.6839019,0.66628915,0.7236662,0.6985046,0.7068459,0.50286806,0.6295516,0.7236662,0.5900263,0.4009086,0.10683566556132879,0,"{""type"":""MultiPoint"",""coordinates"":[]}"
3601_0,0.27951932,0.2527802,0.24387161,0.21337266,0.22558759,0.2326771,0.2843126,0.27860308,0.33070984,0.34643734,0.03529412,0.30259672,0.34643734,0.25214684,0.03529412,0.07625272798069493,0,"{""type"":""MultiPoint"",""coordinates"":[]}"
3602_0,0.62915075,0.5691016,0.44072285,0.67528737,0.79088473,0.75928175,0.7295862,0.6985118,0.6652111,0.79655415,0.3463727,0.73743165,0.79655415,0.6531747,0.3463727,0.13332802838963953,0,"{""type"":""MultiPoint"",""coordinates"":[]}"
3603_0,0.76514214,0.76395535,0.5820975,0.7827115,0.8137778,0.8021413,0.84540594,0.8098655,0.8374616,0.84890336,0.86176753,0.80821204,0.86176753,0.79345345,0.5820975,0.0705994700603455,0,"{""type"":""MultiPoint"",""coordinates"":[]}"
3604_0,0.2972973,0.24678506,0.19746266,0.2575406,0.42032787,0.42576206,0.3866995,0.3816631,0.64820844,0.68586385,0.5284916,0.534407,0.68586385,0.41754243,0.19746266,0.15031546591907677,0,"{""type"":""MultiPoint"",""coordinates"":[]}"
3605_0,0.23373052,0.20662266,0.19584641,0.19483362,0.2884097,0.2561505,0.3492864,0.42803738,0.17267759,0.6694074,0.69726443,0.22420634,0.69726443,0.32637274,0.17267759,0.1741141936320573,0,"{""type"":""MultiPoint"",""coordinates"":[]}"
3606_0,0.36592844,0.454837,0.25504905,0.31321838,0.41578218,0.19130434,0.18499653,0.04815362,0.62278897,0.66330487,0.41623995,0.5018491,0.66330487,0.36945438,0.04815362,0.17438942495352072,0,"{""type"":""MultiPoint"",""coordinates"":[]}"
3607_0,0.45136008,0.41680288,0.33,0.5428907,0.6143406,0.6245897,0.67777777,0.59102595,0.6348656,0.77418333,0.59974587,0.68357813,0.77418333,0.57843006,0.33,0.11962244357946304,0,"{""type"":""MultiPoint"",""coordinates"":[]}"
3608_0,0.22807017,0.27288836,0.22523041,0.26220888,0.28986645,0.34945652,0.31973484,0.26111636,0.24232456,0.34052113,0.25245523,0.29716697,0.34945652,0.27842,0.22523041,0.039818571425107564,0,"{""type"":""MultiPoint"",""coordinates"":[]}"
3609_0,0.3034076,0.2846869,0.24261084,0.35853514,0.32004982,0.35993293,0.44200626,0.38644066,0.076624006,0.16370809,0.2881356,0.30038828,0.44200626,0.29387718,0.076624006,0.09432261712872327,0,"{""type"":""MultiPoint"",""coordinates"":[]}"
3610_0,0.36341757,0.31065354,0.28330424,0.41914675,0.45376712,0.4577603,0.4197881,0.43510544,0.18672986,0.026769038,0.3974468,0.51025534,0.51025534,0.35534534,0.026769038,0.13044043341542186,0,"{""type"":""MultiPoint"",""coordinates"":[]}"
3611_0,0.33650982,0.3048206,0.24946555,0.31568304,0.42629227,0.42365593,0.2554782,0.32106826,0.54798377,0.67172414,0.47674417,0.4110821,0.67172414,0.39504233,0.24946555,0.11995779963616307,0,"{""type"":""MultiPoint"",""coordinates"":[]}"
3612_0,0.19021468,0.1837901,0.18378651,0.18697757,0.15528491,0.2739024,0.1584786,0.11335862,0.28628886,0.3079434,0.23699422,0.26487523,0.3079434,0.2118246,0.11335862,0.0580802578469132,0,"{""type"":""MultiPoint"",""coordinates"":[]}"
3613_0,0.34844193,0.39154616,0.2797299,0.088108495,0.50012314,0.43056944,0.40407515,0.47139403,0.51663405,0.5326406,0.45083383,0.40634176,0.5326406,0.4017032,0.088108495,0.11702216910396852,0,"{""type"":""MultiPoint"",""coordinates"":[]}"
3614_0,0.44509187,0.44677734,0.35587096,0.5394402,0.5465627,0.38367432,0.49834985,0.44017467,0.6509132,0.6566198,0.6560163,0.5641705,0.6566198,0.51530516,0.35587096,0.10017081982561875,0,"{""type"":""MultiPoint"",""coordinates"":[]}"
3615_0,0.28145844,0.45100814,0.48030725,0.4088702,0.19587083,0.5149472,0.6375538,0.5718202,0.1840833,0.22441134,0.14517583,0.31645066,0.6375538,0.3676631,0.14517583,0.1583341869293331,0,"{""type"":""MultiPoint"",""coordinates"":[]}"
3616_0,0.26905602,0.2443884,0.2581818,0.34565464,0.43469632,0.4108527,0.33076143,0.34742403,0.30144495,0.3401944,0.42777777,0.30419055,0.43469632,0.33455193,0.2443884,0.0613367665883042,0,"{""type"":""MultiPoint"",""coordinates"":[]}"
3617_0,0.2488532,0.13992095,0.16587998,0.12493667,0.14233409,0.34584665,0.09445391,0.14970896,0.42760563,0.5918723,0.5028626,0.3970629,0.5918723,0.2776115,0.09445391,0.16194284166655026,0,"{""type"":""MultiPoint"",""coordinates"":[]}"
3618_0,0.62814564,0.60291857,0.43150938,0.39032143,0.7672744,0.7168125,0.7494767,0.5864958,0.6633199,0.7754208,0.469873,0.6550989,0.7754208,0.61972225,0.39032143,0.12496318953029212,0,"{""type"":""MultiPoint"",""coordinates"":[]}"
3619_0,0.28743637,0.26603982,0.27423823,0.34183943,0.31047896,0.28585806,0.29011586,0.33675134,0.28721374,0.3947975,0.30411544,0.36480185,0.3947975,0.3119739,0.26603982,0.03778148929933137,0,"{""type"":""MultiPoint"",""coordinates"":[]}"
3620_0,0.3060067,0.31547618,0.3247237,0.2328,0.2184264,0.08526454,0.25713778,0.30097088,0.32831088,0.2573455,0.2352777,0.31592754,0.32831088,0.26480564,0.08526454,0.06595847260351136,0,"{""type"":""MultiPoint"",""coordinates"":[]}"
3621_0,0.6773063,0.69327503,0.55202276,0.70668954,0.830773,0.37973705,0.8632409,0.7194458,0.8402821,0.9018646,0.80569756,0.8008319,0.9018646,0.73093057,0.37973705,0.14126952788575253,0,"{""type"":""MultiPoint"",""coordinates"":[]}"
3622_0,0.59103936,0.20341048,0.2421298,0.52068573,0.6680529,0.69349504,0.73888147,0.65083736,0.86885905,0.8706697,0.14035636,0.7674304,0.8706697,0.579654,0.14035636,0.2427027279201303,0,"{""type"":""MultiPoint"",""coordinates"":[]}"
3623_0,0.58437186,0.5548517,0.5349007,0.63293606,0.71693736,0.7126326,0.7003762,0.4353671,0.65231866,0.7313115,0.6776721,0.6246499,0.7313115,0.62986046,0.4353671,0.08517915875679899,0,"{""type"":""MultiPoint"",""coordinates"":[]}"
3624_0,0.50454116,0.42493904,0.3609831,0.35806632,0.609981,0.59136117,0.4574468,0.5358324,0.2205029,0.6731563,0.4275963,0.6147757,0.6731563,0.48159853,0.2205029,0.12619997356354656,0,"{""type"":""MultiPoint"",""coordinates"":[]}"
3625_0,0.5382331,0.51263285,0.46630728,0.22748847,0.49542534,0.49673954,0.53305537,0.4689864,0.02027027,0.33466935,0.4610502,0.5440313,0.5440313,0.42490745,0.02027027,0.15065666158533766,0,"{""type"":""MultiPoint"",""coordinates"":[]}"
3626_0,0.53882354,0.5243394,0.3808422,0.4856342,0.6230269,0.63405,0.6685622,0.6124537,0.6526991,0.6858522,0.644595,0.5725794,0.6858522,0.58528817,0.3808422,0.08534899817747986,0,"{""type"":""MultiPoint"",""coordinates"":[]}"
3627_0,0.34600762,0.3531834,0.2997563,0.3389144,0.3628118,0.3316062,0.3420797,0.29369918,0.50548244,0.6328626,0.5053872,0.5211953,0.6328626,0.40274885,0.29369918,0.10434644427547889,0,"{""type"":""MultiPoint"",""coordinates"":[]}"
3628_0,0.2337371,0.21386306,0.20788178,0.15802006,0.14831804,0.2583878,0.41201457,0.4913229,0.54653466,0.0068229013,0.108253695,0.046979867,0.54653466,0.23601137,0.0068229013,0.1614333094661256,0,"{""type"":""MultiPoint"",""coordinates"":[]}"
3629_0,0.37561318,0.3245709,0.33956558,0.5760668,0.6085022,0.5879228,0.58418894,0.4846561,0.673117,0.780628,0.8089418,0.62827224,0.8089418,0.56433713,0.3245709,0.15153337656971624,0,"{""type"":""MultiPoint"",""coordinates"":[]}"
3630_0,0.32652226,0.30740434,0.28737652,0.21400216,0.4185022,0.3911752,0.76056755,0.74012923,0.2732806,0.45152724,0.40859032,0.5650485,0.76056755,0.42867717,0.21400216,0.16919622276513327,0,"{""type"":""MultiPoint"",""coordinates"":[]}"
3631_0,0.57006276,0.61728793,0.5365525,0.5529412,0.6031623,0.6097835,0.5714665,0.66217935,0.47745267,0.627458,0.67925066,0.63777405,0.67925066,0.5954476,0.47745267,0.05435379172020733,0,"{""type"":""MultiPoint"",""coordinates"":[]}"
3632_0,0.16792502,0.19169028,0.20703036,0.037227333,0.18883288,0.21475054,0.19954692,0.19014461,0.3043811,0.25719193,0.26654065,0.3110368,0.3110368,0.2113582,0.037227333,0.06919591209364584,0,"{""type"":""MultiPoint"",""coordinates"":[]}"
3633_0,0.6314678,0.6589808,0.5818552,0.6808115,0.79921895,0.78387475,0.7906977,0.7052827,0.8465971,0.6991319,0.6622631,0.6764743,0.8465971,0.7097213,0.5818552,0.0753734662786974,0,"{""type"":""MultiPoint"",""coordinates"":[]}"
3634_0,0.27918503,0.22339304,0.18861553,0.22212149,0.2739274,0.80849946,0.8308046,0.31922722,0.32821077,-0.05528846,0.16088328,0.70095694,0.8308046,0.35671136,-0.05528846,0.26373908875075125,0,"{""type"":""MultiPoint"",""coordinates"":[]}"
3635_0,0.5197889,0.5856185,0.4536424,0.61259764,0.78081524,0.6808831,0.59381384,0.55925924,0.89163285,0.8816715,0.800964,0.6542656,0.89163285,0.6679127,0.4536424,0.13587014894687072,0,"{""type"":""MultiPoint"",""coordinates"":[]}"
3636_0,0.576761,0.5805125,0.49729654,0.67451763,0.7739483,0.8077591,0.82161444,0.8277268,0.517128,0.832053,0.76526165,0.7638814,0.832053,0.70320505,0.49729654,0.1219578330636013,0,"{""type"":""MultiPoint"",""coordinates"":[]}"
3637_0,0.57638484,0.5532646,0.35176116,0.29753426,0.661169,0.46491903,0.5228281,0.62044924,0.8618156,0.8471872,0.70134556,0.6991896,0.8618156,0.59648734,0.29753426,0.16678890796965012,0,"{""type"":""MultiPoint"",""coordinates"":[]}"
3638_0,0.61455524,0.68274856,0.45492107,0.6063264,0.5827555,0.58786494,0.52306354,0.5420975,0.62762547,0.7055599,0.556145,0.62760603,0.7055599,0.59260577,0.45492107,0.06570069166076332,0,"{""type"":""MultiPoint"",""coordinates"":[]}"
3639_0,0.20818181,0.24089636,0.1998152,0.13996628,0.17838638,0.14212328,0.119983785,0.28500676,0.42879346,0.51706827,0.4228258,0.26937985,0.51706827,0.26270226,0.119983785,0.12347533106383242,0,"{""type"":""MultiPoint"",""coordinates"":[]}"
3640_0,0.21992357,0.27057078,0.2027191,0.19821645,0.23897436,0.28716275,0.26496443,0.195996,0.144807,0.5163626,0.23090665,0.3535253,0.5163626,0.2603441,0.144807,0.09251144487021729,0,"{""type"":""MultiPoint"",""coordinates"":[]}"
3641_0,0.2514479,0.25226587,0.22428244,0.19407895,0.23809524,0.27530244,0.2716464,0.35092008,0.3648127,0.3031056,0.31740615,0.30830365,0.3648127,0.2793056,0.19407895,0.04904962677086747,0,"{""type"":""MultiPoint"",""coordinates"":[]}"
3642_0,0.45252475,0.42034692,0.40182894,0.38108107,0.45293415,0.42696628,0.42396,0.48907563,0.31684607,0.29621035,0.47766322,0.3493822,0.48907563,0.40740162,0.29621035,0.05859114125652884,0,"{""type"":""MultiPoint"",""coordinates"":[]}"
3643_0,0.37012988,0.36490506,0.3207547,0.45496324,0.21221696,0.20749804,0.15707047,0.18719211,0.6201814,0.7995683,0.5621849,0.31042254,0.7995683,0.38059065,0.15707047,0.188411810869653,0,"{""type"":""MultiPoint"",""coordinates"":[]}"
3644_0,0.48090643,0.5058824,0.4047989,0.6092715,0.58255637,0.521216,0.6635309,0.5556231,0.2023387,0.64377975,0.55219364,0.5570139,0.6635309,0.5232593,0.2023387,0.11806154265011676,0,"{""type"":""MultiPoint"",""coordinates"":[]}"
3645_0,0.47267842,0.47249192,0.3934849,0.24681202,0.34491712,0.28576937,0.38248473,0.44813532,0.43043277,0.17001829,0.46244758,0.4187345,0.47267842,0.37736723,0.17001829,0.0933962480524882,0,"{""type"":""MultiPoint"",""coordinates"":[]}"
3646_0,0.51761675,0.49854317,0.4471308,0.6379562,0.6993737,0.68887585,0.73014647,0.64620185,0.66754997,0.7187602,0.69743896,0.64785993,0.73014647,0.63312113,0.4471308,0.08945422781491304,0,"{""type"":""MultiPoint"",""coordinates"":[]}"
3647_0,0.41171232,0.43925235,0.2994129,0.4211107,0.49188372,0.5957184,0.575184,0.3992887,0.39107263,-0.05070994,0.35761106,0.19074222,0.5957184,0.3768566,-0.05070994,0.16634727373174615,0,"{""type"":""MultiPoint"",""coordinates"":[]}"
3648_0,0.348265,0.3567875,0.27377892,0.4050263,0.2976804,0.43209088,0.5363161,0.46995646,0.26837462,0.39375216,0.44052997,0.37636685,0.5363161,0.38324377,0.26837462,0.07728312700322973,0,"{""type"":""MultiPoint"",""coordinates"":[]}"
3649_0,0.39131865,0.21788871,0.237516,0.33900365,0.28296626,0.25100917,0.24181776,0.28629738,0.28192556,0.05357143,0.22866175,0.2537401,0.39131865,0.25547636,0.05357143,0.07706311379279711,0,"{""type"":""MultiPoint"",""coordinates"":[]}"
3650_0,0.41346315,0.34522992,0.33268702,0.40625,0.4841922,0.44515443,0.5190246,0.5238962,0.41385135,0.4275772,0.50916314,0.511649,0.5238962,0.44434485,0.33268702,0.06333268955575412,0,"{""type"":""MultiPoint"",""coordinates"":[]}"
3651_0,0.4354198,0.40015003,0.354548,0.3754351,0.49879646,0.34664246,0.25757036,0.28192866,0.15569231,-0.10344828,0.2022022,0.3359413,0.49879646,0.2950732,-0.10344828,0.15138720447749796,0,"{""type"":""MultiPoint"",""coordinates"":[]}"
3652_0,0.48853615,0.53642386,0.36082473,0.43080658,0.640599,0.58989084,0.60682184,0.6873662,0.57179487,0.5139785,0.6362606,0.36558396,0.6873662,0.5357406,0.36082473,0.10272815207181488,0,"{""type"":""MultiPoint"",""coordinates"":[]}"
3653_0,0.58630955,0.5073375,0.4458509,0.69741696,0.81755596,0.6799886,0.7563861,0.76894695,0.83593595,0.87014174,0.8581306,0.773822,0.87014174,0.71648526,0.4458509,0.1327329163239651,0,"{""type"":""MultiPoint"",""coordinates"":[]}"
3654_0,0.59485024,0.5533405,0.26296958,0.21051568,0.3482881,0.26291442,0.28657237,0.47306332,0.50208485,0.5736371,0.6892007,0.57481796,0.6892007,0.44435456,0.21051568,0.15464847491365857,0,"{""type"":""MultiPoint"",""coordinates"":[]}"
3655_0,0.59003264,0.6169081,0.42636073,0.60457635,0.6176087,0.7145645,0.6994443,0.5989937,0.7201365,0.6837527,0.60843295,0.65212333,0.7201365,0.62774456,0.42636073,0.07576289378299507,0,"{""type"":""MultiPoint"",""coordinates"":[]}"
3656_0,0.2522046,0.25780553,0.2725724,0.38085642,0.43491736,0.35812134,0.34888768,0.33485195,0.4200343,0.39298245,0.4074928,0.34029484,0.43491736,0.35008514,0.2522046,0.0596310511506055,0,"{""type"":""MultiPoint"",""coordinates"":[]}"
3657_0,0.2489796,0.37320143,0.2725073,0.30119213,0.19161905,0.15615514,0.30305678,0.29458758,0.4439834,0.5740741,0.32042834,0.507046,0.5740741,0.3322359,0.15615514,0.11827177502839077,0,"{""type"":""MultiPoint"",""coordinates"":[]}"
3658_0,0.21686135,0.14231856,0.18455791,0.16324325,0.15297385,0.29260734,0.09003951,0.2211669,0.11381619,0.159,0.2324212,0.21656601,0.29260734,0.182131,0.09003951,0.05410676252496123,0,"{""type"":""MultiPoint"",""coordinates"":[]}"
3659_0,0.57765234,0.5533682,0.32623914,0.3436255,0.67072463,0.5108718,0.5232923,0.3033493,0.31118548,0.26252505,0.22836694,0.18219197,0.67072463,0.39944938,0.18219197,0.15207170188925362,0,"{""type"":""MultiPoint"",""coordinates"":[]}"
3660_0,0.22459017,0.22357723,0.2425495,0.19805259,0.20070037,0.2381986,0.17671518,0.19840918,0.118627205,0.17936875,0.23390383,0.1559792,0.2425495,0.19922265,0.118627205,0.03548048660499342,0,"{""type"":""MultiPoint"",""coordinates"":[]}"
3661_0,0.45566377,0.34497702,0.25606892,0.23461539,0.27871656,0.27633658,0.38708156,0.30753565,0.30847457,0.5248307,0.3457249,0.4706497,0.5248307,0.34922293,0.23461539,0.08844495515676463,0,"{""type"":""MultiPoint"",""coordinates"":[]}"
3662_0,0.42292652,0.50385267,0.35179317,0.38044092,0.5168787,0.17777778,0.5652037,0.3968139,0.23969224,0.69110763,0.35655174,0.57979643,0.69110763,0.43190295,0.17777778,0.1404772782408242,0,"{""type"":""MultiPoint"",""coordinates"":[]}"
3663_0,0.6051736,0.66365534,0.46699417,0.6904973,0.7444219,0.78141594,0.6968796,0.7072049,0.8306107,0.84632516,0.72664577,0.7071804,0.84632516,0.70558375,0.46699417,0.09670235296171069,0,"{""type"":""MultiPoint"",""coordinates"":[]}"
3664_0,0.3242803,0.34679204,0.31842995,0.3352381,0.38159737,0.37476662,0.41570786,0.4412636,0.5273882,0.5347265,0.434744,0.44826618,0.5347265,0.4069334,0.31842995,0.07051951795006821,0,"{""type"":""MultiPoint"",""coordinates"":[]}"
3665_0,0.37831977,0.2986523,0.21617498,0.36178467,0.6504065,0.49812734,0.3907663,0.33753532,0.5911319,0.69920546,0.7629095,0.55923015,0.7629095,0.47868702,0.21617498,0.16611392462055438,0,"{""type"":""MultiPoint"",""coordinates"":[]}"
3666_0,0.389948,0.40461642,0.29329413,0.4003623,0.585258,0.48687106,0.4983678,0.5814217,0.56291837,0.7303858,0.49660173,0.57522124,0.7303858,0.50043887,0.29329413,0.11204228991039197,0,"{""type"":""MultiPoint"",""coordinates"":[]}"
3667_0,0.66921717,0.7329094,0.5396847,0.5193937,0.7734979,0.36273766,0.7513538,0.585213,0.75673777,0.7787514,0.75546116,0.7159283,0.7787514,0.6617405,0.36273766,0.1259948613913175,0,"{""type"":""MultiPoint"",""coordinates"":[]}"
3668_0,0.43042773,0.45967287,0.44859275,0.49717683,0.5885347,0.6099351,0.5254777,0.57306975,0.484375,0.5750763,0.47135416,0.4517417,0.6099351,0.50961953,0.43042773,0.05982563168306053,0,"{""type"":""MultiPoint"",""coordinates"":[]}"
3669_0,0.5411559,0.51308733,0.30154768,0.33468908,0.52882516,0.7409485,0.7598784,0.6382457,0.37870854,0.75153273,0.88298446,0.8159955,0.88298446,0.5989666,0.30154768,0.18732543326837747,0,"{""type"":""MultiPoint"",""coordinates"":[]}"
3670_0,0.6774026,0.6501695,0.42348754,0.70792216,0.856528,0.8646538,0.7153884,0.84769636,0.85026306,0.8616417,0.80578405,0.7987152,0.8646538,0.754971,0.42348754,0.12468584898490177,0,"{""type"":""MultiPoint"",""coordinates"":[]}"
3671_0,0.3923679,0.37214944,0.2559301,0.3439532,0.7101287,0.75062233,0.7127902,0.27100176,0.6814562,0.76277375,0.5754739,0.5251522,0.76277375,0.5294833,0.2559301,0.18583388134005632,0,"{""type"":""MultiPoint"",""coordinates"":[]}"
3672_0,0.19146825,0.19610292,0.21689557,0.26875383,0.16831683,0.23556231,0.2072456,0.17969139,0.35165346,0.41546488,0.23120567,0.32176974,0.41546488,0.24867754,0.16831683,0.07338567099889157,0,"{""type"":""MultiPoint"",""coordinates"":[]}"
3673_0,0.5151713,0.4224618,0.32427424,0.5429949,0.67077065,0.5130226,0.5001393,0.52218974,0.63950145,0.71243525,0.5918499,0.61710274,0.71243525,0.5476595,0.32427424,0.10339115157104693,0,"{""type"":""MultiPoint"",""coordinates"":[]}"
3674_0,0.1627907,0.1823966,0.17706576,0.36295018,0.57840616,0.6199531,0.70421076,0.8085361,0.7903902,0.40113577,0.72354776,0.6581078,0.8085361,0.5141242,0.1627907,0.23483369521840988,0,"{""type"":""MultiPoint"",""coordinates"":[]}"
3675_0,0.4826344,0.6226415,0.4640022,0.5736395,0.60197455,0.47355473,0.44768855,0.31199235,0.37347853,0.3113069,0.5226306,0.81062573,0.81062573,0.4996808,0.3113069,0.13535591415887424,0,"{""type"":""MultiPoint"",""coordinates"":[]}"
3676_0,0.39552855,0.35031846,0.2857741,0.35390708,0.35863748,0.4109397,0.40136054,0.43390515,0.5234604,0.52270436,0.5441437,0.5503463,0.5503463,0.42758548,0.2857741,0.0842570654420633,0,"{""type"":""MultiPoint"",""coordinates"":[]}"
3677_0,0.61815137,0.5954738,0.462958,0.54675573,0.66153103,0.66555357,0.6114796,0.7151454,0.74223495,0.76115555,0.7304326,0.6940939,0.76115555,0.6504138,0.462958,0.08416680222190895,0,"{""type"":""MultiPoint"",""coordinates"":[]}"
3678_0,0.43493977,0.42930445,0.38314405,0.46958175,0.5350815,0.5748479,0.4962963,0.5044805,0.6589435,0.7406004,0.6157895,0.49388835,0.7406004,0.5280748,0.38314405,0.09908572682863168,0,"{""type"":""MultiPoint"",""coordinates"":[]}"
3679_0,0.49771225,0.5601392,0.44829243,0.53359157,0.51057404,0.67876977,0.60181934,0.640914,0.43032712,0.4619831,0.6485137,0.4453202,0.67876977,0.53816307,0.43032712,0.08346014576341013,0,"{""type"":""MultiPoint"",""coordinates"":[]}"
3680_0,0.6071558,0.62175286,0.3187308,0.49894023,0.76971346,0.3343385,0.71466905,0.5274262,0.7197961,0.81348765,0.7512243,0.77150756,0.81348765,0.62072855,0.3187308,0.161941379185926,0,"{""type"":""MultiPoint"",""coordinates"":[]}"
3681_0,0.7013233,0.69256455,0.5492668,0.60809416,0.66288954,0.6101695,0.65667063,0.6436751,0.7448607,0.807309,0.7894299,0.75924546,0.807309,0.6854582,0.5492668,0.07539823393173622,0,"{""type"":""MultiPoint"",""coordinates"":[]}"
3682_0,0.18477911,0.21130645,0.2571083,0.38909876,0.49975574,0.45214522,0.38666254,0.46747354,0.51791245,0.6344863,0.5576159,0.19624162,0.6344863,0.3962155,0.18477911,0.14575625229271721,0,"{""type"":""MultiPoint"",""coordinates"":[]}"
3683_0,0.25533077,0.22591944,0.21176139,0.27091327,0.28628072,0.34067208,0.28412482,0.25748503,0.32295007,0.25625348,0.3945699,0.3219649,0.3945699,0.28568548,0.21176139,0.049518400744788374,0,"{""type"":""MultiPoint"",""coordinates"":[]}"
3684_0,0.48951468,0.5252644,0.42910546,0.4737475,0.6663507,0.6964622,0.7159603,0.5022513,0.57970273,0.7741456,0.60546446,0.64653987,0.7741456,0.59204245,0.42910546,0.10480960731402653,0,"{""type"":""MultiPoint"",""coordinates"":[]}"
3685_0,0.57727337,0.6732898,0.4791996,0.34645116,0.6336239,0.2792208,0.48935598,0.43996015,0.5938285,0.7025372,0.6185211,0.6820056,0.7025372,0.5429389,0.2792208,0.13076718758911607,0,"{""type"":""MultiPoint"",""coordinates"":[]}"
3686_0,0.56395525,0.6269676,0.44012052,0.5812325,0.6513944,0.6267248,0.5686178,0.58418816,0.5705951,0.75956583,0.5920988,0.6680341,0.75956583,0.60279125,0.44012052,0.0727175315630854,0,"{""type"":""MultiPoint"",""coordinates"":[]}"
3687_0,0.5473441,0.52681386,0.38860425,0.54010695,0.63457525,0.6315962,0.624924,0.53285545,0.5537565,0.5736295,0.58645064,0.55725724,0.63457525,0.5581595,0.38860425,0.0629579367151502,0,"{""type"":""MultiPoint"",""coordinates"":[]}"
3688_0,0.5954198,0.5565553,0.3882215,0.6125456,0.6183908,0.75167286,0.70583886,0.6546029,0.12605043,0.8035872,0.6973374,0.6880985,0.8035872,0.5998601,0.12605043,0.17506041423811988,0,"{""type"":""MultiPoint"",""coordinates"":[]}"
3689_0,0.16253002,0.1734694,0.15006201,0.25188103,0.30211818,0.20599647,0.36505866,0.15755102,0.5136026,0.38161275,0.7815315,0.6687931,0.7815315,0.34285057,0.15006201,0.2023206880026091,0,"{""type"":""MultiPoint"",""coordinates"":[]}"
3690_0,0.20858073,0.17752235,0.17030841,0.19283456,0.21954778,0.116211295,0.18758434,0.2749948,0.097099625,0.08404448,0.37496787,0.2556539,0.37496787,0.1966125,0.08404448,0.07762109947746716,0,"{""type"":""MultiPoint"",""coordinates"":[]}"
3691_0,0.565334,0.56366825,0.46528247,0.6308694,0.6859741,0.59427756,0.3215578,0.44951457,0.5088997,0.62429297,0.50661856,0.57474893,0.6859741,0.54091984,0.3215578,0.09380176815943471,0,"{""type"":""MultiPoint"",""coordinates"":[]}"
3692_0,0.28408304,0.2836114,0.22812755,0.28967813,0.09233279,0.26252905,0.035992295,0.17478293,0.16873355,0.11272069,-0.077261075,0.16719243,0.28967813,0.16854356,-0.077261075,0.10824428733397397,0,"{""type"":""MultiPoint"",""coordinates"":[]}"
3693_0,0.6467023,0.68186605,0.534852,0.59337014,0.7626046,0.7174558,0.7735946,0.76992214,0.7680176,0.81879765,0.76866454,0.61761236,0.81879765,0.70445496,0.534852,0.08482640562537722,0,"{""type"":""MultiPoint"",""coordinates"":[]}"
3694_0,0.67939866,0.6560196,0.26541635,0.42589602,0.43226132,0.21522948,0.7406658,0.47035915,0.5946463,0.73790514,0.43288085,0.509061,0.7406658,0.5133116,0.21522948,0.165717057583859,0,"{""type"":""MultiPoint"",""coordinates"":[]}"
3695_0,0.36324927,0.32947233,0.32806325,0.33626783,0.3662009,0.39041793,0.32409972,0.3638321,0.3987261,0.46065056,0.45044768,0.44217208,0.46065056,0.37946665,0.32409972,0.047265881768383464,0,"{""type"":""MultiPoint"",""coordinates"":[]}"
3696_0,0.5443133,0.5360478,0.49833718,0.34575194,0.51232874,0.59690225,0.52194214,0.46066415,0.5170435,0.58717066,0.6663725,0.55344015,0.6663725,0.52835953,0.34575194,0.07494601282617777,0,"{""type"":""MultiPoint"",""coordinates"":[]}"
3697_0,0.46776265,0.5461635,0.46893921,0.28370848,0.51812756,0.5908046,0.54223436,0.6572565,0.55518943,0.62469435,0.5428855,0.5076651,0.6572565,0.5254526,0.28370848,0.09070234445137104,0,"{""type"":""MultiPoint"",""coordinates"":[]}"
3698_0,0.6564751,0.66921276,0.36839145,0.3681073,0.59409595,0.6767497,0.70872706,0.47418118,0.3383948,0.7266307,0.49526516,0.40923566,0.7266307,0.5404556,0.3383948,0.14090791050670962,0,"{""type"":""MultiPoint"",""coordinates"":[]}"
3699_0,0.525572,0.45218801,0.3539382,0.61594397,0.6826698,0.61186415,0.61904764,0.59034795,0.8079719,0.7774952,0.7545776,0.7186505,0.8079719,0.62585557,0.3539382,0.12920477657154142,0,"{""type"":""MultiPoint"",""coordinates"":[]}"
3700_0,0.08816521,0.07586934,0.08330074,0.08413726,0.007233724,0.06810811,0.073421836,0.0399137,0.018789144,0.0033557047,0.09785506,0.08335721,0.09785506,0.06029225,0.0033557047,0.032260299974618864,0,"{""type"":""MultiPoint"",""coordinates"":[]}"
3701_0,0.23144932,0.20907618,0.14654088,0.14332141,0.086021505,0.20370984,0.26333907,0.46260846,0.43018302,0.0942029,0.040667363,0.24675886,0.46260846,0.21315657,0.040667363,0.12342172529544009,0,"{""type"":""MultiPoint"",""coordinates"":[]}"
3702_0,0.5774895,0.60944676,0.44112363,0.59594756,0.7124758,0.63735634,0.5903902,0.5960552,0.748954,0.7989926,0.6953922,0.73354036,0.7989926,0.64476365,0.44112363,0.0933991840039151,0,"{""type"":""MultiPoint"",""coordinates"":[]}"
3703_0,0.5546571,0.5225889,0.44135022,0.6003986,0.69944805,0.6007183,0.50525874,0.524215,0.636636,0.7757332,0.74039376,0.6801226,0.7757332,0.6067934,0.44135022,0.09816171335699586,0,"{""type"":""MultiPoint"",""coordinates"":[]}"
3704_0,0.32484847,0.37958682,0.30629042,0.25906587,0.36980057,0.3965348,0.4158431,0.39307898,0.26724577,0.4180645,0.32897863,0.33183134,0.4180645,0.34926412,0.25906587,0.05218774129789637,0,"{""type"":""MultiPoint"",""coordinates"":[]}"
3705_0,0.30914757,0.31672955,0.31435406,0.34784395,0.35762376,0.36359406,0.471843,0.24264705,0.20115356,0.51585793,0.34129056,0.48353168,0.51585793,0.35546806,0.20115356,0.09031256270977543,0,"{""type"":""MultiPoint"",""coordinates"":[]}"
3706_0,0.28144544,0.2963964,0.46559373,0.7358163,0.30597466,0.29376134,0.25678074,0.36989796,-0.097087376,-0.41641337,-0.0982906,0.19165999,0.7358163,0.21546127,-0.41641337,0.2857855433180229,0,"{""type"":""MultiPoint"",""coordinates"":[]}"
3707_0,0.44706336,0.5041482,0.36645588,0.45892018,0.48541728,0.13499258,0.6592381,0.69747084,0.4882612,0.70166665,0.4710464,0.5666915,0.70166665,0.4984477,0.13499258,0.14894071618347118,0,"{""type"":""MultiPoint"",""coordinates"":[]}"
3708_0,0.5944921,0.54038006,0.53687274,0.58006793,0.68082666,0.68156135,0.66704625,0.6962311,0.718108,0.75934875,0.77150613,0.7449168,0.77150613,0.6642798,0.53687274,0.0791001714317759,0,"{""type"":""MultiPoint"",""coordinates"":[]}"
3709_0,0.77539563,0.8190566,0.47890642,0.44860256,0.76502734,0.2192764,0.81706685,0.2878519,-0.15650742,-0.11557789,0.08866155,-0.13384672,0.8190566,0.35782608,-0.15650742,0.36670241735117093,0,"{""type"":""MultiPoint"",""coordinates"":[]}"
3710_0,0.30173913,0.36317688,0.31284153,0.49612403,0.23050848,0.6082266,0.7382947,0.6307094,0.3688029,0.6514722,0.33892488,0.59497344,0.7382947,0.46964952,0.23050848,0.16210775056962978,0,"{""type"":""MultiPoint"",""coordinates"":[]}"
3711_0,0.5302795,0.41919506,0.37783894,0.55172414,0.5978867,0.59364873,0.6086047,0.5851623,0.76123106,0.7396917,0.6366639,0.6584603,0.76123106,0.5883656,0.37783894,0.1073247509945671,0,"{""type"":""MultiPoint"",""coordinates"":[]}"
3712_0,0.30923694,0.43013272,0.42640725,0.30757752,0.33560014,0.51545423,0.5694051,0.37536,0.31588012,-0.07381935,-0.30683228,-0.12196887,0.5694051,0.25686947,-0.30683228,0.2618803051963973,0,"{""type"":""MultiPoint"",""coordinates"":[]}"
3713_0,0.4758454,0.45880902,0.3595716,0.47191256,0.49387756,0.48452014,0.6240427,0.46384168,0.6681406,0.34236676,0.52528346,0.6251664,0.6681406,0.49944815,0.34236676,0.0953860711517709,0,"{""type"":""MultiPoint"",""coordinates"":[]}"
3714_0,0.6545616,0.6973891,0.51510066,0.7050691,0.8016425,0.35818565,0.8700897,0.7430311,0.6652853,0.7524155,0.6208733,0.6530704,0.8700897,0.66972613,0.35818565,0.12768880937191215,0,"{""type"":""MultiPoint"",""coordinates"":[]}"
3715_0,0.50106496,0.49709457,0.39212394,0.51572686,0.5356037,0.6840411,0.6928777,0.43195266,0.71276855,0.7743786,0.5399061,0.563364,0.7743786,0.5700752,0.39212394,0.1140541693475301,0,"{""type"":""MultiPoint"",""coordinates"":[]}"
3716_0,0.4040173,0.46823168,0.36677918,0.3864359,0.65988374,0.58141446,0.6120448,0.49588478,0.8576608,0.846234,0.53325623,0.71339566,0.8576608,0.5771032,0.36677918,0.1603986275875296,0,"{""type"":""MultiPoint"",""coordinates"":[]}"
3717_0,0.54624784,0.5918114,0.48629022,0.18824224,0.6621418,0.7061285,0.6616967,0.7148427,0.7144479,0.7098214,0.70412964,0.5377468,0.7148427,0.60196227,0.18824224,0.14645312006155664,0,"{""type"":""MultiPoint"",""coordinates"":[]}"
3718_0,0.4093036,0.36624297,0.32222223,0.41472557,0.58247906,0.60799,0.63265306,0.6418617,0.66865987,0.70293796,0.47708896,0.59825057,0.70293796,0.53536797,0.32222223,0.12449129769543338,0,"{""type"":""MultiPoint"",""coordinates"":[]}"
3719_0,0.13679458,0.12029385,-0.013342228,-0.15857606,-0.17983446,0.044843048,0.0083279945,0.142985,0.28820193,0.26032317,0.29061785,-0.11875,0.29061785,0.068490386,-0.17983446,0.1598099747961401,0,"{""type"":""MultiPoint"",""coordinates"":[]}"
3720_0,0.47137523,0.45567265,0.3833193,0.43856144,0.5934541,0.20763877,0.2523182,0.52498895,0.31053445,0.64944965,0.09752683,0.14857516,0.64944965,0.37778455,0.09752683,0.16853039819768365,0,"{""type"":""MultiPoint"",""coordinates"":[]}"
3721_0,0.7006831,0.61101836,0.5626822,0.60275775,0.7302586,0.760472,0.7828283,0.7581493,0.59292036,0.8139791,0.82319546,0.6672326,0.82319546,0.70051473,0.5626822,0.0874402917972388,0,"{""type"":""MultiPoint"",""coordinates"":[]}"
3722_0,0.63100773,0.65305436,0.5141022,0.7194435,0.8001484,0.78634465,0.76224786,0.84826237,0.8166834,0.8506245,0.811994,0.7502959,0.8506245,0.7453507,0.5141022,0.09658170579360706,0,"{""type"":""MultiPoint"",""coordinates"":[]}"
3723_0,0.641487,0.5434656,0.355544,0.5827338,0.72900337,0.6991431,0.72890323,0.74497944,0.7546951,0.6469853,0.6414763,0.6385744,0.7546951,0.6422492,0.355544,0.10685152449470932,0,"{""type"":""MultiPoint"",""coordinates"":[]}"
3724_0,0.3085847,0.31409168,0.30866924,0.30954313,0.2156673,0.28955388,0.26815102,0.1788369,0.12606896,0.32208863,0.20909666,0.295302,0.32208863,0.26213783,0.12606896,0.06135780624636809,0,"{""type"":""MultiPoint"",""coordinates"":[]}"
3725_0,0.56746763,0.6819935,0.4764691,0.63371825,0.6336977,0.687616,0.6756053,0.63593626,0.7557411,0.8413702,0.82092994,0.7716738,0.8413702,0.68185157,0.4764691,0.10016587562550132,0,"{""type"":""MultiPoint"",""coordinates"":[]}"
3726_0,0.10168303,0.09464729,0.11257092,0.12263885,0.12871288,0.36081982,0.1323053,0.31506005,0.40288284,0.41069958,0.27526596,0.2665317,0.41069958,0.22698486,0.09464729,0.11904805732933038,0,"{""type"":""MultiPoint"",""coordinates"":[]}"
3727_0,0.37132785,0.41855073,0.375,0.48311847,0.40368852,0.502903,0.50152284,0.48944527,0.4471377,0.50645816,0.33847067,0.46360856,0.50645816,0.4417693,0.33847067,0.05631827874798631,0,"{""type"":""MultiPoint"",""coordinates"":[]}"
3728_0,0.35472828,0.42227662,0.38710144,0.41045532,0.43150684,0.42175573,0.39199156,0.47865576,0.3016317,0.30965483,0.29772606,0.12710154,0.47865576,0.36121547,0.12710154,0.08909711144512025,0,"{""type"":""MultiPoint"",""coordinates"":[]}"
3729_0,0.6962805,0.707056,0.58101314,0.51178527,0.5298382,0.5998503,0.6066357,0.59166867,-0.012037037,0.70419425,0.6216216,0.6707624,0.707056,0.5673891,-0.012037037,0.18530792343207486,0,"{""type"":""MultiPoint"",""coordinates"":[]}"
3730_0,0.6309062,0.6679909,0.55829185,0.7395163,0.8113549,0.8082902,0.7919075,0.7642551,0.259448,0.78289086,0.77845037,0.73393315,0.8113549,0.6939363,0.259448,0.150544932711907,0,"{""type"":""MultiPoint"",""coordinates"":[]}"
3731_0,0.48142186,0.44632152,0.39341995,0.4506696,0.5864772,0.54983205,0.6319164,0.59977734,0.1269511,0.49597856,0.52032304,0.39809865,0.6319164,0.47343227,0.1269511,0.12775195978517176,0,"{""type"":""MultiPoint"",""coordinates"":[]}"
3732_0,0.6247047,0.49836746,0.3081854,0.6093447,0.7653691,0.858094,0.8554528,0.50879765,0.7543608,0.56525517,0.67697597,0.70140475,0.858094,0.6438594,0.3081854,0.15326310821775033,0,"{""type"":""MultiPoint"",""coordinates"":[]}"
3733_0,0.38928962,0.25269786,0.11855204,0.1011994,0.15099168,0.2575701,0.28140295,0.18774861,0.23793949,0.6160843,0.6913043,0.7337461,0.7337461,0.3348772,0.1011994,0.21409182218397044,0,"{""type"":""MultiPoint"",""coordinates"":[]}"
3734_0,0.64840335,0.70154893,0.49825564,0.6939293,0.7724454,0.5797571,0.81236875,0.81367064,0.7329247,0.78846157,0.6911765,0.72826713,0.81367064,0.7051007,0.49825564,0.09042992269440081,0,"{""type"":""MultiPoint"",""coordinates"":[]}"
3735_0,0.4878049,0.5288002,0.38412052,0.640625,0.6376405,0.7010083,0.7611619,0.67142856,0.27478755,0.66966474,0.6987264,0.6061839,0.7611619,0.588496,0.27478755,0.137664918742588,0,"{""type"":""MultiPoint"",""coordinates"":[]}"
3736_0,0.5266175,0.15533115,0.1567759,0.15204304,0.6192081,0.831184,0.8254125,0.25443786,0.25104603,0.74531835,0.6309071,0.22753346,0.831184,0.44798458,0.15204304,0.2629220509512849,0,"{""type"":""MultiPoint"",""coordinates"":[]}"
3737_0,0.58954746,0.62601626,0.46266934,0.6209096,0.6967173,0.7454243,0.6931843,0.7281993,0.7374768,0.7778999,0.08380755,0.661281,0.7778999,0.6185944,0.08380755,0.1808113867118372,0,"{""type"":""MultiPoint"",""coordinates"":[]}"
3738_0,0.37899545,0.44309738,0.23638761,0.090660416,0.73974717,0.59773374,0.8148441,0.10384747,0.36078158,0.91324466,0.80010355,0.6120953,0.91324466,0.5076282,0.090660416,0.2692747571788455,0,"{""type"":""MultiPoint"",""coordinates"":[]}"
3739_0,0.4844069,0.4067164,0.35900405,0.6367471,0.61355615,0.56293434,0.52540016,0.515435,0.60775965,0.5392157,0.56624776,0.6142812,0.6367471,0.53597534,0.35900405,0.0818188956927617,0,"{""type"":""MultiPoint"",""coordinates"":[]}"
3740_0,0.3885123,0.67860115,0.42294714,0.3179396,0.40781185,0.63076925,0.6933535,0.26843658,0.48435545,0.2769784,0.5503695,0.45036572,0.6933535,0.46420336,0.26843658,0.14131073510013914,0,"{""type"":""MultiPoint"",""coordinates"":[]}"
3741_0,0.28500825,0.28591996,0.24735965,0.32740214,0.50084317,0.42663187,0.27208835,0.453125,0.47293064,0.42448786,0.42264754,0.44113556,0.50084317,0.379965,0.24735965,0.08572043020451446,0,"{""type"":""MultiPoint"",""coordinates"":[]}"
3742_0,0.5343915,0.5705263,0.4880616,0.6318627,0.67575693,0.58935666,0.5260497,0.43713486,0.25904146,0.65704995,0.7027359,0.5536028,0.7027359,0.5521309,0.25904146,0.11593174721717216,0,"{""type"":""MultiPoint"",""coordinates"":[]}"
3743_0,0.5901572,0.52705705,0.45393446,0.59591043,0.7070254,0.59211767,0.5740508,0.5965788,0.5733656,0.61227053,0.61128706,0.6018158,0.7070254,0.5862976,0.45393446,0.05605698274091058,0,"{""type"":""MultiPoint"",""coordinates"":[]}"
3744_0,0.58315426,0.5405829,0.40028208,0.5403363,0.58314633,0.57641053,0.6579768,0.594868,0.47559276,0.57440734,0.65433526,0.6310467,0.6579768,0.5676783,0.40028208,0.0701197600496061,0,"{""type"":""MultiPoint"",""coordinates"":[]}"
3745_0,0.15145536,0.14790076,0.1926818,0.18093762,0.15015015,0.12237895,0.21345308,0.0910849,0.09390777,0.13128729,0.13544668,0.13123043,0.21345308,0.14515957,0.0910849,0.03514857311086565,0,"{""type"":""MultiPoint"",""coordinates"":[]}"
3746_0,0.042744655,0.038649973,0.07369553,0.099565536,-0.047779113,0.09819967,-0.015842067,0.04347826,0.03006873,-0.06049822,0.051825676,0.057387058,0.099565536,0.03429131,-0.06049822,0.049299438321844,0,"{""type"":""MultiPoint"",""coordinates"":[]}"
3747_0,0.13007759,0.14602347,0.12726228,0.107520565,0.24118207,0.17892298,0.19397993,0.0970297,0.20595296,-0.04989154,0.017432647,-0.014814815,0.24118207,0.115056485,-0.04989154,0.08650521048977744,0,"{""type"":""MultiPoint"",""coordinates"":[]}"
3748_0,0.4373673,0.44102564,0.39922252,0.5377834,0.44637004,0.43108058,0.53852594,0.47807395,0.7118142,0.56214833,0.5167123,0.41921154,0.7118142,0.493278,0.39922252,0.08345014457431178,0,"{""type"":""MultiPoint"",""coordinates"":[]}"
3749_0,0.3314071,0.40519592,0.3895411,0.37324402,0.4384449,0.49339297,0.48172325,0.4528703,0.077021144,0.7325373,0.4839389,0.6554539,0.7325373,0.44289756,0.077021144,0.15554953659020296,0,"{""type"":""MultiPoint"",""coordinates"":[]}"
3750_0,0.19067216,0.1590106,0.18642776,0.24122773,0.28060997,0.6082474,0.4338139,0.33140257,0.60489297,0.7681688,0.61377484,0.4783527,0.7681688,0.40805012,0.1590106,0.19680283974267151,0,"{""type"":""MultiPoint"",""coordinates"":[]}"
3751_0,0.5815514,0.83816797,0.48091602,0.14697587,0.8070974,0.44176626,0.77414966,0.23536585,0.24920954,-0.5,-0.30573013,0.16763504,0.83816797,0.3264254,-0.5,0.4031039254994786,0,"{""type"":""MultiPoint"",""coordinates"":[]}"
3752_0,0.56351614,0.6002158,0.38020247,0.52737755,0.61979824,0.6401743,0.62685513,0.6145937,0.6586195,0.80824375,0.34474123,0.49410775,0.80824375,0.5732038,0.34474123,0.11986509069665388,0,"{""type"":""MultiPoint"",""coordinates"":[]}"
3753_0,0.5531831,0.53332436,0.46560347,0.55089,0.77740866,0.7277665,0.75053126,0.739797,0.0075251185,0.71030766,0.7254988,0.6970353,0.77740866,0.60323924,0.0075251185,0.20521265314555068,0,"{""type"":""MultiPoint"",""coordinates"":[]}"
3754_0,0.48818228,0.47962382,0.3490683,0.5100291,0.58587295,0.6514648,0.5712144,0.5109043,0.048652694,0.7329491,0.605948,0.5634817,0.7329491,0.50811595,0.048652694,0.16617914209766396,0,"{""type"":""MultiPoint"",""coordinates"":[]}"
3755_0,0.26153848,0.2423945,0.24624765,0.35317072,0.4984666,0.36519116,0.42830968,0.289456,0.44944775,0.54982775,0.51777995,0.31601733,0.54982775,0.37648728,0.2423945,0.10526042228904152,0,"{""type"":""MultiPoint"",""coordinates"":[]}"
3756_0,0.41759112,0.3681891,0.26190478,0.35436383,0.54159135,0.7127306,0.703512,0.34381297,0.36204743,0.6518771,0.63071615,0.46138614,0.7127306,0.48414356,0.26190478,0.15069793651837832,0,"{""type"":""MultiPoint"",""coordinates"":[]}"
3757_0,0.24705882,0.21006565,0.19940226,0.21666667,0.24202128,0.20616625,0.20019987,0.26235592,0.20938952,0.3359762,0.22208121,0.2294964,0.3359762,0.23174001,0.19940226,0.036665461666194,0,"{""type"":""MultiPoint"",""coordinates"":[]}"
3758_0,0.54403245,0.5833588,0.4303159,0.54608905,0.7237517,0.29601893,0.48666668,0.537797,0.67247957,0.63096625,0.6838798,0.664767,0.7237517,0.5666769,0.29601893,0.11678280632049907,0,"{""type"":""MultiPoint"",""coordinates"":[]}"
3759_0,0.6707839,0.6401536,0.46412715,0.21478382,0.6149169,0.33062154,0.45551202,0.4711934,0.8042553,0.8637431,0.7728437,0.8083605,0.8637431,0.5926079,0.21478382,0.19740922105224848,0,"{""type"":""MultiPoint"",""coordinates"":[]}"
3760_0,0.32816038,0.43468568,0.46481177,0.5992844,0.56997526,0.5976999,0.586324,0.5578533,0.59459805,0.73397654,0.25114155,0.622575,0.73397654,0.5284238,0.25114155,0.12944917666908232,0,"{""type"":""MultiPoint"",""coordinates"":[]}"
3761_0,0.2657725,0.26385465,0.22574401,0.33228797,0.36622906,0.33593547,0.2982117,0.37190083,0.35279566,0.34070563,0.22677438,0.2791935,0.37190083,0.30495045,0.22574401,0.0498582956183938,0,"{""type"":""MultiPoint"",""coordinates"":[]}"
3762_0,0.5085324,0.41762045,0.43978453,0.54692894,0.49533468,0.53117603,0.49372214,0.46938777,0.76400596,0.82090414,0.7250915,0.68906456,0.82090414,0.57512945,0.41762045,0.13102629334943905,0,"{""type"":""MultiPoint"",""coordinates"":[]}"
3763_0,0.37105548,0.52282083,0.3874188,0.2450311,0.20209762,0.5755823,0.58205914,0.2857143,0.21248142,0.021276595,0.034300793,0.21631831,0.58205914,0.30467972,0.021276595,0.18104688462254248,0,"{""type"":""MultiPoint"",""coordinates"":[]}"
3764_0,0.3765792,0.35547087,0.3115106,0.42002493,0.46710527,0.36730278,0.43799472,0.373651,0.42601788,0.62401265,0.6099165,0.4379085,0.62401265,0.4339579,0.3115106,0.0917404675564942,0,"{""type"":""MultiPoint"",""coordinates"":[]}"
3765_0,0.3159316,0.2901581,0.22636555,0.28550223,0.5062192,0.5272896,0.48789933,0.41294056,0.44585165,0.58997214,0.5184726,0.38202247,0.58997214,0.41571876,0.22636555,0.11081370157329452,0,"{""type"":""MultiPoint"",""coordinates"":[]}"
3766_0,0.23204179,0.21715611,0.15304443,0.08377757,0.19287834,0.45608467,0.6800425,0.743398,0.2494929,0.4980494,0.69317925,0.6802536,0.743398,0.40661654,0.08377757,0.23474335010910183,0,"{""type"":""MultiPoint"",""coordinates"":[]}"
3767_0,0.14402305,0.12796208,0.17519537,0.07670677,0.22993197,0.0862069,0.18845333,0.25667498,0.04892206,0.04010104,0.50726587,0.10179117,0.50726587,0.16526955,0.04010104,0.1222376809677253,0,"{""type"":""MultiPoint"",""coordinates"":[]}"
3768_0,0.53764933,0.45286852,0.40218818,0.5762447,0.6828063,0.59749323,0.53149116,0.6242789,0.8762848,0.55492425,0.45857334,0.4660018,0.8762848,0.5634004,0.40218818,0.1216631107507851,0,"{""type"":""MultiPoint"",""coordinates"":[]}"
3769_0,0.44677088,0.41808692,0.33950433,0.55008036,0.64400923,0.58022296,0.5931905,0.28683522,0.74416894,0.69473684,0.57056403,0.75388026,0.75388026,0.5518375,0.28683522,0.14544124781092507,0,"{""type"":""MultiPoint"",""coordinates"":[]}"
3770_0,0.3529146,0.4048565,0.36571795,0.34358543,0.3529828,0.2968491,0.39264214,0.49512842,0.7005376,0.797699,0.39461297,0.5404814,0.797699,0.45316732,0.2968491,0.14800984291044197,0,"{""type"":""MultiPoint"",""coordinates"":[]}"
3771_0,0.4647418,0.43578947,0.4219875,0.59037983,0.5922819,0.35254988,0.45010394,0.5195575,0.81876576,0.7944225,0.60284317,0.7881588,0.81876576,0.5692985,0.35254988,0.15194056090351024,0,"{""type"":""MultiPoint"",""coordinates"":[]}"
3772_0,0.41847825,0.42753014,0.35091886,0.5360111,0.641805,0.6166547,0.51754844,0.55635756,0.52085817,0.481245,0.4692909,0.4583921,0.641805,0.49959084,0.35091886,0.07962402858292932,0,"{""type"":""MultiPoint"",""coordinates"":[]}"
3773_0,0.25854316,0.24187726,0.17618735,0.2118577,0.24898328,0.30897608,0.40153915,0.2579365,0.3010949,0.437868,0.38568935,0.43073812,0.437868,0.30510756,0.17618735,0.08470007247066412,0,"{""type"":""MultiPoint"",""coordinates"":[]}"
3774_0,0.49261084,0.34551495,0.11987626,0.074588194,0.055049848,0.14563107,0.004430125,-0.19284295,-0.17278747,0.051767677,0.2570156,-0.031637967,0.49261084,0.09576801,-0.19284295,0.18994777446132705,0,"{""type"":""MultiPoint"",""coordinates"":[]}"
3775_0,0.6160247,0.6595601,0.47331378,0.69734716,0.72104734,0.67713004,0.68453026,0.6969436,0.75660014,0.74348384,0.75612473,0.71809745,0.75660014,0.68335027,0.47331378,0.07446529470463281,0,"{""type"":""MultiPoint"",""coordinates"":[]}"
3776_0,0.099389225,-0.034146342,0.10699398,0.17044167,0.36989498,0.36119062,0.48005697,0.5490716,0.34634146,0.5391499,0.57947433,0.42424244,0.57947433,0.33267507,-0.034146342,0.19345376164565442,0,"{""type"":""MultiPoint"",""coordinates"":[]}"
3777_0,0.14230019,0.13432837,0.12952814,0.1240265,0.12527798,0.080056846,0.12093925,0.10435189,0.09482289,0.15008247,0.18057922,0.14075816,0.18057922,0.12725432,0.080056846,0.025309316772894795,0,"{""type"":""MultiPoint"",""coordinates"":[]}"
3778_0,0.39042935,0.32929668,0.25413534,0.30446026,0.3721643,0.45327714,0.5572917,0.48559877,0.35938305,0.57749,0.32622603,0.51784414,0.57749,0.41063306,0.25413534,0.1009544118290592,0,"{""type"":""MultiPoint"",""coordinates"":[]}"
3779_0,0.5000649,0.3907357,0.44622424,0.59598726,0.66842467,0.64681786,0.656321,0.685546,0.7902897,0.8255745,0.7940663,0.62627894,0.8255745,0.6355276,0.3907357,0.13073685530001863,0,"{""type"":""MultiPoint"",""coordinates"":[]}"
3780_0,0.55594045,0.6046065,0.4303285,0.6404669,0.7342354,0.6968049,0.6668391,0.6150384,0.8506673,0.8794549,0.7504841,0.7808383,0.8794549,0.68380874,0.4303285,0.12126509254890261,0,"{""type"":""MultiPoint"",""coordinates"":[]}"
3781_0,0.6090958,0.52649575,0.35952747,0.537192,0.71081084,0.77724165,0.7934094,0.67980653,0.794971,0.74152243,0.58204687,0.6403532,0.794971,0.6460394,0.35952747,0.12559354241011111,0,"{""type"":""MultiPoint"",""coordinates"":[]}"
3782_0,0.4289448,0.43488944,0.3291519,0.41817242,0.17967072,0.2994924,0.2121426,0.5251662,0.67487437,0.5540091,0.417979,0.3098872,0.67487437,0.39869833,0.17967072,0.13684128849641217,0,"{""type"":""MultiPoint"",""coordinates"":[]}"
3783_0,0.5404061,0.8000271,0.6296835,0.19023569,0.742253,0.7291451,0.6545704,0.36611062,0.39148757,0.5148583,0.06535948,0.24880709,0.8000271,0.489412,0.06535948,0.22732020589097968,0,"{""type"":""MultiPoint"",""coordinates"":[]}"
3784_0,0.0032651657,0.001961134,0.045749143,-0.024088355,-0.033764366,-0.05258126,-0.015937606,-0.025420694,-0.006178862,-0.013257124,-0.032973807,-0.0096526835,0.045749143,-0.013573277,-0.05258126,0.023587338891991265,0,"{""type"":""MultiPoint"",""coordinates"":[]}"
3785_0,0.4496794,0.42888048,0.38930535,0.37622988,0.5630091,0.5315395,0.5186938,0.5169569,0.24641298,0.7449261,0.32975152,0.5525791,0.7449261,0.47066367,0.24641298,0.12465994030762918,0,"{""type"":""MultiPoint"",""coordinates"":[]}"
3786_0,0.19822599,0.20218153,0.20898168,0.15760747,0.4582104,0.6132479,0.56492543,0.13767761,0.40009272,0.6751779,0.32336375,0.19789228,0.6751779,0.3447987,0.13767761,0.18390236069469562,0,"{""type"":""MultiPoint"",""coordinates"":[]}"
3787_0,0.15539066,0.15663716,0.1266433,0.14779745,0.5068493,0.75330955,0.57377046,0.13289581,0.5848214,0.5420866,0.35033512,0.31906927,0.75330955,0.36246717,0.1266433,0.21245270482093775,0,"{""type"":""MultiPoint"",""coordinates"":[]}"
3788_0,0.5037874,0.48572174,0.3523113,0.027155364,0.60451424,0.55892444,0.5962612,0.5618609,0.5506861,0.59341824,0.4912611,0.54456276,0.60451424,0.4892054,0.027155364,0.15412670774581508,0,"{""type"":""MultiPoint"",""coordinates"":[]}"
3789_0,0.5494476,0.5672878,0.49513233,0.57835114,0.69061303,0.6296702,0.5336084,0.6359939,0.7843531,0.6079602,0.44748202,0.5020161,0.7843531,0.58515966,0.44748202,0.08857912945856877,0,"{""type"":""MultiPoint"",""coordinates"":[]}"
3790_0,0.30893573,0.11474135,0.12186978,0.09576243,0.1459807,0.21278284,0.20104694,0.33196384,0.4898967,0.51638067,0.40286833,0.35175344,0.51638067,0.27449855,0.09576243,0.14092667398752398,0,"{""type"":""MultiPoint"",""coordinates"":[]}"
3791_0,0.6715889,0.72079265,0.59505093,0.7028213,0.8053661,0.46587095,0.5646481,0.6196822,0.7536946,0.76364726,0.70662373,0.7532934,0.8053661,0.67692333,0.46587095,0.0941537143383333,0,"{""type"":""MultiPoint"",""coordinates"":[]}"
3792_0,0.414375,0.39645714,0.2523086,0.3979314,0.64951605,0.5940075,0.59584415,0.5003728,0.7812207,0.78005946,0.7827912,0.72534335,0.7827912,0.57251894,0.2523086,0.17208557506496938,0,"{""type"":""MultiPoint"",""coordinates"":[]}"
3793_0,0.29547396,0.25927532,0.2206991,0.37122557,0.62476546,0.49194288,0.678358,0.60593355,0.40490228,0.60230803,0.52501124,0.60883003,0.678358,0.47406045,0.2206991,0.1519160092515945,0,"{""type"":""MultiPoint"",""coordinates"":[]}"
3794_0,0.28906596,0.27891156,0.3319737,0.5934164,0.4637855,0.4935116,0.607503,0.35981488,0.62055147,0.3930827,0.30718955,0.35297158,0.62055147,0.42431483,0.27891156,0.12210423577396198,0,"{""type"":""MultiPoint"",""coordinates"":[]}"
3795_0,0.44434908,0.42044833,0.3664443,0.42675757,0.50296897,0.536637,0.4888179,0.45476285,0.7445216,0.7447081,0.6389589,0.5815344,0.7447081,0.5292424,0.3664443,0.11955420730239254,0,"{""type"":""MultiPoint"",""coordinates"":[]}"
3796_0,0.49611542,0.4750934,0.40781206,0.56984276,0.5479786,0.44889128,0.24435592,0.30991736,0.5774436,0.76307994,0.70553714,0.65581393,0.76307994,0.5168235,0.24435592,0.14684094028287675,0,"{""type"":""MultiPoint"",""coordinates"":[]}"
3797_0,0.4652644,0.47278184,0.21425223,0.19020581,0.23463498,0.17345098,0.22130854,0.2524851,0.23234624,-0.17848791,-0.060064934,-0.15582451,0.47278184,0.17186272,-0.17848791,0.1998397513776358,0,"{""type"":""MultiPoint"",""coordinates"":[]}"
3798_0,0.5361422,0.43338954,0.33158448,0.43244508,0.5189605,0.44481605,0.41804016,0.5538255,0.66811556,0.75,0.76599234,0.7324746,0.76599234,0.5488155,0.33158448,0.14102417679120818,0,"{""type"":""MultiPoint"",""coordinates"":[]}"
3799_0,0.36165908,0.34233767,0.26878914,0.25588575,0.46205172,0.51736915,0.41281995,0.46423286,0.24346702,0.58078605,0.40124372,0.23155065,0.58078605,0.37851605,0.23155065,0.1098182202814197,0,"{""type"":""MultiPoint"",""coordinates"":[]}"
3800_0,0.33020803,0.31623375,0.3131372,0.4046427,0.51696205,0.3423313,0.43092585,0.4663909,0.22121604,0.2411953,0.4726905,0.24840085,0.51696205,0.35869452,0.22121604,0.09433959247630291,0,"{""type"":""MultiPoint"",""coordinates"":[]}"
3801_0,0.40642303,0.40466705,0.2757047,0.58375853,0.5335934,0.48255813,0.5022144,0.44940048,0.78241324,0.6635945,0.51834553,0.24338283,0.78241324,0.48717132,0.24338283,0.14430906238560484,0,"{""type"":""MultiPoint"",""coordinates"":[]}"
3802_0,0.3759224,0.33706173,0.33096084,0.44404656,0.486415,0.3800375,0.42566,0.51427275,0.29745713,0.59267294,0.4827935,0.4347032,0.59267294,0.42516696,0.29745713,0.08212119061999099,0,"{""type"":""MultiPoint"",""coordinates"":[]}"
3803_0,0.6302112,0.62347186,0.5128143,0.58470976,0.58470476,0.61695904,0.5068836,0.5985748,0.52732366,0.58975786,0.46870452,0.5876594,0.6302112,0.56931454,0.46870452,0.04997618641820479,0,"{""type"":""MultiPoint"",""coordinates"":[]}"
3804_0,0.29992774,0.26223946,0.25737748,0.3018823,0.26806864,0.41547012,0.35935578,0.25940794,0.2743727,0.31344846,0.31998932,0.2942943,0.41547012,0.30215284,0.25737748,0.04470645342172634,0,"{""type"":""MultiPoint"",""coordinates"":[]}"
3805_0,0.17642671,0.1670282,0.1603192,0.1594203,0.103296705,0.167995,0.13420394,0.17467901,0.25378153,0.2930403,0.48723188,0.38624874,0.48723188,0.22197261,0.103296705,0.10922315589200501,0,"{""type"":""MultiPoint"",""coordinates"":[]}"
3806_0,0.24001019,0.25387493,0.20660305,0.21343873,0.24433498,0.27018246,0.2737545,0.26082474,0.44538528,0.51169115,0.5209677,0.50098014,0.5209677,0.328504,0.20660305,0.12026823850402765,0,"{""type"":""MultiPoint"",""coordinates"":[]}"
3807_0,0.63457763,0.6043956,0.48099342,0.6925445,0.83868206,0.82072175,0.83309704,0.82554775,0.49131122,0.8707287,0.8254495,0.81571144,0.8707287,0.72781336,0.48099342,0.13578975416269806,0,"{""type"":""MultiPoint"",""coordinates"":[]}"
3808_0,0.6041237,0.62305343,0.45208365,0.57723576,0.73443985,0.63417304,0.6790498,0.5922246,0.3888109,0.7356143,0.7803539,0.7176781,0.7803539,0.6265701,0.3888109,0.11157703186944011,0,"{""type"":""MultiPoint"",""coordinates"":[]}"
3809_0,0.5986003,0.6026423,0.42938933,0.5516367,0.74731874,0.2911428,0.7407486,0.7140808,0.7468127,0.79591835,0.4509178,0.7314766,0.79591835,0.6167238,0.2911428,0.15206071255553025,0,"{""type"":""MultiPoint"",""coordinates"":[]}"
3810_0,0.520623,0.5153106,0.4748182,0.5387146,0.585721,0.44344702,0.5247525,0.49362305,0.6273585,0.69085515,0.34968412,0.5969037,0.69085515,0.53015095,0.34968412,0.08549582644334383,0,"{""type"":""MultiPoint"",""coordinates"":[]}"
3811_0,0.62034297,0.62285715,0.44053644,0.59613377,0.7214721,0.7140385,0.7449977,0.6678379,0.84507966,0.7828635,0.7418767,0.71658987,0.84507966,0.6845522,0.44053644,0.10049993593459436,0,"{""type"":""MultiPoint"",""coordinates"":[]}"
3812_0,0.22113337,0.24963418,0.26140684,0.34696674,0.5616993,0.4215017,0.45746103,0.56288946,0.48963547,0.4059314,0.33825338,0.19469027,0.56288946,0.3759336,0.19469027,0.12252604570612038,0,"{""type"":""MultiPoint"",""coordinates"":[]}"
3813_0,0.55596066,0.5754409,0.48908556,0.434225,0.573616,0.69377244,0.649635,0.59770113,0.1691071,0.68917197,0.59683794,0.7443043,0.7443043,0.5640715,0.1691071,0.14527217753309415,0,"{""type"":""MultiPoint"",""coordinates"":[]}"
3814_0,0.2838095,0.11277072,0.10389171,0.22323571,0.21759413,0.33283246,0.47175902,0.31422147,-0.05882353,0.16613077,0.12444837,0.15897436,0.47175902,0.20423706,-0.05882353,0.13056788457136553,0,"{""type"":""MultiPoint"",""coordinates"":[]}"
3815_0,0.6367359,0.65426695,0.51984876,0.6471471,0.74819404,0.8,0.762789,0.75400543,0.831733,0.7890097,0.7535642,0.7374037,0.831733,0.7195581,0.51984876,0.08439868757230996,0,"{""type"":""MultiPoint"",""coordinates"":[]}"
3816_0,0.22514117,0.21877037,0.3019305,0.19757248,0.15974194,0.27761978,0.1628803,0.18043223,0.03549998,0.12403644,-0.038527105,0.18776414,0.3019305,0.16940519,-0.038527105,0.09102634259372856,0,"{""type"":""MultiPoint"",""coordinates"":[]}"
3817_0,0.46731845,0.45230046,0.4369035,0.560595,0.55378485,0.5950349,0.6313214,0.4854855,0.40811455,0.64682925,0.6196447,0.49387255,0.64682925,0.5292671,0.40811455,0.07876763930104451,0,"{""type"":""MultiPoint"",""coordinates"":[]}"
3818_0,0.32063147,0.36141148,0.264738,0.38855922,0.38214287,0.52112675,0.4789607,0.3776479,0.39685658,0.60384834,0.46048442,0.42154217,0.60384834,0.41482916,0.264738,0.08707646086569096,0,"{""type"":""MultiPoint"",""coordinates"":[]}"
3819_0,0.61795294,0.6177905,0.47997865,0.69431436,0.7099744,0.743273,0.72712606,0.7457627,0.6905293,0.789071,0.7203065,0.6741138,0.789071,0.68418276,0.47997865,0.0779088777582441,0,"{""type"":""MultiPoint"",""coordinates"":[]}"
3820_0,0.25821596,0.27606753,0.1834943,0.19109195,0.3023569,0.43740243,0.32359812,0.44198895,0.42750233,0.74982333,0.50345385,0.06048704,0.74982333,0.34629023,0.06048704,0.17296442649910876,0,"{""type"":""MultiPoint"",""coordinates"":[]}"
3821_0,0.1393643,0.1406629,0.21664974,0.051463597,0.16459534,0.28029832,0.05961426,0.26950866,-0.08243535,-0.0011648224,0.3989336,0.012515872,0.3989336,0.13750054,-0.08243535,0.13224549905368713,0,"{""type"":""MultiPoint"",""coordinates"":[]}"
3822_0,0.6834452,0.6787565,0.51837164,0.23263623,0.81425583,0.812728,0.8524035,0.7858619,0.72209376,0.82792526,0.82215655,0.71827346,0.8524035,0.7057423,0.23263623,0.1683789550279972,0,"{""type"":""MultiPoint"",""coordinates"":[]}"
3823_0,0.5310188,0.6179517,0.43815622,0.54680437,0.6158586,0.4961605,0.58877224,0.6872385,0.6482317,0.5171155,0.6439082,0.629912,0.6872385,0.58009404,0.43815622,0.07079220083365396,0,"{""type"":""MultiPoint"",""coordinates"":[]}"
3824_0,0.40578035,0.49753124,0.4862915,0.5584989,0.5068718,0.501201,0.37922704,0.43440235,0.49747476,0.55639356,0.59645885,0.47353563,0.59645885,0.4911389,0.37922704,0.06033266365896752,0,"{""type"":""MultiPoint"",""coordinates"":[]}"
3825_0,0.33987305,0.32620922,0.2651691,0.094820715,0.35296592,0.5471113,0.38105825,0.36513934,0.6191159,0.69497204,0.5583039,0.51680803,0.69497204,0.42179558,0.094820715,0.1617163284897279,0,"{""type"":""MultiPoint"",""coordinates"":[]}"
3826_0,0.4987593,0.5296252,0.4044895,0.4425175,0.46977025,0.54302055,0.4845113,0.5026738,0.6398925,0.60443366,0.49366173,0.54395795,0.6398925,0.51310945,0.4044895,0.06238578426993937,0,"{""type"":""MultiPoint"",""coordinates"":[]}"
3827_0,0.49355942,0.5303699,0.49652925,0.6594223,0.78389174,0.7806926,0.79506224,0.75180376,0.8243073,0.7988372,0.72296476,0.7160714,0.8243073,0.696126,0.49355942,0.11745042686140578,0,"{""type"":""MultiPoint"",""coordinates"":[]}"
3828_0,0.39110342,0.37240398,0.38010707,0.35833782,0.49825785,0.45360702,0.48730233,0.5344665,0.54469395,0.4115192,0.41958043,0.45641026,0.54469395,0.44231582,0.35833782,0.06079364518544486,0,"{""type"":""MultiPoint"",""coordinates"":[]}"
3829_0,0.37123746,0.38071853,0.38426852,0.41503268,0.4213305,0.58894444,0.7058396,0.6195874,0.4126394,0.27204266,0.5043062,0.6619559,0.7058396,0.47815862,0.27204266,0.1298435856388705,0,"{""type"":""MultiPoint"",""coordinates"":[]}"
3830_0,0.64894795,0.3596951,0.17852806,0.11689384,0.75998026,0.771529,0.85724413,0.63858575,0.28627452,0.8406561,0.7507328,0.6021047,0.85724413,0.5675977,0.11689384,0.25171358629409873,0,"{""type"":""MultiPoint"",""coordinates"":[]}"
